date,btc_price,total_volume,eth_price,total_market_cap,btc_mcap,eth_mcap,total_mcap,btc_dominance,eth_dominance,alt_dominance,fear_greed,Extreme Fear,Fear,Neutral,Greed,Extreme Greed,inflation_12m,month,is_jan,is_feb,is_mar,is_apr,is_may,is_jun,is_jul,is_aug,is_sep,is_oct,is_nov,is_dec,halving_year
2018-02-01 00:00:00,10114.495086226,3225562144.838607,1106.1381723552724,509509728929.81366,170304196700.15707,107663538775.87932,509509728929.81366,0.3342511183405036,0.2113081118235335,0.4544407698359628,30.0,0.0,1.0,0.0,0.0,0.0,2.263468931091861,February,0,1,0,0,0,0,0,0,0,0,0,0,0
2018-02-02 00:00:00,9070.55544937356,4769515274.345698,1021.2693786534148,449747622775.9546,152744180864.1639,99423764457.44884,449747622775.9546,0.3396219860405013,0.2210656808896077,0.439312333069891,15.0,1.0,0.0,0.0,0.0,0.0,2.263468931091861,February,0,1,0,0,0,0,0,0,0,0,0,0,0
2018-02-03 00:00:00,8830.16351005472,6813550017.173829,914.6388425021536,424594289512.42224,148715185541.37634,89061856063.48083,424594289512.42224,0.3502524391276002,0.209757545646113,0.4399900152262866,40.0,0.0,1.0,0.0,0.0,0.0,2.263468931091861,February,0,1,0,0,0,0,0,0,0,0,0,0,0
2018-02-04 00:00:00,8994.91486607664,3422042094.7330213,941.8032295185238,443951602349.1063,151507305722.97018,91725607014.4353,443951602349.1063,0.3412698702320049,0.2066117264338779,0.4521184033341171,24.0,1.0,0.0,0.0,0.0,0.0,2.263468931091861,February,0,1,0,0,0,0,0,0,0,0,0,0,0
2018-02-05 00:00:00,8315.51749143615,3337096341.0061126,834.8891703333355,398166865002.4254,140081544557.2351,81329819333.7154,398166865002.4254,0.3518161777635158,0.20426064166143,0.4439231805750542,11.0,1.0,0.0,0.0,0.0,0.0,2.263468931091861,February,0,1,0,0,0,0,0,0,0,0,0,0,0
2018-02-06 00:00:00,6852.05270051491,5313588642.981379,684.3133397266745,322475216615.3219,115444836533.44772,66675677460.41152,322475216615.3219,0.3579959965455607,0.2067621758975307,0.4352418275569084,8.0,1.0,0.0,0.0,0.0,0.0,2.263468931091861,February,0,1,0,0,0,0,0,0,0,0,0,0,0
2018-02-07 00:00:00,7711.2203289411,9152685412.95559,785.7389155049871,370037149553.9821,129936854004.4166,76574516020.88303,370037149553.9821,0.3511454300224551,0.2069373740263127,0.4419171959512321,36.0,0.0,1.0,0.0,0.0,0.0,2.263468931091861,February,0,1,0,0,0,0,0,0,0,0,0,0,0
2018-02-08 00:05:28,7611.61027778882,4862232217.401406,785.7389155049871,370037149553.9821,129936854004.4166,76574516020.88303,370037149553.9821,0.3511454300224551,0.2069373740263127,0.4419171959512321,36.0,0.0,1.0,0.0,0.0,0.0,2.263468931091861,February,0,1,0,0,0,0,0,0,0,0,0,0,0
2018-02-09 00:00:00,8208.57208449673,3190753947.378832,807.8227505154956,390285958627.4514,138345016554.78464,78759712266.80615,390285958627.4514,0.3544709039528687,0.2018000149013468,0.4437290811457843,44.0,0.0,1.0,0.0,0.0,0.0,2.263468931091861,February,0,1,0,0,0,0,0,0,0,0,0,0,0
2018-02-10 00:00:00,8650.71675042998,2960039948.907384,871.3268829432668,420525387064.44775,145812043727.55478,84968804616.78447,420525387064.44775,0.3467377908987176,0.2020539240446916,0.4512082850565907,54.0,0.0,0.0,1.0,0.0,0.0,2.263468931091861,February,0,1,0,0,0,0,0,0,0,0,0,0,0
2018-02-11 00:00:00,8574.67763849023,3371677737.5319858,854.3498784217315,419856119234.1599,144544944416.7482,83330877020.24867,419856119234.1599,0.3442725681369273,0.1984748422203507,0.4572525896427219,31.0,0.0,1.0,0.0,0.0,0.0,2.263468931091861,February,0,1,0,0,0,0,0,0,0,0,0,0,0
2018-02-12 00:00:00,8168.63777979963,2806997176.95887,817.2905243571003,399930046139.1735,137716289625.30893,79732678121.41658,399930046139.1735,0.3443509457586099,0.1993665614552751,0.4562824927861147,42.0,0.0,1.0,0.0,0.0,0.0,2.263468931091861,February,0,1,0,0,0,0,0,0,0,0,0,0,0
2018-02-13 00:00:00,8911.3985742083,3069219870.565569,862.7487725902944,431393692897.3545,150256428069.51227,84185155652.77072,431393692897.3545,0.3483046473404612,0.1951469319993087,0.45654842066023,35.0,0.0,1.0,0.0,0.0,0.0,2.263468931091861,February,0,1,0,0,0,0,0,0,0,0,0,0,0
2018-02-14 00:00:00,8518.26907619091,2551515988.2160945,833.7791837295838,412899093662.9667,143645913955.80325,81375375877.96892,412899093662.9667,0.3478959294424021,0.1970829607690842,0.4550211097885135,55.0,0.0,0.0,0.0,1.0,0.0,2.263468931091861,February,0,1,0,0,0,0,0,0,0,0,0,0,0
2018-02-15 00:00:00,9428.02560716167,3282094240.879327,915.076543018882,458469927388.0856,159007423075.0244,89328231140.60481,458469927388.0856,0.3468219256623736,0.1948398920066795,0.4583381823309468,71.0,0.0,0.0,0.0,1.0,0.0,2.263468931091861,February,0,1,0,0,0,0,0,0,0,0,0,0,0
2018-02-16 00:00:00,10112.5801434467,4332356645.963475,928.2935214045194,476377854835.7567,170569769073.98798,90637629785.66489,476377854835.7567,0.3580556219029035,0.1902641545269028,0.4516802235701936,67.0,0.0,0.0,0.0,1.0,0.0,2.263468931091861,February,0,1,0,0,0,0,0,0,0,0,0,0,0
2018-02-17 00:00:00,10155.2770555258,3141038601.332415,934.6767104527536,481336456450.1996,171309236631.063,91279135809.19406,481336456450.1996,0.3559033070016111,0.1896368633333263,0.4544598296650626,74.0,0.0,0.0,0.0,1.0,0.0,2.263468931091861,February,0,1,0,0,0,0,0,0,0,0,0,0,0
2018-02-18 00:00:00,11006.647685962,3699819140.1747103,964.2765079107336,510042714808.1138,185692327611.28845,94190008583.4062,510042714808.1138,0.3640721104724511,0.1846708243227079,0.4512570652048409,63.0,0.0,0.0,0.0,1.0,0.0,2.263468931091861,February,0,1,0,0,0,0,0,0,0,0,0,0,0
2018-02-19 00:00:00,10523.429305801,4740378626.743881,915.0920469360246,479705345866.07465,177561296505.31497,89404389580.2483,479705345866.07465,0.3701465869319017,0.1863735527458734,0.4434798603222248,67.0,0.0,0.0,0.0,1.0,0.0,2.263468931091861,February,0,1,0,0,0,0,0,0,0,0,0,0,0
2018-02-20 00:00:00,11103.0900361497,3486171704.866562,928.2902425457684,497434990553.5726,187364222442.60483,90713108252.71552,497434990553.5726,0.3766607215027149,0.1823617356546733,0.4409775428426118,74.0,0.0,0.0,0.0,1.0,0.0,2.263468931091861,February,0,1,0,0,0,0,0,0,0,0,0,0,0
2018-02-21 00:00:00,11502.3770496396,4225354045.1790047,902.9690554385094,492645031507.0118,194121879194.2264,88256609941.35635,492645031507.0118,0.3940400628834181,0.1791484827754732,0.4268114543411087,54.0,0.0,0.0,1.0,0.0,0.0,2.263468931091861,February,0,1,0,0,0,0,0,0,0,0,0,0,0
2018-02-22 00:00:00,9973.59211951887,4574800113.397884,809.1296597083212,432080335004.493,168362084194.4766,79118626282.25874,432080335004.493,0.3896545863229945,0.1831109168192901,0.4272344968577153,44.0,0.0,1.0,0.0,0.0,0.0,2.263468931091861,February,0,1,0,0,0,0,0,0,0,0,0,0,0
2018-02-23 00:00:00,10032.863112314,4626064156.354444,812.4468626177468,431888665293.3168,169362253983.19455,79442544254.30933,431888665293.3168,0.3921433174639402,0.1839421838041431,0.4239144987319166,39.0,0.0,1.0,0.0,0.0,0.0,2.263468931091861,February,0,1,0,0,0,0,0,0,0,0,0,0,0
2018-02-24 00:00:00,10301.883609336,4009462976.493817,864.6697536212578,450797026347.2945,173922837770.0662,84567348658.27484,450797026347.2945,0.3858118567891259,0.1875951785740575,0.4265929646368165,31.0,0.0,1.0,0.0,0.0,0.0,2.263468931091861,February,0,1,0,0,0,0,0,0,0,0,0,0,0
2018-02-25 00:00:00,9742.62819006538,3465387501.6656966,828.7233989886703,427163687887.52185,164497574061.05917,81068136131.60957,427163687887.52185,0.3850925973473046,0.1897823678143633,0.4251250348383319,33.0,0.0,1.0,0.0,0.0,0.0,2.263468931091861,February,0,1,0,0,0,0,0,0,0,0,0,0,0
2018-02-26 00:00:00,9699.51718151529,2743650277.5619,842.6280247519165,430889598808.3318,163790896885.65796,82445384433.1456,430889598808.3318,0.3801226516923083,0.1913376063408273,0.4285397419668644,37.0,0.0,1.0,0.0,0.0,0.0,2.263468931091861,February,0,1,0,0,0,0,0,0,0,0,0,0,0
2018-02-27 00:00:00,10355.5781264856,3646748812.403751,863.6502752378826,449295534633.3624,174886939893.19846,84519903484.51317,449295534633.3624,0.3892470020560321,0.188116500097166,0.4226364978468019,44.0,0.0,1.0,0.0,0.0,0.0,2.263468931091861,February,0,1,0,0,0,0,0,0,0,0,0,0,0
2018-02-28 00:00:00,10709.3884310463,3398119467.1062694,869.2632438249697,457445844393.74567,180884108725.4301,85086932065.08655,457445844393.74567,0.3954219082810914,0.1860043830496537,0.4185737086692548,41.0,0.0,1.0,0.0,0.0,0.0,2.263468931091861,February,0,1,0,0,0,0,0,0,0,0,0,0,0
2018-03-01 00:00:00,10346.664931035,3182259829.3149323,846.3652117960792,438518397015.3506,174778709347.89926,82862945950.985,438518397015.3506,0.3985664239801119,0.188961162211136,0.4124724138087521,38.0,0.0,1.0,0.0,0.0,0.0,2.3309497646499366,March,0,0,1,0,0,0,0,0,0,0,0,0,0
2018-03-02 00:00:00,10859.5521943893,2892166041.0523987,855.6787797305122,455185055708.3396,183463718171.25656,83792455743.35178,455185055708.3396,0.4030530349590632,0.1840843733609785,0.4128625916799582,47.0,0.0,0.0,1.0,0.0,0.0,2.3309497646499366,March,0,0,1,0,0,0,0,0,0,0,0,0,0
2018-03-03 00:00:00,11098.0758092511,3031487197.1333075,850.4429895810156,457584629831.45087,187514886761.3877,83297136123.66147,457584629831.45087,0.4097928001437852,0.1820365691792217,0.4081706306769931,56.0,0.0,0.0,0.0,1.0,0.0,2.3309497646499366,March,0,0,1,0,0,0,0,0,0,0,0,0,0
2018-03-04 00:00:00,11356.0416016724,3019436740.238814,844.2552535175925,459200426034.0935,191899353575.2401,82708301723.55193,459200426034.0935,0.4178989014287031,0.1801137303766595,0.4019873681946373,44.0,0.0,1.0,0.0,0.0,0.0,2.3309497646499366,March,0,0,1,0,0,0,0,0,0,0,0,0,0
2018-03-05 00:00:00,11286.6762891691,2580256309.470718,843.7565763098702,462113461666.2707,190747933122.9373,82676499793.85762,462113461666.2707,0.4127729420284486,0.178909524720933,0.4083175332506182,55.0,0.0,0.0,0.0,1.0,0.0,2.3309497646499366,March,0,0,1,0,0,0,0,0,0,0,0,0,0
2018-03-06 00:00:00,11526.4209302906,2693945511.008508,840.1509954642488,463401048097.07794,194821583687.4345,82340571913.28821,463401048097.07794,0.4204167955326275,0.1776874960715209,0.4018957083958516,59.0,0.0,0.0,0.0,1.0,0.0,2.3309497646499366,March,0,0,1,0,0,0,0,0,0,0,0,0,0
2018-03-07 00:00:00,10727.716249205,3618749298.786025,808.4491332246333,435770024609.5234,181342656441.09247,79250313700.00667,435770024609.5234,0.41614302544923,0.1818627010222187,0.4019942735285512,37.0,0.0,1.0,0.0,0.0,0.0,2.3309497646499366,March,0,0,1,0,0,0,0,0,0,0,0,0,0
2018-03-08 00:00:00,9999.68248604677,4896773758.150409,752.5931712474129,440522102397.5349,169056252057.66943,73790376421.96692,440522102397.5349,0.3837633824445659,0.1675066381921903,0.4487299793632437,39.0,0.0,1.0,0.0,0.0,0.0,2.3309497646499366,March,0,0,1,0,0,0,0,0,0,0,0,0,0
2018-03-09 00:00:00,9420.85488958591,4028135943.9580393,699.1898984866136,379314520851.7897,159289105130.23843,68568491974.3163,379314520851.7897,0.4199393811039408,0.180769488656376,0.3992911302396831,37.0,0.0,1.0,0.0,0.0,0.0,2.3309497646499366,March,0,0,1,0,0,0,0,0,0,0,0,0,0
2018-03-10 00:00:00,9276.33759031006,5476476288.950579,710.8916532666208,379006508749.5854,156862284242.87494,69730146644.19576,379006508749.5854,0.4138775472758857,0.1839813961882838,0.4021410565358303,39.0,0.0,1.0,0.0,0.0,0.0,2.3309497646499366,March,0,0,1,0,0,0,0,0,0,0,0,0,0
2018-03-11 00:00:00,8890.86580399612,3260891795.801318,684.934340074043,363525443056.54,150359761907.83084,67198010840.67886,363525443056.54,0.4136155110453851,0.1848509151812722,0.4015335737733426,40.0,0.0,1.0,0.0,0.0,0.0,2.3309497646499366,March,0,0,1,0,0,0,0,0,0,0,0,0,0
2018-03-12 00:00:00,9512.45611286134,3876612721.9476624,713.1953300017516,385543101048.5854,160888688653.47745,69985307146.27713,385543101048.5854,0.4173040270099466,0.181523951423158,0.4011720215668953,41.0,0.0,1.0,0.0,0.0,0.0,2.3309497646499366,March,0,0,1,0,0,0,0,0,0,0,0,0,0
2018-03-13 00:00:00,9232.70587979953,4019736166.690967,695.3142030222126,374170128736.23474,156177221215.63092,68245214878.50092,374170128736.23474,0.4173962837255925,0.1823908688515573,0.4002128474228502,41.0,0.0,1.0,0.0,0.0,0.0,2.3309497646499366,March,0,0,1,0,0,0,0,0,0,0,0,0,0
2018-03-14 00:00:00,9216.53097626842,3628990704.006424,684.6415843660401,372165035374.659,155921695042.49033,67211282137.89535,372165035374.659,0.4189584733168814,0.1805953696596824,0.4004461570234361,40.0,0.0,1.0,0.0,0.0,0.0,2.3309497646499366,March,0,0,1,0,0,0,0,0,0,0,0,0,0
2018-03-15 00:00:00,8307.22338626638,4020163253.192984,608.3931488499501,332610784116.392,140553335048.27603,59738408621.9634,332610784116.392,0.4225760010207353,0.1796045452364492,0.3978194537428153,32.0,0.0,1.0,0.0,0.0,0.0,2.3309497646499366,March,0,0,1,0,0,0,0,0,0,0,0,0,0
2018-03-16 00:00:00,8359.36528334063,4571407139.639841,612.4435397197692,333089848827.4542,141449655895.93512,60148621435.96764,333089848827.4542,0.4246591614660951,0.1805777679737264,0.3947630705601784,33.0,0.0,1.0,0.0,0.0,0.0,2.3309497646499366,March,0,0,1,0,0,0,0,0,0,0,0,0,0
2018-03-17 00:00:00,8520.00815917187,3070872383.1616874,607.879487479319,336752176539.593,144184737078.2775,59712695037.70924,336752176539.593,0.4281627473351319,0.1773194034001696,0.3945178492646984,31.0,0.0,1.0,0.0,0.0,0.0,2.3309497646499366,March,0,0,1,0,0,0,0,0,0,0,0,0,0
2018-03-18 00:00:00,8063.4097921227,2591898944.228953,560.1094330840288,313953472184.7268,136472702736.8598,55031620530.23653,313953472184.7268,0.4346908533521831,0.1752859114673416,0.3900232351804752,29.0,0.0,1.0,0.0,0.0,0.0,2.3309497646499366,March,0,0,1,0,0,0,0,0,0,0,0,0,0
2018-03-19 00:00:00,8217.84219996114,4330642347.54297,538.6905900543026,314421815382.53326,139102798580.5772,52938616457.57076,314421815382.53326,0.4424082292487922,0.1683681407193847,0.389223630031823,29.0,0.0,1.0,0.0,0.0,0.0,2.3309497646499366,March,0,0,1,0,0,0,0,0,0,0,0,0,0
2018-03-20 00:00:00,8640.52143024258,4276409099.704472,555.0775482373977,334862684365.81866,146274523240.43362,54560292401.575806,334862684365.81866,0.4368194190327786,0.1629333304333538,0.4002472505338676,37.0,0.0,1.0,0.0,0.0,0.0,2.3309497646499366,March,0,0,1,0,0,0,0,0,0,0,0,0,0
2018-03-21 00:00:00,8926.82049620007,3554700592.279649,554.2098259834895,346176519131.8738,151135311240.4029,54486305509.98849,346176519131.8738,0.4365845251994946,0.1573945732848283,0.406020901515677,36.0,0.0,1.0,0.0,0.0,0.0,2.3309497646499366,March,0,0,1,0,0,0,0,0,0,0,0,0,0
2018-03-22 00:00:00,8970.31790627893,3081152046.0236883,561.1465342247278,348307874499.3486,151888445786.24927,55179662649.94952,348307874499.3486,0.4360752567095158,0.1584220934690717,0.4055026498214124,36.0,0.0,1.0,0.0,0.0,0.0,2.3309497646499366,March,0,0,1,0,0,0,0,0,0,0,0,0,0
2018-03-23 00:00:00,8736.38576909829,2931676659.5938525,537.7059724380829,340957862412.6163,147943048662.1316,52885690223.31916,340957862412.6163,0.4339042004055494,0.1551091675936148,0.4109866320008358,28.0,0.0,1.0,0.0,0.0,0.0,2.3309497646499366,March,0,0,1,0,0,0,0,0,0,0,0,0,0
2018-03-24 00:00:00,8824.59283177853,2877067842.098429,538.109029163154,342777670624.031,149451318665.61404,52936241666.49759,342777670624.031,0.4360007418030937,0.1544331682111221,0.4095660899857841,32.0,0.0,1.0,0.0,0.0,0.0,2.3309497646499366,March,0,0,1,0,0,0,0,0,0,0,0,0,0
2018-03-25 00:00:00,8621.15079225785,2444371384.2694945,519.4855998398031,335443132826.32715,146022681302.7956,51114768972.69823,335443132826.32715,0.4353127758868076,0.1523798342271101,0.4123073898860822,30.0,0.0,1.0,0.0,0.0,0.0,2.3309497646499366,March,0,0,1,0,0,0,0,0,0,0,0,0,0
2018-03-26 00:00:00,8478.63819558905,2066020545.3926065,519.3780445915389,334599139693.36346,143623891714.18073,51114766847.01147,334599139693.36346,0.4292416646552107,0.1527641908878025,0.4179941444569868,31.0,0.0,1.0,0.0,0.0,0.0,2.3309497646499366,March,0,0,1,0,0,0,0,0,0,0,0,0,0
2018-03-27 00:00:00,8186.19606281355,2972024162.97679,487.5396120553992,319070597841.48004,138684803358.9432,47991343456.18946,319070597841.48004,0.4346524070132099,0.1504097957657396,0.4149377972210504,24.0,1.0,0.0,0.0,0.0,0.0,2.3309497646499366,March,0,0,1,0,0,0,0,0,0,0,0,0,0
2018-03-28 00:00:00,7836.76304425289,2653185409.403986,449.0522524920757,302986357514.43976,132779843611.38556,44211929435.11478,302986357514.43976,0.4382370371413753,0.1459205285604574,0.4158424342981672,24.0,1.0,0.0,0.0,0.0,0.0,2.3309497646499366,March,0,0,1,0,0,0,0,0,0,0,0,0,0
2018-03-29 00:00:00,7930.77954092755,2033730316.7590544,443.9491009578748,304858935304.54755,134386559681.90623,43718505250.02615,304858935304.54755,0.4408155514538451,0.1434056876382918,0.415778760907863,18.0,1.0,0.0,0.0,0.0,0.0,2.3309497646499366,March,0,0,1,0,0,0,0,0,0,0,0,0,0
2018-03-30 00:00:00,7126.89519256736,3680239216.3167896,385.3270956688641,269997090682.8624,120777974799.76305,37953505528.35885,269997090682.8624,0.4473306526907299,0.1405700536712038,0.4120992936380663,12.0,1.0,0.0,0.0,0.0,0.0,2.3309497646499366,March,0,0,1,0,0,0,0,0,0,0,0,0,0
2018-03-31 00:00:00,6897.26857786945,4264255594.746104,395.32626329061816,266753248047.40903,116900853303.24556,38946452754.23128,266753248047.40903,0.4382359133729057,0.1460017939399541,0.4157622926871402,16.0,1.0,0.0,0.0,0.0,0.0,2.3309497646499366,March,0,0,1,0,0,0,0,0,0,0,0,0,0
2018-04-01 00:00:00,6975.27531402076,2565052340.2323847,395.7963809578212,268446524752.718,118234055446.5432,39000868214.27854,268446524752.718,0.4404380185418888,0.1452835653216392,0.414278416136472,16.0,1.0,0.0,0.0,0.0,0.0,2.4709963021052994,April,0,0,0,1,0,0,0,0,0,0,0,0,0
2018-04-02 00:00:00,6836.57232729678,2649647152.1697764,379.1235134110076,256032166000.0461,115896903503.0584,37365640069.82155,256032166000.0461,0.4526654026081922,0.145941194239691,0.4013934031521167,11.0,1.0,0.0,0.0,0.0,0.0,2.4709963021052994,April,0,0,0,1,0,0,0,0,0,0,0,0,0
2018-04-03 00:00:00,7080.41723231299,2253363912.1674647,384.8259822881638,265361156165.96564,120044225923.52736,37935548084.04267,265361156165.96564,0.452380550559735,0.1429581805873521,0.4046612688529128,22.0,1.0,0.0,0.0,0.0,0.0,2.4709963021052994,April,0,0,0,1,0,0,0,0,0,0,0,0,0
2018-04-04 00:00:00,7464.35609406668,2762080502.610784,415.7162339703384,284614486646.519,126568883854.60773,40989129292.88682,284614486646.519,0.4447028868625431,0.1440163140528888,0.411280799084568,22.0,1.0,0.0,0.0,0.0,0.0,2.4709963021052994,April,0,0,0,1,0,0,0,0,0,0,0,0,0
2018-04-05 00:00:00,6845.31597826858,2544238382.121464,380.28195959120734,258690582384.2685,116084750821.3726,37503095784.24193,258690582384.2685,0.4487397637419055,0.1449727911955196,0.4062874450625748,17.0,1.0,0.0,0.0,0.0,0.0,2.4709963021052994,April,0,0,0,1,0,0,0,0,0,0,0,0,0
2018-04-06 00:00:00,6855.42230460675,2568972345.7027025,384.4644854461884,261361621276.2689,116269847527.26424,37923466118.640205,261361621276.2689,0.4448619769019672,0.1450995977659386,0.4100384253320941,19.0,1.0,0.0,0.0,0.0,0.0,2.4709963021052994,April,0,0,0,1,0,0,0,0,0,0,0,0,0
2018-04-07 00:00:00,6628.75445585626,1840465005.5711515,369.9138976693199,250882085397.6045,112436767361.37248,36495759521.398056,250882085397.6045,0.4481657874581987,0.1454697710422751,0.406364441499526,20.0,1.0,0.0,0.0,0.0,0.0,2.4709963021052994,April,0,0,0,1,0,0,0,0,0,0,0,0,0
2018-04-08 00:00:00,6884.47723505995,1856418405.574964,383.4463608827352,260058057254.5041,116789559212.79994,37838661360.00252,260058057254.5041,0.4490903317735109,0.1455008230065026,0.4054088452199865,17.0,1.0,0.0,0.0,0.0,0.0,2.4709963021052994,April,0,0,0,1,0,0,0,0,0,0,0,0,0
2018-04-09 00:00:00,6984.8089659738,1413593787.187827,396.9817555069704,265013199027.63348,118505840498.72884,39182417250.92415,265013199027.63348,0.4471695784720971,0.1478508142035541,0.4049796073243488,21.0,1.0,0.0,0.0,0.0,0.0,2.4709963021052994,April,0,0,0,1,0,0,0,0,0,0,0,0,0
2018-04-10 00:00:00,6778.4915700774,2437632634.286056,398.77335502107474,260853352221.74167,115017783885.65182,39367328706.210175,260853352221.74167,0.4409289085458235,0.1509174728670747,0.4081536185871018,18.0,1.0,0.0,0.0,0.0,0.0,2.4709963021052994,April,0,0,0,1,0,0,0,0,0,0,0,0,0
2018-04-11 00:00:00,6829.31650379539,1550558592.492434,412.6893456266917,265404005685.57767,115885988821.2536,40749602575.92843,265404005685.57767,0.4366399388807377,0.1535380088581037,0.4098220522611586,20.0,1.0,0.0,0.0,0.0,0.0,2.4709963021052994,April,0,0,0,1,0,0,0,0,0,0,0,0,0
2018-04-12 00:00:00,6925.10199547663,1586992258.3407943,427.3849460078481,277057714357.0255,117533696704.9788,42209337332.354,277057714357.0255,0.4242209857889793,0.1523485365867188,0.4234304776243018,18.0,1.0,0.0,0.0,0.0,0.0,2.4709963021052994,April,0,0,0,1,0,0,0,0,0,0,0,0,0
2018-04-13 00:00:00,7836.39699399927,4980342880.0008135,488.60548934434905,313434043279.6804,133015394395.9933,48265439663.55072,313434043279.6804,0.4243808139159354,0.1539891428464998,0.4216300432375647,23.0,1.0,0.0,0.0,0.0,0.0,2.4709963021052994,April,0,0,0,1,0,0,0,0,0,0,0,0,0
2018-04-14 00:00:00,7845.75284010594,3910297535.1571007,488.9921812670856,314385228806.4781,133189892501.28044,48313044128.32864,314385228806.4781,0.4236518776881415,0.1536746631250543,0.4226734591868042,23.0,1.0,0.0,0.0,0.0,0.0,2.4709963021052994,April,0,0,0,1,0,0,0,0,0,0,0,0,0
2018-04-15 00:00:00,7897.71993085806,2294693915.2394795,495.11291363236046,315484998203.4122,134086501771.1168,48928578121.79471,315484998203.4122,0.4250170452943793,0.1550900309061526,0.419892923799468,23.0,1.0,0.0,0.0,0.0,0.0,2.4709963021052994,April,0,0,0,1,0,0,0,0,0,0,0,0,0
2018-04-16 00:00:00,8258.06708369755,2350690710.8285303,525.5274445398754,334418516275.721,140220533919.44476,51944970387.794846,334418516275.721,0.4192965613298633,0.1553292292732,0.4253742093969366,23.0,1.0,0.0,0.0,0.0,0.0,2.4709963021052994,April,0,0,0,1,0,0,0,0,0,0,0,0,0
2018-04-17 00:00:00,8030.99926195254,2754142166.1939588,507.11031309583,327527816800.0568,136379313438.7644,50134949937.02363,327527816800.0568,0.4163900177126596,0.1530708152572857,0.4305391670300547,26.0,0.0,1.0,0.0,0.0,0.0,2.4709963021052994,April,0,0,0,1,0,0,0,0,0,0,0,0,0
2018-04-18 00:00:00,7873.63551010255,2491337660.023414,498.467007649509,323025426493.9188,133722872890.26544,49290625426.76034,323025426493.9188,0.4139701148038972,0.1525905436044313,0.4334393415916714,24.0,1.0,0.0,0.0,0.0,0.0,2.4709963021052994,April,0,0,0,1,0,0,0,0,0,0,0,0,0
2018-04-19 00:00:00,8097.41823310301,2326968646.2908115,517.3740431959737,341344368036.16254,137539507140.1945,51170694522.39032,341344368036.16254,0.4029347486571782,0.1499092978061651,0.4471559535366567,25.0,1.0,0.0,0.0,0.0,0.0,2.4709963021052994,April,0,0,0,1,0,0,0,0,0,0,0,0,0
2018-04-20 00:00:00,8277.46063916253,2422027692.486585,566.3920838512778,360935346139.0805,140616565985.04083,56030501148.69197,360935346139.0805,0.3895893474806886,0.1552369468605647,0.4551737056587466,26.0,0.0,1.0,0.0,0.0,0.0,2.4709963021052994,April,0,0,0,1,0,0,0,0,0,0,0,0,0
2018-04-21 00:00:00,8499.45000871487,2961030105.150343,590.27192246768,380933400030.6217,144401932888.96182,58403874540.99289,380933400030.6217,0.379073961163169,0.1533178097176515,0.4676082291191794,32.0,0.0,1.0,0.0,0.0,0.0,2.4709963021052994,April,0,0,0,1,0,0,0,0,0,0,0,0,0
2018-04-22 00:00:00,8878.42826029723,3214807963.4541373,600.2596767733208,387376695535.2395,150858701627.6664,59405441433.091866,387376695535.2395,0.38943669912622,0.153353162742563,0.4572101381312169,31.0,0.0,1.0,0.0,0.0,0.0,2.4709963021052994,April,0,0,0,1,0,0,0,0,0,0,0,0,0
2018-04-23 00:00:00,8769.01199947348,2503340749.6093006,617.2024078855728,388875863061.0926,149017082314.25253,61094825885.43238,388875863061.0926,0.3831996183595531,0.1571062431196311,0.4596941385208157,28.0,0.0,1.0,0.0,0.0,0.0,2.4709963021052994,April,0,0,0,1,0,0,0,0,0,0,0,0,0
2018-04-24 00:00:00,8881.39170434545,2205498227.200402,636.3671638965957,402069093831.2666,150943914745.9957,63004894796.41469,402069093831.2666,0.3754178499711824,0.1567016608912882,0.4678804891375293,29.0,0.0,1.0,0.0,0.0,0.0,2.4709963021052994,April,0,0,0,1,0,0,0,0,0,0,0,0,0
2018-04-25 00:00:00,9716.48975733072,4398198651.199843,705.0276448443027,438469122476.12006,165155791737.985,69817174451.75433,438469122476.12006,0.376664588843379,0.1592293980873344,0.4641060130692864,64.0,0.0,0.0,0.0,1.0,0.0,2.4709963021052994,April,0,0,0,1,0,0,0,0,0,0,0,0,0
2018-04-26 00:00:00,8825.2025000693,5523433548.358508,613.7267252906634,388810201835.69806,150020058558.80304,60788471582.80268,388810201835.69806,0.3858439358085515,0.1563448471665628,0.4578112170248856,47.0,0.0,0.0,1.0,0.0,0.0,2.4709963021052994,April,0,0,0,1,0,0,0,0,0,0,0,0,0
2018-04-27 00:00:00,9221.86802618436,3847600029.556496,657.0577934851548,416446891254.2183,156779014055.27072,65093958669.996185,416446891254.2183,0.3764682060252566,0.1563079471525214,0.4672238468222219,55.0,0.0,0.0,0.0,1.0,0.0,2.4709963021052994,April,0,0,0,1,0,0,0,0,0,0,0,0,0
2018-04-28 00:00:00,8940.38112200719,2839339948.818213,641.9936056225328,404453513446.8903,152009053536.4553,63614677083.81106,404453513446.8903,0.3758381333888843,0.1572855098764383,0.4668763567346773,54.0,0.0,0.0,1.0,0.0,0.0,2.4709963021052994,April,0,0,0,1,0,0,0,0,0,0,0,0,0
2018-04-29 00:00:00,9249.65952508923,3006508147.8120923,672.5969368274542,425767902838.0356,157282709009.46033,66660769651.39336,425767902838.0356,0.3694095021279505,0.156565981622977,0.4740245162490725,61.0,0.0,0.0,0.0,1.0,0.0,2.4709963021052994,April,0,0,0,1,0,0,0,0,0,0,0,0,0
2018-04-30 00:00:00,9325.62885104679,2827554754.4722853,680.1204953886593,436058444479.1804,158592809944.5081,67420561666.31582,436058444479.1804,0.3636962245598252,0.1546135902650425,0.4816901851751322,59.0,0.0,0.0,0.0,1.0,0.0,2.4709963021052994,April,0,0,0,1,0,0,0,0,0,0,0,0,0
2018-05-01 00:00:00,9198.18950997327,2508704421.0187726,662.732735837356,421598916594.504,156443377473.375,65710538602.21053,421598916594.504,0.37107158324091,0.1558603118171939,0.473068104941896,56.0,0.0,0.0,0.0,1.0,0.0,2.781921607842497,May,0,0,0,0,1,0,0,0,0,0,0,0,0
2018-05-02 00:00:00,9024.3875117766,2661071473.28962,665.2257861413076,421301194690.7905,153504488648.5945,65971279396.12401,421301194690.7905,0.3643580663502687,0.1565893480186851,0.4790525856310462,52.0,0.0,0.0,1.0,0.0,0.0,2.781921607842497,May,0,0,0,0,1,0,0,0,0,0,0,0,0
2018-05-03 00:00:00,9122.65301383019,2179558786.4918017,676.5525639388837,431054274484.9904,155192629946.18726,67108704081.6629,431054274484.9904,0.3600303700307956,0.1556850449095817,0.4842845850596226,55.0,0.0,0.0,0.0,1.0,0.0,2.781921607842497,May,0,0,0,0,1,0,0,0,0,0,0,0,0
2018-05-04 00:00:00,9551.13518381566,1228125377.9488523,781.4257804747286,466581132818.2381,162498830620.22913,77526578541.87308,466581132818.2381,0.3482756142296314,0.1661588373143121,0.4855655484560564,56.0,0.0,0.0,0.0,1.0,0.0,2.781921607842497,May,0,0,0,0,1,0,0,0,0,0,0,0,0
2018-05-05 00:00:00,9634.53822597227,2695999383.5138526,777.9076470179848,457729376197.14886,163935762593.6642,77194381804.21214,457729376197.14886,0.3581499705254997,0.1686463351894716,0.4732036942850286,63.0,0.0,0.0,0.0,1.0,0.0,2.781921607842497,May,0,0,0,0,1,0,0,0,0,0,0,0,0
2018-05-06 00:00:00,9766.24448548887,2617990803.561576,807.0673291637275,470570537721.0199,166195961946.18,80104681672.56717,470570537721.0199,0.3531797012857403,0.1702288504089426,0.4765914483053171,67.0,0.0,0.0,0.0,1.0,0.0,2.781921607842497,May,0,0,0,0,1,0,0,0,0,0,0,0,0
2018-05-07 00:00:00,9583.87174550137,2626417557.066924,785.89274351052,459391605172.0354,163109111220.656,78019321356.67586,459391605172.0354,0.3550546187268137,0.1698318394988057,0.4751135417743805,56.0,0.0,0.0,0.0,1.0,0.0,2.781921607842497,May,0,0,0,0,1,0,0,0,0,0,0,0,0
2018-05-08 00:00:00,9308.26502572185,2767085706.197567,748.8131413938073,441292532795.6416,158435513589.56033,74353698902.32837,441292532795.6416,0.3590260469304843,0.1684907252594751,0.4724832278100405,62.0,0.0,0.0,0.0,1.0,0.0,2.781921607842497,May,0,0,0,0,1,0,0,0,0,0,0,0,0
2018-05-09 00:00:00,9149.51783314723,2455200521.7337303,744.3248257193555,446887568703.7044,155749835750.4752,73923190963.45912,446887568703.7044,0.3485212985500174,0.165417872727786,0.4860608287221964,53.0,0.0,0.0,1.0,0.0,0.0,2.781921607842497,May,0,0,0,0,1,0,0,0,0,0,0,0,0
2018-05-10 00:00:00,9248.96039558449,2363841215.4382,743.6398157399032,437998084426.2085,157460887034.23203,73870430059.20319,437998084426.2085,0.3595013143505201,0.168654687510736,0.4718439981387438,63.0,0.0,0.0,0.0,1.0,0.0,2.781921607842497,May,0,0,0,0,1,0,0,0,0,0,0,0,0
2018-05-11 00:00:00,8969.94037574258,2359598426.330252,717.4128743633592,418546128548.50464,152728483795.6562,71279821648.68193,418546128548.50464,0.3649023927788087,0.1703033830365998,0.4647942241845915,41.0,0.0,1.0,0.0,0.0,0.0,2.781921607842497,May,0,0,0,0,1,0,0,0,0,0,0,0,0
2018-05-12 00:00:00,8405.5605632418,3726075355.303701,675.2917525022057,385202905220.3359,143131877388.73486,67108755487.4065,385202905220.3359,0.3715752800640574,0.1742166390178711,0.4542080809180714,44.0,0.0,1.0,0.0,0.0,0.0,2.781921607842497,May,0,0,0,0,1,0,0,0,0,0,0,0,0
2018-05-13 00:00:00,8480.58037612559,2995955136.9111686,683.1702676131072,392112360198.2247,144426929746.49615,67905759626.54816,392112360198.2247,0.3683304695457291,0.1731793396979879,0.4584901907562829,40.0,0.0,1.0,0.0,0.0,0.0,2.781921607842497,May,0,0,0,0,1,0,0,0,0,0,0,0,0
2018-05-14 00:00:00,8683.9862031429,2283320839.5720086,726.8719105255797,409151198038.0213,147906738510.20526,72264507767.86824,409151198038.0213,0.3614965304255584,0.1766205454472429,0.4618829241271986,40.0,0.0,1.0,0.0,0.0,0.0,2.781921607842497,May,0,0,0,0,1,0,0,0,0,0,0,0,0
2018-05-15 00:00:00,8696.97400387283,3143239503.891285,727.8026816427881,408899839113.8749,148142733211.5191,72371889345.97685,408899839113.8749,0.3622958950841325,0.1769917285925415,0.4607123763233258,40.0,0.0,1.0,0.0,0.0,0.0,2.781921607842497,May,0,0,0,0,1,0,0,0,0,0,0,0,0
2018-05-16 00:00:00,8473.34864905366,2586241489.8424945,703.1556814584169,394166992046.99286,144348790079.53476,69935482264.3191,394166992046.99286,0.3662122729503575,0.1774260241861686,0.4563617028634738,32.0,0.0,1.0,0.0,0.0,0.0,2.781921607842497,May,0,0,0,0,1,0,0,0,0,0,0,0,0
2018-05-17 00:00:00,8343.1252216955,2772906142.3921065,702.4531187046043,389415782619.2168,142149224754.09787,69879914021.89139,389415782619.2168,0.365032007172385,0.1794480787395877,0.4555199140880273,31.0,0.0,1.0,0.0,0.0,0.0,2.781921607842497,May,0,0,0,0,1,0,0,0,0,0,0,0,0
2018-05-18 00:00:00,8056.05319237475,2173653717.1690426,665.6275313370153,387234724578.4609,137271416445.43768,66230317444.47082,387234724578.4609,0.3544914950353941,0.1710340350198922,0.4744744699447136,37.0,0.0,1.0,0.0,0.0,0.0,2.781921607842497,May,0,0,0,0,1,0,0,0,0,0,0,0,0
2018-05-19 00:00:00,8202.82540955214,2127912775.3863173,686.2132687257347,382023876219.6261,139787112156.34103,68292780311.34642,382023876219.6261,0.3659119779099283,0.1787657383804063,0.4553222837096653,31.0,0.0,1.0,0.0,0.0,0.0,2.781921607842497,May,0,0,0,0,1,0,0,0,0,0,0,0,0
2018-05-20 00:00:00,8180.62700991409,1672351902.730261,685.8467539789947,377665396709.6122,139424471286.71832,68270520548.85238,377665396709.6122,0.3691745987359338,0.1807698590965847,0.4500555421674814,32.0,0.0,1.0,0.0,0.0,0.0,2.781921607842497,May,0,0,0,0,1,0,0,0,0,0,0,0,0
2018-05-21 00:00:00,8443.26024591542,1660868681.4973855,703.8146666492306,392007136616.8647,143916527618.282,70073661062.42535,392007136616.8647,0.3671273152328894,0.1787560850733009,0.4541165996938098,41.0,0.0,1.0,0.0,0.0,0.0,2.781921607842497,May,0,0,0,0,1,0,0,0,0,0,0,0,0
2018-05-22 00:00:00,8354.99633591748,1711697912.2659817,688.9132212295281,384358390051.452,142427831413.29367,68604235449.74915,384358390051.452,0.3705599646055016,0.1784902768495972,0.4509497585449011,30.0,0.0,1.0,0.0,0.0,0.0,2.781921607842497,May,0,0,0,0,1,0,0,0,0,0,0,0,0
2018-05-23 00:00:00,8009.2995067828,1895031387.309464,641.1003511423173,362296614134.5598,136550347058.65228,63856048464.81863,362296614134.5598,0.3769020789356215,0.1762535060322203,0.4468444150321581,26.0,0.0,1.0,0.0,0.0,0.0,2.781921607842497,May,0,0,0,0,1,0,0,0,0,0,0,0,0
2018-05-24 00:00:00,7556.31604292077,2777184892.7350817,581.2411880572671,334419467354.7301,128842835523.63457,57906139337.23845,334419467354.7301,0.3852731318029598,0.173154211970009,0.4415726562270311,27.0,0.0,1.0,0.0,0.0,0.0,2.781921607842497,May,0,0,0,0,1,0,0,0,0,0,0,0,0
2018-05-25 00:00:00,7563.43546544346,2602938656.909345,597.848771866914,346914383604.47296,128977752305.11424,59572815257.15423,346914383604.47296,0.3717855424875247,0.1717219523681523,0.4564925051443229,25.0,1.0,0.0,0.0,0.0,0.0,2.781921607842497,May,0,0,0,0,1,0,0,0,0,0,0,0,0
2018-05-26 00:00:00,7472.02260174872,1959178260.217828,582.2793862832264,337444957082.30164,127435061535.96556,58033414970.12175,337444957082.30164,0.3776469580041304,0.1719789072324693,0.4503741347634002,23.0,1.0,0.0,0.0,0.0,0.0,2.781921607842497,May,0,0,0,0,1,0,0,0,0,0,0,0,0
2018-05-27 00:00:00,7328.87167436352,1289488237.4471543,580.4834597869499,333565458543.2607,125008468874.2868,57866488201.56909,333565458543.2607,0.3747644298070336,0.1734786582947835,0.4517569118981829,19.0,1.0,0.0,0.0,0.0,0.0,2.781921607842497,May,0,0,0,0,1,0,0,0,0,0,0,0,0
2018-05-28 00:00:00,7326.64394017867,1247227035.27444,565.9260648024518,332291670201.32404,124985768473.80344,56426783298.552086,332291670201.32404,0.3761327161709437,0.1698110074934019,0.4540562763356544,22.0,1.0,0.0,0.0,0.0,0.0,2.781921607842497,May,0,0,0,0,1,0,0,0,0,0,0,0,0
2018-05-29 00:00:00,7111.06892466996,1770692328.4028218,511.61588041076885,308884117034.5143,121322210033.3444,51022311776.74484,308884117034.5143,0.3927758124895364,0.1651826978563733,0.4420414896540902,16.0,1.0,0.0,0.0,0.0,0.0,2.781921607842497,May,0,0,0,0,1,0,0,0,0,0,0,0,0
2018-05-30 00:00:00,7451.2308372653,2224251684.1663904,561.7406614509548,332544173081.7787,127138205821.77669,56032720818.86429,332544173081.7787,0.3823197521206035,0.1684970760413378,0.4491831718380586,38.0,0.0,1.0,0.0,0.0,0.0,2.781921607842497,May,0,0,0,0,1,0,0,0,0,0,0,0,0
2018-05-31 00:00:00,7380.8515577098,1772428207.794572,555.3491509790109,328405626116.7502,125953862789.73984,55406697681.99651,328405626116.7502,0.3835313794074967,0.1687142158225361,0.447754404769967,25.0,1.0,0.0,0.0,0.0,0.0,2.781921607842497,May,0,0,0,0,1,0,0,0,0,0,0,0,0
2018-06-01 00:00:00,7460.16694986577,1714862985.0808516,571.7271134994469,335486837243.6525,127322669333.3591,57052511798.36029,335486837243.6525,0.3795161395285653,0.170058868082878,0.4504249923885566,24.0,1.0,0.0,0.0,0.0,0.0,2.8075506935940187,June,0,0,0,0,0,1,0,0,0,0,0,0,0
2018-06-02 00:00:00,7487.07630453815,1637953742.8095627,573.8335504842785,337411133439.7527,127797556817.80016,57274516594.26361,337411133439.7527,0.3787591580484091,0.1697469671802943,0.4514938747712965,27.0,0.0,1.0,0.0,0.0,0.0,2.8075506935940187,June,0,0,0,0,0,1,0,0,0,0,0,0,0
2018-06-03 00:00:00,7567.51293761927,1531230053.8451543,583.1316392150303,345559846509.0825,129185013358.09856,58214660996.41215,345559846509.0825,0.3738426633277924,0.1684647727000366,0.4576925639721708,40.0,0.0,1.0,0.0,0.0,0.0,2.8075506935940187,June,0,0,0,0,0,1,0,0,0,0,0,0,0
2018-06-04 00:00:00,7639.87944568278,1432775393.8161438,609.2946747342367,354524212299.8126,130436135448.66774,60839012156.67801,354524212299.8126,0.3679188357898699,0.1716074954712202,0.4604736687389098,41.0,0.0,1.0,0.0,0.0,0.0,2.8075506935940187,June,0,0,0,0,0,1,0,0,0,0,0,0,0
2018-06-05 00:00:00,7463.65499554503,1643488925.3602982,586.5759760467295,343441647898.70026,127444424300.66489,58582699275.82673,343441647898.70026,0.3710802841775766,0.1705754081785269,0.4583443076438964,26.0,0.0,1.0,0.0,0.0,0.0,2.8075506935940187,June,0,0,0,0,0,1,0,0,0,0,0,0,0
2018-06-06 00:00:00,7569.01133988542,1754013549.8288014,600.6782790386933,351387185152.48035,129259980382.17676,60003382388.41077,351387185152.48035,0.3678562732049716,0.1707614418618396,0.4613822849331887,42.0,0.0,1.0,0.0,0.0,0.0,2.8075506935940187,June,0,0,0,0,0,1,0,0,0,0,0,0,0
2018-06-07 00:00:00,7605.57848860797,1562705992.3836496,598.2160984640701,347463003936.09766,129898428226.3484,59769818240.26592,347463003936.09766,0.3738482277389111,0.1720177905652892,0.4541339816957996,38.0,0.0,1.0,0.0,0.0,0.0,2.8075506935940187,June,0,0,0,0,0,1,0,0,0,0,0,0,0
2018-06-08 00:00:00,7613.77739337755,1459894514.226805,595.1261406729993,347385144475.2709,130052073722.89096,59473431631.17932,347385144475.2709,0.3743743098725078,0.1712031518245105,0.4544225383029816,40.0,0.0,1.0,0.0,0.0,0.0,2.8075506935940187,June,0,0,0,0,0,1,0,0,0,0,0,0,0
2018-06-09 00:00:00,7561.16610052452,1362045102.4224646,590.4981451663734,343286948903.8964,129167113170.94856,59023188216.61767,343286948903.8964,0.3762657263358679,0.1719354272135212,0.4517988464506108,39.0,0.0,1.0,0.0,0.0,0.0,2.8075506935940187,June,0,0,0,0,0,1,0,0,0,0,0,0,0
2018-06-10 00:00:00,7415.00137858946,1102262799.2103968,581.1212496803587,336228643925.27216,126683533782.87282,58097979895.17439,336228643925.27216,0.3767779339199566,0.1727930708606933,0.45042899521935,24.0,1.0,0.0,0.0,0.0,0.0,2.8075506935940187,June,0,0,0,0,0,1,0,0,0,0,0,0,0
2018-06-11 00:00:00,6767.49948454925,2788497500.783952,522.9980386707371,301064356492.2749,115631864817.82808,52297773130.593605,301064356492.2749,0.3840769002517078,0.1737096139174998,0.4422134858307923,15.0,1.0,0.0,0.0,0.0,0.0,2.8075506935940187,June,0,0,0,0,0,1,0,0,0,0,0,0,0
2018-06-12 00:00:00,6880.13364875604,1973448735.786416,529.1308297528115,305708055081.5603,117568067796.62566,52922017100.80877,305708055081.5603,0.3845762839492714,0.1731129298725531,0.4423107861781754,19.0,1.0,0.0,0.0,0.0,0.0,2.8075506935940187,June,0,0,0,0,0,1,0,0,0,0,0,0,0
2018-06-13 00:00:00,6581.82807522796,2060764062.9813228,495.0763558611063,287245469772.36285,112482862604.77522,49526210494.67609,287245469772.36285,0.3915914242056314,0.1724177252783995,0.435990850515969,19.0,1.0,0.0,0.0,0.0,0.0,2.8075506935940187,June,0,0,0,0,0,1,0,0,0,0,0,0,0
2018-06-14 00:00:00,6334.09890642618,2571112868.4509044,474.8591130364949,275171765335.6157,108260201574.019,47513487722.27301,275171765335.6157,0.3934277248320825,0.1726684700529604,0.4339038051149571,17.0,1.0,0.0,0.0,0.0,0.0,2.8075506935940187,June,0,0,0,0,0,1,0,0,0,0,0,0,0
2018-06-15 00:00:00,6644.72067973844,2354179149.4928327,516.6441703707438,293349068447.62964,113582443265.84216,51705041671.85295,293349068447.62964,0.3871921048425608,0.1762577326236972,0.4365501625337419,26.0,0.0,1.0,0.0,0.0,0.0,2.8075506935940187,June,0,0,0,0,0,1,0,0,0,0,0,0,0
2018-06-16 00:00:00,6406.80704950998,1740752641.634127,485.4328365159148,279249504483.60187,109527730085.0741,48591417578.37274,279249504483.60187,0.392221752685351,0.1740071756554402,0.4337710716592088,22.0,1.0,0.0,0.0,0.0,0.0,2.8075506935940187,June,0,0,0,0,0,1,0,0,0,0,0,0,0
2018-06-17 00:00:00,6478.81592433021,1306649275.503008,493.0678580653148,281681996513.42017,110772203147.8282,49365820389.2502,281681996513.42017,0.3932526910449908,0.1752537293837956,0.4314935795712135,23.0,1.0,0.0,0.0,0.0,0.0,2.8075506935940187,June,0,0,0,0,0,1,0,0,0,0,0,0,0
2018-06-18 00:00:00,6418.85000188746,1120785833.1800666,491.4002759792343,279092640499.9845,109759607021.02477,49208886719.57955,279092640499.9845,0.3932730251302734,0.1763173927890882,0.4304095820806384,27.0,0.0,1.0,0.0,0.0,0.0,2.8075506935940187,June,0,0,0,0,0,1,0,0,0,0,0,0,0
2018-06-19 00:00:00,6677.53340291194,1750367371.2555826,512.4288524669856,290602119705.79816,114196505243.23885,51325180407.15406,290602119705.79816,0.3929651489082389,0.1766166759523812,0.4304181751393798,32.0,0.0,1.0,0.0,0.0,0.0,2.8075506935940187,June,0,0,0,0,0,1,0,0,0,0,0,0,0
2018-06-20 00:00:00,6708.68182027534,1649449915.2393851,532.0039133610575,295668843739.4032,114742187734.30664,53296770078.92655,295668843739.4032,0.3880766951401825,0.1802583234840303,0.4316649813757872,34.0,0.0,1.0,0.0,0.0,0.0,2.8075506935940187,June,0,0,0,0,0,1,0,0,0,0,0,0,0
2018-06-21 00:00:00,6714.37546123014,1626421446.364752,529.7630465685196,295653816087.49,114852494305.80464,53083203703.900185,295653816087.49,0.3884695141963513,0.179545132907034,0.4319853528966146,37.0,0.0,1.0,0.0,0.0,0.0,2.8075506935940187,June,0,0,0,0,0,1,0,0,0,0,0,0,0
2018-06-22 00:00:00,6690.832151608,1400178395.5280418,520.6671645141439,292706408350.399,114463912846.04524,52182383816.74685,292706408350.399,0.3910536618966689,0.1782755085918012,0.4306708295115298,28.0,0.0,1.0,0.0,0.0,0.0,2.8075506935940187,June,0,0,0,0,0,1,0,0,0,0,0,0,0
2018-06-23 00:00:00,6088.57944239075,2932411240.2020984,463.9408286522042,261997388365.36267,104172397755.09848,46506729655.2268,261997388365.36267,0.3976085349745057,0.1775083711535775,0.4248830938719167,17.0,1.0,0.0,0.0,0.0,0.0,2.8075506935940187,June,0,0,0,0,0,1,0,0,0,0,0,0,0
2018-06-24 00:00:00,6169.43726386169,1635692582.8272383,472.9772647615346,264572206871.68137,105568325740.5693,47422371814.92663,264572206871.68137,0.3990151761926013,0.1792416987999298,0.4217431250074689,15.0,1.0,0.0,0.0,0.0,0.0,2.8075506935940187,June,0,0,0,0,0,1,0,0,0,0,0,0,0
2018-06-25 00:00:00,6159.70719379414,2452039491.998072,455.71843063066746,257673834532.6912,105415073017.07507,45701228403.58992,257673834532.6912,0.4091027449808879,0.1773607649626985,0.4135364900564134,16.0,1.0,0.0,0.0,0.0,0.0,2.8075506935940187,June,0,0,0,0,0,1,0,0,0,0,0,0,0
2018-06-26 00:00:00,6241.84871170546,4326984848.152794,458.9258012406738,262252448127.3427,106832748619.81493,46032293630.19799,262252448127.3427,0.4073660680106972,0.1755266498326297,0.417107282156673,21.0,1.0,0.0,0.0,0.0,0.0,2.8075506935940187,June,0,0,0,0,0,1,0,0,0,0,0,0,0
2018-06-27 00:00:00,6069.87260616628,3248018159.5091834,430.601784410476,249856148270.1513,103900589095.60583,43200150825.554535,249856148270.1513,0.4158416345363079,0.1729000912110649,0.411258274252627,18.0,1.0,0.0,0.0,0.0,0.0,2.8075506935940187,June,0,0,0,0,0,1,0,0,0,0,0,0,0
2018-06-28 00:00:00,6117.03640962264,2057221707.976688,437.8765374730084,255135365965.0653,104717160923.03616,43938995892.49492,255135365965.0653,0.4104376534665707,0.1722183662241138,0.4173439803093155,20.0,1.0,0.0,0.0,0.0,0.0,2.8075506935940187,June,0,0,0,0,0,1,0,0,0,0,0,0,0
2018-06-29 00:00:00,5879.98897440643,1928320709.079448,420.8621241639793,243433966200.2957,100670773791.78276,42240235077.69152,243433966200.2957,0.4135444833896005,0.1735182470096903,0.4129372696007092,16.0,1.0,0.0,0.0,0.0,0.0,2.8075506935940187,June,0,0,0,0,0,1,0,0,0,0,0,0,0
2018-06-30 00:00:00,6182.25674792295,2341618860.2006936,432.50722049091496,243433966200.2957,105857391286.9164,43417851340.14835,249139964076.3876,0.4248912521094367,0.1742709223753288,0.4008378255152344,22.0,1.0,0.0,0.0,0.0,0.0,2.8075506935940187,June,0,0,0,0,0,1,0,0,0,0,0,0,0
2018-07-01 00:00:00,6366.49946751097,2086842501.722632,449.4300450718509,243433966200.2957,109023438456.36496,45125931776.53015,254845961952.47943,0.4278013181809579,0.1770714019982968,0.3951272798207452,27.0,0.0,1.0,0.0,0.0,0.0,2.854124785561929,July,0,0,0,0,0,0,1,0,0,0,0,0,0
2018-07-02 00:00:00,6312.87724313135,2601785821.8298526,447.6805505735615,260551959828.5713,108116702994.83368,44959418542.5589,260551959828.5713,0.4149525609631509,0.1725545206880796,0.4124929183487694,27.0,0.0,1.0,0.0,0.0,0.0,2.854124785561929,July,0,0,0,0,0,0,1,0,0,0,0,0,0
2018-07-03 00:00:00,6595.5473128085,3392521918.120933,472.31165843777023,278505532161.0671,112969688594.56374,47442809332.14308,278505532161.0671,0.4056281673041611,0.1703478166627787,0.4240240160330601,31.0,0.0,1.0,0.0,0.0,0.0,2.854124785561929,July,0,0,0,0,0,0,1,0,0,0,0,0,0
2018-07-04 00:00:00,6497.60735494217,3013786718.653404,459.6987235407423,273350854285.554,111301577387.40128,46185301814.019936,273350854285.554,0.4071747925511544,0.1689597858939661,0.4238654215548795,33.0,0.0,1.0,0.0,0.0,0.0,2.854124785561929,July,0,0,0,0,0,0,1,0,0,0,0,0,0
2018-07-05 00:00:00,6562.7217371211,3111969366.095633,463.2222083049076,280395063383.8016,112427869579.76012,46548745985.99023,280395063383.8016,0.400962371530308,0.1660112893010346,0.4330263391686572,37.0,0.0,1.0,0.0,0.0,0.0,2.854124785561929,July,0,0,0,0,0,0,1,0,0,0,0,0,0
2018-07-06 00:00:00,6537.74087162192,3315114737.710066,466.8794801007557,278116532060.8539,112011029362.86702,46925838686.86936,278116532060.8539,0.4027485476424616,0.1687272537851207,0.4285241985724175,34.0,0.0,1.0,0.0,0.0,0.0,2.854124785561929,July,0,0,0,0,0,0,1,0,0,0,0,0,0
2018-07-07 00:00:00,6603.29470396542,4742128037.640009,467.5901144927255,276262042613.2273,113147533991.98392,47006819801.91246,276262042613.2273,0.409565979175767,0.1701530161627126,0.4202810046615203,34.0,0.0,1.0,0.0,0.0,0.0,2.854124785561929,July,0,0,0,0,0,0,1,0,0,0,0,0,0
2018-07-08 00:00:00,6759.83608914527,6047929422.833753,481.523823511904,282226114971.3964,115842716194.10664,48417457589.09996,282226114971.3964,0.4104606556549428,0.1715555542902437,0.4179837900548134,38.0,0.0,1.0,0.0,0.0,0.0,2.854124785561929,July,0,0,0,0,0,0,1,0,0,0,0,0,0
2018-07-09 00:00:00,6700.63547905209,5015170529.876131,483.8040307751051,280685868275.58496,114841688927.81284,48656609005.5521,280685868275.58496,0.4091466721618423,0.1733489801409586,0.4175043476971989,39.0,0.0,1.0,0.0,0.0,0.0,2.854124785561929,July,0,0,0,0,0,0,1,0,0,0,0,0,0
2018-07-10 00:00:00,6648.256795903321,5246420831.047288,469.7022293732207,274253800888.4976,113955190214.94202,47248080178.5004,274253800888.4976,0.4155099759630036,0.1722786704338507,0.4122113536031456,37.0,0.0,1.0,0.0,0.0,0.0,2.854124785561929,July,0,0,0,0,0,0,1,0,0,0,0,0,0
2018-07-11 00:00:00,6303.380664729323,4358427107.61466,431.76445446277353,257104177819.2736,108055463516.65717,43440645610.1465,257104177819.2736,0.42027890963566,0.1689612591230713,0.4107598312412686,29.0,0.0,1.0,0.0,0.0,0.0,2.854124785561929,July,0,0,0,0,0,0,1,0,0,0,0,0,0
2018-07-12 00:00:00,6373.234804689936,3969169303.744414,443.0254304264658,261600336553.43,109263693476.82497,44582775234.01637,261600336553.43,0.4176741319081164,0.1704232334766536,0.4119026346152299,33.0,0.0,1.0,0.0,0.0,0.0,2.854124785561929,July,0,0,0,0,0,0,1,0,0,0,0,0,0
2018-07-13 00:00:00,6230.5901971047815,3534743492.203714,427.79224436391297,253836834480.84286,106829387990.04874,43058583252.44312,253836834480.84286,0.4208584944282827,0.16963094950545,0.4095105560662673,29.0,0.0,1.0,0.0,0.0,0.0,2.854124785561929,July,0,0,0,0,0,0,1,0,0,0,0,0,0
2018-07-14 00:00:00,6248.397313033797,3951261052.820787,431.266939712935,256600148800.1119,107145717585.4774,43417089532.37335,256600148800.1119,0.4175590625590107,0.1692013419921852,0.413239595448804,29.0,0.0,1.0,0.0,0.0,0.0,2.854124785561929,July,0,0,0,0,0,0,1,0,0,0,0,0,0
2018-07-15 00:00:00,6246.13741162634,3709146622.835988,431.784568418258,258052426184.36526,107117271573.7231,43478040808.58002,258052426184.36526,0.4150988741225525,0.1684853014228867,0.4164158244545607,32.0,0.0,1.0,0.0,0.0,0.0,2.854124785561929,July,0,0,0,0,0,0,1,0,0,0,0,0,0
2018-07-16 00:00:00,6349.695836710773,2857367439.538571,446.60952086822346,264772127516.64468,108903950780.21828,44980010137.45454,264772127516.64468,0.411311990433631,0.1698819681638389,0.4188060414025301,36.0,0.0,1.0,0.0,0.0,0.0,2.854124785561929,July,0,0,0,0,0,0,1,0,0,0,0,0,0
2018-07-17 00:00:00,6741.6919602852695,4559363479.1402855,478.2085069609776,280615983138.01227,115637208433.3911,48172237051.23714,280615983138.01227,0.4120834712986342,0.1716660487850584,0.4162504799163073,39.0,0.0,1.0,0.0,0.0,0.0,2.854124785561929,July,0,0,0,0,0,0,1,0,0,0,0,0,0
2018-07-18 00:00:00,7303.373059795855,6194130741.142913,497.1775460849197,303592352534.3921,125285895738.59448,50093375646.64564,303592352534.3921,0.4126780358355753,0.165002099784351,0.4223198643800737,42.0,0.0,1.0,0.0,0.0,0.0,2.854124785561929,July,0,0,0,0,0,0,1,0,0,0,0,0,0
2018-07-19 00:00:00,7334.771372076191,4843025304.5135565,475.9901579076109,294787208584.4078,125840376647.27176,47968300051.31038,294787208584.4078,0.4268854719021477,0.1627217825415765,0.4103927455562757,44.0,0.0,1.0,0.0,0.0,0.0,2.854124785561929,July,0,0,0,0,0,0,1,0,0,0,0,0,0
2018-07-20 00:00:00,7442.800738748321,4107857510.670374,464.78994267592014,293750861817.4717,127709804699.66203,46849108851.47914,293750861817.4717,0.4347555064502831,0.1594858600979691,0.4057586334517478,47.0,0.0,0.0,1.0,0.0,0.0,2.854124785561929,July,0,0,0,0,0,0,1,0,0,0,0,0,0
2018-07-21 00:00:00,7331.871523239401,3727831730.875354,447.2032909319223,279692290879.38275,125820597539.21864,45085461873.32423,279692290879.38275,0.4498536486065637,0.1611966555516087,0.3889496958418276,43.0,0.0,1.0,0.0,0.0,0.0,2.854124785561929,July,0,0,0,0,0,0,1,0,0,0,0,0,0
2018-07-22 00:00:00,7379.137271821949,2892881147.245292,458.0790283587359,291327701433.6536,126644347498.85966,46191354520.09791,291327701433.6536,0.434714401945403,0.1585546252305753,0.4067309728240216,46.0,0.0,1.0,0.0,0.0,0.0,2.854124785561929,July,0,0,0,0,0,0,1,0,0,0,0,0,0
2018-07-23 00:00:00,7395.8664054401,5717881945.865358,455.5332019326154,289768720346.4366,126948286633.17482,45944085755.28768,289768720346.4366,0.4381021059878382,0.1585543315384719,0.4033435624736897,44.0,0.0,1.0,0.0,0.0,0.0,2.854124785561929,July,0,0,0,0,0,0,1,0,0,0,0,0,0
2018-07-24 00:00:00,7704.99567890457,6202101797.69894,447.9213791256186,291958066004.8667,132270404905.45908,45185546979.493904,291958066004.8667,0.4530459004453545,0.1547672499609608,0.3921868495936847,49.0,0.0,0.0,1.0,0.0,0.0,2.854124785561929,July,0,0,0,0,0,0,1,0,0,0,0,0,0
2018-07-25 00:00:00,8422.37392335148,5592076817.676129,477.2092716797165,313726259596.42365,144602365043.07205,48149869331.10582,313726259596.42365,0.4609189081879471,0.1534773320953293,0.3856037597167235,54.0,0.0,0.0,1.0,0.0,0.0,2.854124785561929,July,0,0,0,0,0,0,1,0,0,0,0,0,0
2018-07-26 00:00:00,8144.553482041877,4086880124.497768,468.73749232171497,305835451614.73193,139850429188.6199,47304793330.43528,305835451614.73193,0.4572734405061476,0.1546740022475426,0.3880525572463097,53.0,0.0,0.0,1.0,0.0,0.0,2.854124785561929,July,0,0,0,0,0,0,1,0,0,0,0,0,0
2018-07-27 00:00:00,7929.079243602936,3429994449.907072,460.8693339260698,297296670244.4267,136166569453.30632,46520159725.86072,297296670244.4267,0.4580157905615123,0.1564772309343845,0.3855069785041032,47.0,0.0,0.0,1.0,0.0,0.0,2.854124785561929,July,0,0,0,0,0,0,1,0,0,0,0,0,0
2018-07-28 00:00:00,8145.333168120666,3624913497.954498,467.9579265520383,305083150732.3304,139897416706.44568,47245239452.64461,305083150732.3304,0.4585550410457997,0.1548602056168483,0.386584753337352,54.0,0.0,0.0,1.0,0.0,0.0,2.854124785561929,July,0,0,0,0,0,0,1,0,0,0,0,0,0
2018-07-29 00:00:00,8192.13570223742,3659115450.612604,465.8991552657435,307403924765.1553,140716208459.56802,47046915978.43651,307403924765.1553,0.4577567074560605,0.1530459183771922,0.3891973741667472,54.0,0.0,0.0,1.0,0.0,0.0,2.854124785561929,July,0,0,0,0,0,0,1,0,0,0,0,0,0
2018-07-30 00:00:00,8197.593575814208,2598593361.850844,466.4192291155928,303870089260.5927,140827378169.39276,47108994325.49448,303870089260.5927,0.4634460025732316,0.1550300473472885,0.3815239500794798,53.0,0.0,0.0,1.0,0.0,0.0,2.854124785561929,July,0,0,0,0,0,0,1,0,0,0,0,0,0
2018-07-31 00:00:00,8185.921138302329,3497813384.6209693,458.080921209812,300960053965.3985,140640772123.99832,46276223652.12072,300960053965.3985,0.4673071069430624,0.1537620127402061,0.3789308803167315,48.0,0.0,0.0,1.0,0.0,0.0,2.854124785561929,July,0,0,0,0,0,0,1,0,0,0,0,0,0
2018-08-01 00:00:00,7738.249304586212,4675498855.415108,432.3501179219696,283639776609.3166,132963528816.20732,43685748084.88833,283639776609.3166,0.4687760313651295,0.1540184123930571,0.3772055562418134,39.0,0.0,1.0,0.0,0.0,0.0,2.642923856874257,August,0,0,0,0,0,0,0,1,0,0,0,0,0
2018-08-02 00:00:00,7612.300753683117,11591125727.422794,417.2754067662816,280778044246.3987,130813483341.75774,42171077988.81626,280778044246.3987,0.4658964118539179,0.150193645311557,0.383909942834525,39.0,0.0,1.0,0.0,0.0,0.0,2.642923856874257,August,0,0,0,0,0,0,0,1,0,0,0,0,0
2018-08-03 00:00:00,7540.633150617145,6834800615.470859,410.9251331069581,273128788648.3853,129596337579.7665,41537743616.40968,273128788648.3853,0.4744880179826208,0.1520811622310662,0.373430819786313,36.0,0.0,1.0,0.0,0.0,0.0,2.642923856874257,August,0,0,0,0,0,0,0,1,0,0,0,0,0
2018-08-04 00:00:00,7411.66638248389,5580835718.27458,417.35539322792266,272167549651.35532,127395242323.66476,42196294616.106125,272167549651.3553,0.4680765303830568,0.1550379340599541,0.376885535556989,31.0,0.0,1.0,0.0,0.0,0.0,2.642923856874257,August,0,0,0,0,0,0,0,1,0,0,0,0,0
2018-08-05 00:00:00,7009.012011793916,5952900997.745494,406.8839911959127,260683061190.0378,120489906899.2898,41145986285.06191,260683061190.0378,0.4622084240887931,0.1578391250172811,0.3799524508939257,23.0,1.0,0.0,0.0,0.0,0.0,2.642923856874257,August,0,0,0,0,0,0,0,1,0,0,0,0,0
2018-08-06 00:00:00,7036.60933127318,5989412029.067531,409.16493540460897,263729880563.88245,120977961419.31384,41385054072.20853,263729880563.88245,0.4587192060325137,0.1569221279883906,0.3843586659790956,25.0,1.0,0.0,0.0,0.0,0.0,2.642923856874257,August,0,0,0,0,0,0,0,1,0,0,0,0,0
2018-08-07 00:00:00,6926.116778774001,6927841831.688437,404.8171978912986,257874808654.53976,119089729729.2738,40953537749.75725,257874808654.53976,0.4618121884437791,0.158811703878452,0.3793761076777688,25.0,1.0,0.0,0.0,0.0,0.0,2.642923856874257,August,0,0,0,0,0,0,0,1,0,0,0,0,0
2018-08-08 00:00:00,6711.73242235858,6729676123.905343,377.7509011478514,241777973372.29413,115416628667.98372,38223074883.08225,241777973372.29413,0.4773661845955797,0.1580916340308042,0.3645421813736161,23.0,1.0,0.0,0.0,0.0,0.0,2.642923856874257,August,0,0,0,0,0,0,0,1,0,0,0,0,0
2018-08-09 00:00:00,6259.527709667595,6834119514.685925,353.6461229266765,228010629644.0627,107652609456.40524,35791291191.22547,228010629644.0627,0.4721385561035332,0.1569720290983699,0.3708894147980969,19.0,1.0,0.0,0.0,0.0,0.0,2.642923856874257,August,0,0,0,0,0,0,0,1,0,0,0,0,0
2018-08-10 00:00:00,6531.249786737056,5843796067.332067,363.6851798621928,236516019102.5751,112337822894.36668,36814735141.44988,236516019102.5751,0.4749691937172622,0.1556542989398262,0.3693765073429115,21.0,1.0,0.0,0.0,0.0,0.0,2.642923856874257,August,0,0,0,0,0,0,0,1,0,0,0,0,0
2018-08-11 00:00:00,6166.590417501742,6731245061.318041,332.49243311549486,220073883925.99417,106079149843.79391,33664024161.54582,220073883925.99417,0.4820160754715717,0.1529669198407307,0.3650170046876976,18.0,1.0,0.0,0.0,0.0,0.0,2.642923856874257,August,0,0,0,0,0,0,0,1,0,0,0,0,0
2018-08-12 00:00:00,6205.218479944854,5708911347.302448,317.3144774285816,217082049037.8815,106756980148.523,32133841450.27239,217082049037.8815,0.4917817047594459,0.1480262490274584,0.3601920462130956,18.0,1.0,0.0,0.0,0.0,0.0,2.642923856874257,August,0,0,0,0,0,0,0,1,0,0,0,0,0
2018-08-13 00:00:00,6318.407221774424,5507023282.246057,317.9561130787788,220067917498.59708,108716328040.7234,32205233601.695885,220067917498.59708,0.4940126179065445,0.1463422472832787,0.3596451348101767,21.0,1.0,0.0,0.0,0.0,0.0,2.642923856874257,August,0,0,0,0,0,0,0,1,0,0,0,0,0
2018-08-14 00:00:00,6283.99625058153,5381627198.227136,284.9586646577589,209022752928.6533,108135868387.49329,28868747042.36861,209022752928.6533,0.5173401788675313,0.138112940519076,0.3445468806133928,16.0,1.0,0.0,0.0,0.0,0.0,2.642923856874257,August,0,0,0,0,0,0,0,1,0,0,0,0,0
2018-08-15 00:00:00,6212.226040055612,7179484727.419351,277.7460166184284,205006461530.90576,106911788926.75308,28143782821.250084,205006461530.90576,0.5215044839483539,0.1372824183739558,0.3412130976776902,18.0,1.0,0.0,0.0,0.0,0.0,2.642923856874257,August,0,0,0,0,0,0,0,1,0,0,0,0,0
2018-08-16 00:00:00,6267.76870877378,6619548180.387301,281.1411931356025,206271494948.8876,107788817699.53123,28457713331.487896,206271494948.8876,0.5225579895382076,0.1379624137525133,0.3394795967092789,21.0,1.0,0.0,0.0,0.0,0.0,2.642923856874257,August,0,0,0,0,0,0,0,1,0,0,0,0,0
2018-08-17 00:00:00,6309.385226218996,5982589406.965,286.3202214369417,210325375911.75125,108578823549.00037,29013771356.624912,210325375911.75125,0.5162421466183809,0.1379470795231031,0.345810773858516,19.0,1.0,0.0,0.0,0.0,0.0,2.642923856874257,August,0,0,0,0,0,0,0,1,0,0,0,0,0
2018-08-18 00:00:00,6566.715163377382,6206194158.951437,314.79325272659554,229530465499.8734,113018605465.47176,31900584937.30893,229530465499.8734,0.4923904337462954,0.1389819206258113,0.3686276456278932,24.0,1.0,0.0,0.0,0.0,0.0,2.642923856874257,August,0,0,0,0,0,0,0,1,0,0,0,0,0
2018-08-19 00:00:00,6382.0605914076095,5616965845.869809,293.17699177790365,215235762182.2428,109889851531.17278,29731648689.35023,215235762182.2428,0.5105557292943153,0.1381352633405599,0.3513090073651248,27.0,0.0,1.0,0.0,0.0,0.0,2.642923856874257,August,0,0,0,0,0,0,0,1,0,0,0,0,0
2018-08-20 00:00:00,6475.494019667379,5160365103.111909,299.4351225630472,221641113309.68573,111490970656.3322,30373462667.10025,221641113309.68573,0.5030247727575371,0.1370389374676224,0.3599362897748404,26.0,0.0,1.0,0.0,0.0,0.0,2.642923856874257,August,0,0,0,0,0,0,0,1,0,0,0,0,0
2018-08-21 00:00:00,6242.882438400799,5578292470.702208,271.06155217806,209226924662.3037,107511643840.85838,27502092651.06376,209226924662.3037,0.5138518573285167,0.1314462404657176,0.3547019022057657,19.0,1.0,0.0,0.0,0.0,0.0,2.642923856874257,August,0,0,0,0,0,0,0,1,0,0,0,0,0
2018-08-22 00:00:00,6467.271730309675,5658517103.312642,280.3747171450871,215144070561.0457,111399689881.15749,28451639052.689304,215144070561.0457,0.517791122900357,0.1322445883751016,0.3499642887245414,21.0,1.0,0.0,0.0,0.0,0.0,2.642923856874257,August,0,0,0,0,0,0,0,1,0,0,0,0,0
2018-08-23 00:00:00,6336.656327108703,6759411527.692144,269.2483994291051,210850533042.44507,109149076720.34018,27322879481.120026,210850533042.44507,0.5176609000953677,0.1295841138595548,0.3527549860450775,18.0,1.0,0.0,0.0,0.0,0.0,2.642923856874257,August,0,0,0,0,0,0,0,1,0,0,0,0,0
2018-08-24 00:00:00,6521.065718268509,6096332849.286637,275.80838507029057,215241101083.01132,112327439428.7716,27993194187.78576,215241101083.0113,0.5218679836870498,0.1300550594051724,0.3480769569077778,19.0,1.0,0.0,0.0,0.0,0.0,2.642923856874257,August,0,0,0,0,0,0,0,1,0,0,0,0,0
2018-08-25 00:00:00,6684.379144206679,6913767387.863615,281.7346420014112,221152055437.1048,115177527171.8132,28606495007.326126,221152055437.1048,0.52080694861355,0.1293521552435299,0.34984089614292,22.0,1.0,0.0,0.0,0.0,0.0,2.642923856874257,August,0,0,0,0,0,0,0,1,0,0,0,0,0
2018-08-26 00:00:00,6736.036057516459,5280060347.564506,277.96671056981506,221715896580.91068,116073397012.0424,28227624888.171623,221715896580.91068,0.52352311585238,0.1273143934353418,0.3491624907122782,19.0,1.0,0.0,0.0,0.0,0.0,2.642923856874257,August,0,0,0,0,0,0,0,1,0,0,0,0,0
2018-08-27 00:00:00,6728.2880026290095,5215045899.16829,273.50341418810274,219864713298.02945,115406552890.99016,27764964383.52451,219864713298.02945,0.5248980209687176,0.1262820393825031,0.3488199396487793,18.0,1.0,0.0,0.0,0.0,0.0,2.642923856874257,August,0,0,0,0,0,0,0,1,0,0,0,0,0
2018-08-28 00:00:00,6911.096028949572,5444349729.346103,286.9611037603499,229663952699.69263,118546009735.9248,29048911774.353527,229663952699.69263,0.516171599166609,0.1264844196613551,0.3573439811720358,19.0,1.0,0.0,0.0,0.0,0.0,2.642923856874257,August,0,0,0,0,0,0,0,1,0,0,0,0,0
2018-08-29 00:00:00,7075.9834051051,6246602891.545194,296.29612763685776,236755988593.07416,121992306938.18848,30108250592.80309,236755988593.07416,0.5152659819214268,0.1271699641969852,0.3575640538815879,19.0,1.0,0.0,0.0,0.0,0.0,2.642923856874257,August,0,0,0,0,0,0,0,1,0,0,0,0,0
2018-08-30 00:00:00,7046.748947280631,5976493148.705724,288.5053605724647,233715579914.0722,121479639297.29665,29316888089.791355,233715579914.0722,0.5197755294788641,0.1254383131007782,0.3547861574203577,22.0,1.0,0.0,0.0,0.0,0.0,2.642923856874257,August,0,0,0,0,0,0,0,1,0,0,0,0,0
2018-08-31 00:00:00,7024.14510718162,6587864491.268964,285.1028726269231,231486164386.40115,121103237785.70248,28983027590.772324,231486164386.40115,0.5231554037223349,0.1252041462935698,0.3516404499840952,17.0,1.0,0.0,0.0,0.0,0.0,2.642923856874257,August,0,0,0,0,0,0,0,1,0,0,0,0,0
2018-09-01 00:00:00,7027.631279401852,5959884320.762271,282.22317870221497,233717932617.91736,121186316787.30235,28697700432.17104,233717932617.91736,0.5185152693671051,0.1227877557820354,0.3586969748508595,21.0,1.0,0.0,0.0,0.0,0.0,2.332055105808828,September,0,0,0,0,0,0,0,0,1,0,0,0,0
2018-09-02 00:00:00,7211.270767868822,6257915213.839819,295.6461617616964,239927805963.2816,124380655386.09409,30072245775.768417,239927805963.2816,0.5184086725034665,0.1253387270184542,0.3562526004780793,18.0,1.0,0.0,0.0,0.0,0.0,2.332055105808828,September,0,0,0,0,0,0,0,0,1,0,0,0,0
2018-09-03 00:00:00,7305.272801003753,6640164154.549976,294.5856884801363,241220622549.9379,125994361368.72597,29960438166.83158,241220622549.9379,0.5223200240379215,0.1242034692146983,0.3534765067473801,19.0,1.0,0.0,0.0,0.0,0.0,2.332055105808828,September,0,0,0,0,0,0,0,0,1,0,0,0,0
2018-09-04 00:00:00,7260.897516647864,4511643009.568316,288.8528256377072,241285530971.5671,125200923805.39091,29383711204.5634,241285530971.5671,0.5188911382346606,0.1217798310833066,0.3593290306820327,26.0,0.0,1.0,0.0,0.0,0.0,2.332055105808828,September,0,0,0,0,0,0,0,0,1,0,0,0,0
2018-09-05 00:00:00,7359.462992923027,5344233220.454348,285.4857566471215,244226987524.4881,126949626755.787,29050036562.78228,244226987524.4881,0.5198017960363944,0.118946873387076,0.3612513305765296,17.0,1.0,0.0,0.0,0.0,0.0,2.332055105808828,September,0,0,0,0,0,0,0,0,1,0,0,0,0
2018-09-06 00:00:00,6764.926773778225,7036065651.078336,232.59576871683151,210869572536.715,116602093876.15263,23699297868.898872,210869572536.715,0.5529583641369158,0.112388418982414,0.3346532168806702,14.0,1.0,0.0,0.0,0.0,0.0,2.332055105808828,September,0,0,0,0,0,0,0,0,1,0,0,0,0
2018-09-07 00:00:00,6498.279612609656,6558109770.577363,229.37495804862965,209770631849.71732,112034863191.16696,23333059272.415604,209770631849.7173,0.5340826892843147,0.1112312961384019,0.3546860145772833,17.0,1.0,0.0,0.0,0.0,0.0,2.332055105808828,September,0,0,0,0,0,0,0,0,1,0,0,0,0
2018-09-08 00:00:00,6397.81887024023,4422971841.981781,215.43223745188732,204588177138.08755,110396118506.89438,21937448595.359604,204588177138.08755,0.539601652701476,0.1072273525393055,0.3531709947592185,18.0,1.0,0.0,0.0,0.0,0.0,2.332055105808828,September,0,0,0,0,0,0,0,0,1,0,0,0,0
2018-09-09 00:00:00,6181.19445075213,3851077568.004001,196.8653868522827,195251775520.88013,106668555553.51492,20053781147.975983,195251775520.88013,0.5463128582004,0.102707292133338,0.3509798496662619,13.0,1.0,0.0,0.0,0.0,0.0,2.332055105808828,September,0,0,0,0,0,0,0,0,1,0,0,0,0
2018-09-10 00:00:00,6260.764806062476,4174629547.594032,195.87733831990167,197023690337.81305,108219061918.52274,19952064720.055923,197023690337.81305,0.5492692870231616,0.1012673383888328,0.3494633745880056,15.0,1.0,0.0,0.0,0.0,0.0,2.332055105808828,September,0,0,0,0,0,0,0,0,1,0,0,0,0
2018-09-11 00:00:00,6308.135474616629,4504626593.565221,196.3615326706261,198142899973.95023,108846231385.41852,19995395751.49905,198142899973.95023,0.5493319790904871,0.1009140158649532,0.3497540050445596,18.0,1.0,0.0,0.0,0.0,0.0,2.332055105808828,September,0,0,0,0,0,0,0,0,1,0,0,0,0
2018-09-12 00:00:00,6278.917069628559,5001529025.0324745,184.0822318270412,194111194259.91785,108449181464.89592,18758112117.52692,194111194259.91785,0.5586961734915752,0.0966359111283892,0.3446679153800356,14.0,1.0,0.0,0.0,0.0,0.0,2.332055105808828,September,0,0,0,0,0,0,0,0,1,0,0,0,0
2018-09-13 00:00:00,6330.574238022664,5026516732.831187,182.94557625329008,196638009434.349,109298582014.2178,18646346738.68822,196638009434.349,0.5558364953379424,0.0948257500791759,0.3493377545828816,20.0,1.0,0.0,0.0,0.0,0.0,2.332055105808828,September,0,0,0,0,0,0,0,0,1,0,0,0,0
2018-09-14 00:00:00,6486.461630393616,4987196751.843109,211.826727486526,202990387943.8176,112124461661.13242,21593950253.338764,202990387943.8176,0.5523634039862297,0.1063791762362432,0.341257419777527,23.0,1.0,0.0,0.0,0.0,0.0,2.332055105808828,September,0,0,0,0,0,0,0,0,1,0,0,0,0
2018-09-15 00:00:00,6500.01225461663,5350596522.1363,211.3835617204549,203301763165.8592,112334356298.05247,21564238470.858032,203301763165.8592,0.5525498379785669,0.1060701005985143,0.3413800614229186,24.0,1.0,0.0,0.0,0.0,0.0,2.332055105808828,September,0,0,0,0,0,0,0,0,1,0,0,0,0
2018-09-16 00:00:00,6530.221146234664,4295951323.506035,223.05308230390327,205647721909.4588,112796085614.54744,22752839429.228737,205647721909.4588,0.5484917827789434,0.110639880753195,0.3408683364678616,28.0,0.0,1.0,0.0,0.0,0.0,2.332055105808828,September,0,0,0,0,0,0,0,0,1,0,0,0,0
2018-09-17 00:00:00,6506.248493217292,4715407407.262404,220.1415794346937,206069864015.52612,112373562206.64604,22455303413.059746,206069864015.5261,0.5453177869723802,0.1089693707536385,0.3457128422739812,25.0,1.0,0.0,0.0,0.0,0.0,2.332055105808828,September,0,0,0,0,0,0,0,0,1,0,0,0,0
2018-09-18 00:00:00,6250.121727322729,4600931272.400568,196.5766097002653,194594529290.67825,107960190646.4486,20051344766.00986,194594529290.67825,0.5547956103389812,0.1030416674050373,0.3421627222559815,21.0,1.0,0.0,0.0,0.0,0.0,2.332055105808828,September,0,0,0,0,0,0,0,0,1,0,0,0,0
2018-09-19 00:00:00,6347.069255451608,4472798160.224327,210.15069647518163,200216100362.98044,109629673484.58704,21444053203.54171,200216100362.98044,0.5475567313809162,0.1071045393685365,0.3453387292505472,24.0,1.0,0.0,0.0,0.0,0.0,2.332055105808828,September,0,0,0,0,0,0,0,0,1,0,0,0,0
2018-09-20 00:00:00,6383.753841158382,5380977505.120019,209.1425267776257,204050232231.4132,110292032124.89343,21345953864.748203,204050232231.4132,0.5405141220315365,0.1046112696433482,0.3548746083251152,24.0,1.0,0.0,0.0,0.0,0.0,2.332055105808828,September,0,0,0,0,0,0,0,0,1,0,0,0,0
2018-09-21 00:00:00,6491.885242276883,5059042419.562756,224.38097767293752,213484068970.44348,112172960507.04016,22905841034.88813,213484068970.44348,0.5254394908622916,0.1072953178443465,0.3672651912933619,31.0,0.0,1.0,0.0,0.0,0.0,2.332055105808828,September,0,0,0,0,0,0,0,0,1,0,0,0,0
2018-09-22 00:00:00,6753.8344721403255,5931455399.756281,247.41001789452824,229881551270.33453,116710823191.41154,25265891712.53375,229881551270.33453,0.5076998243071831,0.109908305268141,0.3823918704246759,35.0,0.0,1.0,0.0,0.0,0.0,2.332055105808828,September,0,0,0,0,0,0,0,0,1,0,0,0,0
2018-09-23 00:00:00,6747.032172960024,5159534298.571353,241.8437317592413,227984910691.43732,116607568773.97198,24698456681.437977,227984910691.4373,0.5114705548727858,0.108333734046398,0.3801957110808162,38.0,0.0,1.0,0.0,0.0,0.0,2.332055105808828,September,0,0,0,0,0,0,0,0,1,0,0,0,0
2018-09-24 00:00:00,6711.029451815934,4322794079.140574,244.7847954629194,229559888811.62112,116001860055.71248,25008142946.45999,229559888811.62112,0.5053228621786998,0.1089395149820006,0.3857376228392996,43.0,0.0,1.0,0.0,0.0,0.0,2.332055105808828,September,0,0,0,0,0,0,0,0,1,0,0,0,0
2018-09-25 00:00:00,6596.187313045577,4626497701.607775,228.3409115090745,216252036877.16653,114024650850.04752,23326983438.531864,216252036877.16653,0.5272766559642383,0.1078694276150649,0.3648539164206967,37.0,0.0,1.0,0.0,0.0,0.0,2.332055105808828,September,0,0,0,0,0,0,0,0,1,0,0,0,0
2018-09-26 00:00:00,6441.311544542553,4580781824.213022,219.50434375691933,215667231206.15845,111360852966.35107,22430430093.88841,215667231206.15845,0.5163549990582488,0.1040048131950418,0.3796401877467094,37.0,0.0,1.0,0.0,0.0,0.0,2.332055105808828,September,0,0,0,0,0,0,0,0,1,0,0,0,0
2018-09-27 00:00:00,6462.795635292239,3788299697.410916,214.9793802543281,218818074151.92764,111760801180.66,21996083267.123955,218818074151.92764,0.5107475770171678,0.1005222413750513,0.3887301816077809,42.0,0.0,1.0,0.0,0.0,0.0,2.332055105808828,September,0,0,0,0,0,0,0,0,1,0,0,0,0
2018-09-28 00:00:00,6704.704245729721,4690261094.515134,229.2219592602552,227440273521.8835,115905890382.87776,23427304227.532307,227440273521.8835,0.5096102312404478,0.1030042035421585,0.3873855652173936,42.0,0.0,1.0,0.0,0.0,0.0,2.332055105808828,September,0,0,0,0,0,0,0,0,1,0,0,0,0
2018-09-29 00:00:00,6634.765964572905,3140320712.260097,222.229239761749,222499645098.02225,114768551691.0015,22728786275.759216,222499645098.02225,0.515814538222927,0.1021520113694835,0.3820334504075895,37.0,0.0,1.0,0.0,0.0,0.0,2.332055105808828,September,0,0,0,0,0,0,0,0,1,0,0,0,0
2018-09-30 00:00:00,6606.073795422076,2294291064.4914503,231.7358732982885,224943289866.8823,114265552573.72394,23704835590.94445,224943289866.8823,0.5079749328879488,0.1053813857038037,0.3866436814082474,34.0,0.0,1.0,0.0,0.0,0.0,2.332055105808828,September,0,0,0,0,0,0,0,0,1,0,0,0,0
2018-10-01 00:00:00,6626.037956098487,1908960742.721659,232.78138524562493,228759720685.3921,114617564007.79602,23810956054.875587,228759720685.3921,0.501039097549113,0.1040871880046673,0.3948737144462196,35.0,0.0,1.0,0.0,0.0,0.0,2.492032470218053,October,0,0,0,0,0,0,0,0,0,1,0,0,0
2018-10-02 00:00:00,6598.841259755177,1893760872.901848,231.1436846227436,225614934652.0456,114225251470.51224,23660128684.62694,225614934652.0456,0.506284088181822,0.1048695146051246,0.3888463972130533,33.0,0.0,1.0,0.0,0.0,0.0,2.492032470218053,October,0,0,0,0,0,0,0,0,0,1,0,0,0
2018-10-03 00:00:00,6524.60769791521,2035903501.1612608,225.7948538293448,221955345735.45413,112814709079.4464,23102075847.08329,221955345735.45413,0.508276602690655,0.1040843407962715,0.3876390565130734,36.0,0.0,1.0,0.0,0.0,0.0,2.492032470218053,October,0,0,0,0,0,0,0,0,0,1,0,0,0
2018-10-04 00:00:00,6499.262379115219,2247969611.197428,220.47446029228064,220043831520.7241,112545036630.82414,22578266460.225845,220043831520.7241,0.5114664467212046,0.1026080408807069,0.3859255123980885,29.0,0.0,1.0,0.0,0.0,0.0,2.492032470218053,October,0,0,0,0,0,0,0,0,0,1,0,0,0
2018-10-05 00:00:00,6578.701809284849,2059404665.1894453,222.19584779064576,223118859381.4188,113846158429.54834,22746296668.385403,223118859381.4188,0.5102489262681728,0.1019469924301688,0.3878040813016584,37.0,0.0,1.0,0.0,0.0,0.0,2.492032470218053,October,0,0,0,0,0,0,0,0,0,1,0,0,0
2018-10-06 00:00:00,6621.189363919919,1840911129.5584168,228.0360702489392,224301020096.9799,114567814410.76248,23346587563.266563,224301020096.9799,0.5107770546974213,0.1040859624854684,0.3851369828171102,34.0,0.0,1.0,0.0,0.0,0.0,2.492032470218053,October,0,0,0,0,0,0,0,0,0,1,0,0,0
2018-10-07 00:00:00,6589.124681678888,1464404365.51708,225.0688073176705,221407105659.6496,114021329402.35275,23047878586.785908,221407105659.6496,0.5149849597764404,0.1040972850357181,0.3809177551878414,29.0,0.0,1.0,0.0,0.0,0.0,2.492032470218053,October,0,0,0,0,0,0,0,0,0,1,0,0,0
2018-10-08 00:00:00,6584.832153052514,1499424737.458561,225.65834864130284,222598341857.74045,113962679824.78197,23108155611.30217,222598341857.74045,0.5119655378997116,0.1038109961576905,0.3842234659425979,26.0,0.0,1.0,0.0,0.0,0.0,2.492032470218053,October,0,0,0,0,0,0,0,0,0,1,0,0,0
2018-10-09 00:00:00,6653.089450830426,2081626437.463169,229.52461502629828,225311862613.223,115167647222.33852,23515310563.890263,225311862613.223,0.5111477304683185,0.1043678317295585,0.384484437802123,31.0,0.0,1.0,0.0,0.0,0.0,2.492032470218053,October,0,0,0,0,0,0,0,0,0,1,0,0,0
2018-10-10 00:00:00,6633.745729917172,1741398466.9025888,227.9689077917784,223693690839.6739,114837789505.01476,23360773268.500908,223693690839.6739,0.5133707127543508,0.1044319720453988,0.3821973152002504,28.0,0.0,1.0,0.0,0.0,0.0,2.492032470218053,October,0,0,0,0,0,0,0,0,0,1,0,0,0
2018-10-11 00:00:00,6582.455082387102,2070407901.701105,225.66201617746165,219297825120.5117,113987017102.36555,23136932206.46423,219297825120.5117,0.5197817946426315,0.1055046131613466,0.3747135921960218,19.0,1.0,0.0,0.0,0.0,0.0,2.492032470218053,October,0,0,0,0,0,0,0,0,0,1,0,0,0
2018-10-12 00:00:00,6234.367641454442,3581191342.767335,192.0010841477226,200473850609.55145,108155761830.83028,19696329362.92281,200473850609.55145,0.5395005957234666,0.0982488703790298,0.3622505338975035,13.0,1.0,0.0,0.0,0.0,0.0,2.492032470218053,October,0,0,0,0,0,0,0,0,0,1,0,0,0
2018-10-13 00:00:00,6285.592982799844,2295615181.287238,197.0680159474161,206489374274.8753,108845285496.56728,20205253420.305264,206489374274.8753,0.5271229373365924,0.0978512986019724,0.3750257640614352,15.0,1.0,0.0,0.0,0.0,0.0,2.492032470218053,October,0,0,0,0,0,0,0,0,0,1,0,0,0
2018-10-14 00:00:00,6314.883384422573,1851879464.8516304,201.05349968429928,206894522662.2115,109372673141.74013,20618468437.571827,206894522662.2115,0.5286397712921022,0.0996569081301141,0.3717033205777837,18.0,1.0,0.0,0.0,0.0,0.0,2.492032470218053,October,0,0,0,0,0,0,0,0,0,1,0,0,0
2018-10-15 00:00:00,6328.554760034424,1847113723.735372,196.3186984116144,205121315437.65347,109624316973.412,20154043106.326366,205121315437.65347,0.5344364954929917,0.0982542602329019,0.3673092442741064,20.0,1.0,0.0,0.0,0.0,0.0,2.492032470218053,October,0,0,0,0,0,0,0,0,0,1,0,0,0
2018-10-16 00:00:00,6659.87550840943,6217858944.018429,212.2030694387269,216799319720.82013,115236573309.55289,21758441436.75235,216799319720.82013,0.531535677593209,0.1003621296633745,0.3681021927434165,24.0,1.0,0.0,0.0,0.0,0.0,2.492032470218053,October,0,0,0,0,0,0,0,0,0,1,0,0,0
2018-10-17 00:00:00,6635.125667516839,2746546151.250113,212.4442865474299,218078665055.55835,114960968517.5375,21797843239.52381,218078665055.55835,0.5271536694717465,0.0999540383006771,0.3728922922275764,23.0,1.0,0.0,0.0,0.0,0.0,2.492032470218053,October,0,0,0,0,0,0,0,0,0,1,0,0,0
2018-10-18 00:00:00,6635.741832487943,2820354466.330306,211.08269302502703,218650263396.0185,114953321633.4926,21665771379.758472,218650263396.0185,0.5257406044157815,0.0990887046887179,0.3751706908955005,26.0,0.0,1.0,0.0,0.0,0.0,2.492032470218053,October,0,0,0,0,0,0,0,0,0,1,0,0,0
2018-10-19 00:00:00,6517.511087710534,2625598930.5728407,204.31304892929973,214017411950.99057,112970698851.37468,20978898040.00994,214017411950.99057,0.5278575131879675,0.0980242581608923,0.3741182286511402,24.0,1.0,0.0,0.0,0.0,0.0,2.492032470218053,October,0,0,0,0,0,0,0,0,0,1,0,0,0
2018-10-20 00:00:00,6483.827769471798,2652532021.929972,203.97626253061992,213430148579.0172,112394945004.92676,20944981899.996338,213430148579.0172,0.5266123167379764,0.0981350668565082,0.3752526164055154,21.0,1.0,0.0,0.0,0.0,0.0,2.492032470218053,October,0,0,0,0,0,0,0,0,0,1,0,0,0
2018-10-21 00:00:00,6532.678750383806,2387105749.143392,206.8820986623052,215717025106.72305,113214078424.96126,21245961049.679523,215717025106.72305,0.5248268112771819,0.0984899594233156,0.3766832292995024,21.0,1.0,0.0,0.0,0.0,0.0,2.492032470218053,October,0,0,0,0,0,0,0,0,0,1,0,0,0
2018-10-22 00:00:00,6529.670021370842,2127987152.586655,206.3098267959104,215487499638.29663,113208108538.70483,21194118735.35679,215487499638.29663,0.5253581239224022,0.0983542839883142,0.3762875920892835,27.0,0.0,1.0,0.0,0.0,0.0,2.492032470218053,October,0,0,0,0,0,0,0,0,0,1,0,0,0
2018-10-23 00:00:00,6512.589059298922,2655159954.716826,205.0377549087644,214688837697.9705,112905904007.05743,21065455939.758324,214688837697.9705,0.5259048640707451,0.0981208718889881,0.3759742640402668,24.0,1.0,0.0,0.0,0.0,0.0,2.492032470218053,October,0,0,0,0,0,0,0,0,0,1,0,0,0
2018-10-24 00:00:00,6472.799660641591,2784381146.568883,204.08394558056767,213573211648.5597,112227883463.22098,20971271070.99276,213573211648.5597,0.5254773414556076,0.0981924226784655,0.3763302358659268,23.0,1.0,0.0,0.0,0.0,0.0,2.492032470218053,October,0,0,0,0,0,0,0,0,0,1,0,0,0
2018-10-25 00:00:00,6481.443589558082,2607022301.561287,203.52219877380867,213931600077.91092,112363064964.16647,20915202600.82412,213931600077.9109,0.5252289279528849,0.0977658400778898,0.3770052319692253,25.0,1.0,0.0,0.0,0.0,0.0,2.492032470218053,October,0,0,0,0,0,0,0,0,0,1,0,0,0
2018-10-26 00:00:00,6458.191521836801,2618534041.346836,202.35302275695463,213213888340.73068,112010056845.2184,20806627800.42047,213213888340.73068,0.5253412792051262,0.0975857058953403,0.3770730148995335,29.0,0.0,1.0,0.0,0.0,0.0,2.492032470218053,October,0,0,0,0,0,0,0,0,0,1,0,0,0
2018-10-27 00:00:00,6468.826424965618,2698016930.8820057,203.384968565264,213492432393.31052,112200801079.02805,20912618603.71542,213492432393.3105,0.5255493125504512,0.0979548472481157,0.376495840201433,33.0,0.0,1.0,0.0,0.0,0.0,2.492032470218053,October,0,0,0,0,0,0,0,0,0,1,0,0,0
2018-10-28 00:00:00,6457.058635186671,2383295890.5582404,203.18739632422128,214654110723.54608,111998326691.92026,20895701368.92201,214654110723.54608,0.5217618535904182,0.0973459175717052,0.3808922288378766,35.0,0.0,1.0,0.0,0.0,0.0,2.492032470218053,October,0,0,0,0,0,0,0,0,0,1,0,0,0
2018-10-29 00:00:00,6481.323141667608,2065446088.788402,204.7223407022085,213972057411.6089,112422008134.01062,21050011679.152504,213972057411.6089,0.5254050902438593,0.0983773859717556,0.3762175237843851,34.0,0.0,1.0,0.0,0.0,0.0,2.492032470218053,October,0,0,0,0,0,0,0,0,0,1,0,0,0
2018-10-30 00:00:00,6292.6479239344,3631795693.013341,195.7514045211852,206377829848.1908,109167179052.3813,20141044164.60023,206377829848.1908,0.5289675694946664,0.0975930611316911,0.3734393693736425,31.0,0.0,1.0,0.0,0.0,0.0,2.492032470218053,October,0,0,0,0,0,0,0,0,0,1,0,0,0
2018-10-31 00:00:00,6331.781807909807,1962209613.9889967,197.44844958499,207580081767.67432,109890575608.1054,20319037427.37076,207580081767.67432,0.529388825133502,0.0978852944576446,0.3727258804088532,32.0,0.0,1.0,0.0,0.0,0.0,2.492032470218053,October,0,0,0,0,0,0,0,0,0,1,0,0,0
2018-11-01 00:00:00,6366.720109554257,2042670545.032488,198.6390488336609,209040032833.83783,110487418903.24472,20443374890.78836,209040032833.83783,0.528546697038979,0.0977964584756759,0.373656844485345,29.0,0.0,1.0,0.0,0.0,0.0,2.147328577667773,November,0,0,0,0,0,0,0,0,0,0,1,0,0
2018-11-02 00:00:00,6379.972972168429,2922702484.006447,199.1226070207313,210753605866.2126,110896563654.92197,20504797883.62648,210753605866.2126,0.5261905873407435,0.097292749983329,0.3765166626759275,36.0,0.0,1.0,0.0,0.0,0.0,2.147328577667773,November,0,0,0,0,0,0,0,0,0,0,1,0,0
2018-11-03 00:00:00,6425.4415830402095,2675454291.399585,202.28275716666212,213098684950.1306,111528929052.5205,20827898393.480133,213098684950.1306,0.5233675143449172,0.0977382774480953,0.3788942082069874,36.0,0.0,1.0,0.0,0.0,0.0,2.147328577667773,November,0,0,0,0,0,0,0,0,0,0,1,0,0
2018-11-04 00:00:00,6388.1897883073725,2582446886.6230755,200.1362277625588,211273598722.39328,110888814023.684,20607885132.10309,211273598722.39328,0.5248588308915415,0.0975412226455288,0.3775999464629296,41.0,0.0,1.0,0.0,0.0,0.0,2.147328577667773,November,0,0,0,0,0,0,0,0,0,0,1,0,0
2018-11-05 00:00:00,6351.061941056285,3198297931.7470818,206.8144295995958,210709265502.2416,110241536216.1873,21305283379.90364,210709265502.2416,0.5231926367994222,0.1011122284021107,0.3756951347984671,42.0,0.0,1.0,0.0,0.0,0.0,2.147328577667773,November,0,0,0,0,0,0,0,0,0,0,1,0,0
2018-11-06 00:00:00,6415.443408541094,3213571991.0860043,209.1088766197872,217608183848.5628,111383003826.06792,21542826214.06233,217608183848.5628,0.5118511714779129,0.0989982354204764,0.3891505931016106,42.0,0.0,1.0,0.0,0.0,0.0,2.147328577667773,November,0,0,0,0,0,0,0,0,0,0,1,0,0
2018-11-07 00:00:00,6474.847290336688,3408876943.856672,219.16088708430863,226118544615.0988,112347500910.42683,22564364808.51298,226118544615.0988,0.4968522201558738,0.0997899789551638,0.4033578008889623,48.0,0.0,0.0,1.0,0.0,0.0,2.147328577667773,November,0,0,0,0,0,0,0,0,0,0,1,0,0
2018-11-08 00:00:00,6574.801180290013,3120683820.785003,219.0157747507676,224998972676.0037,113943582818.14384,22526589761.074043,224998972676.0037,0.5064182358833321,0.1001186338459958,0.393463130270672,51.0,0.0,0.0,1.0,0.0,0.0,2.147328577667773,November,0,0,0,0,0,0,0,0,0,0,1,0,0
2018-11-09 00:00:00,6490.454730761757,2402484611.464685,213.40763439234544,219654503784.83432,112723294658.02625,22014228200.633472,219654503784.83432,0.5131845362408136,0.1002220661143275,0.3865933976448588,47.0,0.0,0.0,1.0,0.0,0.0,2.147328577667773,November,0,0,0,0,0,0,0,0,0,0,1,0,0
2018-11-10 00:00:00,6413.78203857173,2707057000.4786224,210.7906195975225,217268845140.14792,111440702127.79549,21743426340.7329,217268845140.14792,0.5129161617990438,0.1000761352908533,0.3870077029101029,52.0,0.0,0.0,1.0,0.0,0.0,2.147328577667773,November,0,0,0,0,0,0,0,0,0,0,1,0,0
2018-11-11 00:00:00,6429.898792074219,1672332107.6089764,212.9658278769949,217314914530.49643,111308110603.00996,21899054776.88674,217314914530.49643,0.5121972913984686,0.1007710622356459,0.3870316463658854,54.0,0.0,0.0,1.0,0.0,0.0,2.147328577667773,November,0,0,0,0,0,0,0,0,0,0,1,0,0
2018-11-12 00:00:00,6434.2845969255495,2943678893.5684266,212.4733247441558,218030826908.22812,111773252086.90736,21915333222.812687,218030826908.2281,0.5126488472841233,0.1005148378950886,0.386836314820788,52.0,0.0,0.0,1.0,0.0,0.0,2.147328577667773,November,0,0,0,0,0,0,0,0,0,0,1,0,0
2018-11-13 00:00:00,6411.353436205148,2651674690.982871,211.656909248752,216492177486.55115,111385885801.71518,21835416808.274967,216492177486.55115,0.5145030508487294,0.1008600729217175,0.384636876229553,56.0,0.0,0.0,0.0,1.0,0.0,2.147328577667773,November,0,0,0,0,0,0,0,0,0,0,1,0,0
2018-11-14 00:00:00,6394.289276264062,2890964719.217386,208.58229647385883,214548514447.9649,111126759494.65369,21526572966.38387,214548514447.9649,0.5179563222825558,0.1003342904600011,0.3817093872574429,49.0,0.0,0.0,1.0,0.0,0.0,2.147328577667773,November,0,0,0,0,0,0,0,0,0,0,1,0,0
2018-11-15 00:00:00,5788.612494046974,5690409836.804629,184.0225593724656,194166263234.2949,100585460320.22012,18991988237.013927,194166263234.2949,0.5180377818717482,0.0978130181868764,0.3841491999413753,28.0,0.0,1.0,0.0,0.0,0.0,2.147328577667773,November,0,0,0,0,0,0,0,0,0,0,1,0,0
2018-11-16 00:00:00,5686.541131058274,4981978552.514329,182.448242594831,191272513634.4732,98829079080.7242,18833157524.20937,191272513634.4732,0.5166925304782117,0.098462435434921,0.3848450340868672,23.0,1.0,0.0,0.0,0.0,0.0,2.147328577667773,November,0,0,0,0,0,0,0,0,0,0,1,0,0
2018-11-17 00:00:00,5609.956182334204,3236633357.0467114,176.02240566453227,186587379710.2972,97344067023.98212,18173414086.234,186587379710.2972,0.5217076694850545,0.097398945815364,0.3808933846995814,24.0,1.0,0.0,0.0,0.0,0.0,2.147328577667773,November,0,0,0,0,0,0,0,0,0,0,1,0,0
2018-11-18 00:00:00,5599.191595689304,2525819291.4931545,175.6674163561008,187809166075.10672,97299989131.4034,18140877471.66501,187809166075.10672,0.5180790222586483,0.0965920772174149,0.3853289005239367,26.0,0.0,1.0,0.0,0.0,0.0,2.147328577667773,November,0,0,0,0,0,0,0,0,0,0,1,0,0
2018-11-19 00:00:00,5638.861481452398,2422604400.7507744,177.72868960741215,188092186402.6704,98118875508.37688,18355720231.296604,188092186402.6704,0.5216531179999291,0.0975889566831894,0.3807579253168814,28.0,0.0,1.0,0.0,0.0,0.0,2.147328577667773,November,0,0,0,0,0,0,0,0,0,0,1,0,0
2018-11-20 00:00:00,4889.197859239111,6126269575.232113,150.39116276572497,162457676378.14072,85228342224.35999,15568477359.93989,162457676378.14072,0.524618744552152,0.0958309739928958,0.3795502814549522,21.0,1.0,0.0,0.0,0.0,0.0,2.147328577667773,November,0,0,0,0,0,0,0,0,0,0,1,0,0
2018-11-21 00:00:00,4450.711454417822,6314969584.020993,131.476679735108,148853700379.00912,76601948314.49545,13480873430.564436,148853700379.00912,0.5146123214905151,0.0905645838581078,0.394823094651377,15.0,1.0,0.0,0.0,0.0,0.0,2.147328577667773,November,0,0,0,0,0,0,0,0,0,0,1,0,0
2018-11-22 00:00:00,4613.44841218385,4321511764.357207,137.1730431934016,152614098388.4004,80360705527.42929,14199281074.8261,152614098388.4004,0.5265614800731752,0.0930404282747794,0.3803980916520454,14.0,1.0,0.0,0.0,0.0,0.0,2.147328577667773,November,0,0,0,0,0,0,0,0,0,0,1,0,0
2018-11-23 00:00:00,4307.388731717267,3055231902.513544,126.06638760845392,144251703261.00137,75518575145.29533,13145643371.545769,144251703261.00137,0.5235194693587502,0.0911299005444721,0.3853506300967776,12.0,1.0,0.0,0.0,0.0,0.0,2.147328577667773,November,0,0,0,0,0,0,0,0,0,0,1,0,0
2018-11-24 00:00:00,4376.904946801552,3520222575.53617,124.15029635415752,144631502901.8783,76120308175.56718,12835445196.81356,144631502901.8783,0.5263051731351305,0.0887458467849943,0.3849489800798751,15.0,1.0,0.0,0.0,0.0,0.0,2.147328577667773,November,0,0,0,0,0,0,0,0,0,0,1,0,0
2018-11-25 00:00:00,3895.836812958988,3115187178.442392,114.28793125942474,126642566104.10124,67756132282.086784,11817983686.122583,126642566104.10124,0.5350186305163043,0.0933176265269933,0.3716637429567024,9.0,1.0,0.0,0.0,0.0,0.0,2.147328577667773,November,0,0,0,0,0,0,0,0,0,0,1,0,0
2018-11-26 00:00:00,4039.836551137432,5226773378.179892,117.52527750634898,134565951999.03496,70327984591.03267,12164898237.895905,134565951999.03496,0.5226283732718439,0.0904010119735425,0.3869706147546136,17.0,1.0,0.0,0.0,0.0,0.0,2.147328577667773,November,0,0,0,0,0,0,0,0,0,0,1,0,0
2018-11-27 00:00:00,3811.9235292664935,4652103083.720623,109.43098854688948,125608170342.8654,66796155268.6834,11351812370.701126,125608170342.8654,0.5317819301591112,0.0903747928157438,0.3778432770251448,11.0,1.0,0.0,0.0,0.0,0.0,2.147328577667773,November,0,0,0,0,0,0,0,0,0,0,1,0,0
2018-11-28 00:00:00,3832.92451590069,4050028039.14864,110.4349435886608,128752438515.11356,66811830848.48212,11441393467.752829,128752438515.11356,0.5189170132932235,0.088863508914511,0.3922194777922654,14.0,1.0,0.0,0.0,0.0,0.0,2.147328577667773,November,0,0,0,0,0,0,0,0,0,0,1,0,0
2018-11-29 00:00:00,4267.243628990657,4973628807.699461,122.44642499081692,139949686377.75412,74381953561.03812,12659773332.697258,139949686377.75412,0.5314906770156335,0.0904594619706815,0.378049861013685,18.0,1.0,0.0,0.0,0.0,0.0,2.147328577667773,November,0,0,0,0,0,0,0,0,0,0,1,0,0
2018-11-30 00:00:00,4279.475592548712,4313265392.487118,117.70538590366436,140423518575.67114,74400715839.6163,12182154959.33421,140423518575.67114,0.5298308758694392,0.0867529533720486,0.3834161707585121,19.0,1.0,0.0,0.0,0.0,0.0,2.147328577667773,November,0,0,0,0,0,0,0,0,0,0,1,0,0
2018-12-01 00:00:00,4009.6895798259993,4007783472.588205,113.4028831522645,131931199094.20068,69715049461.01839,11708062196.90978,131931199094.20068,0.5284197364964514,0.0887436957845737,0.3828365677189749,13.0,1.0,0.0,0.0,0.0,0.0,2.0023809043401064,December,0,0,0,0,0,0,0,0,0,0,0,1,0
2018-12-02 00:00:00,4189.573822999859,3183894471.4847646,118.10075903673732,137444781887.72598,73075855208.30002,12257640966.96176,137444781887.72598,0.5316742782421032,0.0891822941446741,0.3791434276132226,15.0,1.0,0.0,0.0,0.0,0.0,2.0023809043401064,December,0,0,0,0,0,0,0,0,0,0,0,1,0
2018-12-03 00:00:00,4124.593548643215,3242289555.8219714,115.94428273243844,134875665725.93256,71784475615.70909,11998542053.561508,134875665725.93256,0.5322270346496394,0.0889600209866066,0.3788129443637539,17.0,1.0,0.0,0.0,0.0,0.0,2.0023809043401064,December,0,0,0,0,0,0,0,0,0,0,0,1,0
2018-12-04 00:00:00,3878.839234783272,3128854932.5753694,108.67684762425776,127363639674.63171,67489136960.41757,11252886409.15223,127363639674.63171,0.5298932814171143,0.0883524248984977,0.3817542936843879,12.0,1.0,0.0,0.0,0.0,0.0,2.0023809043401064,December,0,0,0,0,0,0,0,0,0,0,0,1,0
2018-12-05 00:00:00,3943.6928120656007,3255899964.55098,109.85191500097886,128695755041.95264,68592152288.35375,11368927707.526571,128695755041.95264,0.5329791356831768,0.0883395703597254,0.3786812939570977,19.0,1.0,0.0,0.0,0.0,0.0,2.0023809043401064,December,0,0,0,0,0,0,0,0,0,0,0,1,0
2018-12-06 00:00:00,3751.691966395661,3020004368.112703,102.51104175852288,121850352670.16624,65355774058.35723,10626501697.030668,121850352670.16624,0.536360975788615,0.0872094455548708,0.3764295786565142,13.0,1.0,0.0,0.0,0.0,0.0,2.0023809043401064,December,0,0,0,0,0,0,0,0,0,0,0,1,0
2018-12-07 00:00:00,3466.763863771732,3672494312.317788,91.10115845588967,111341489625.90266,60357918912.00456,9411545128.787205,111341489625.90266,0.5420972821075208,0.0845286439081167,0.3733740739843624,11.0,1.0,0.0,0.0,0.0,0.0,2.0023809043401064,December,0,0,0,0,0,0,0,0,0,0,0,1,0
2018-12-08 00:00:00,3408.5236170431267,5243194483.926532,92.96795017189604,109910215413.85078,59348913269.87663,9610584223.413237,109910215413.85078,0.5399763165453457,0.0874403183291561,0.3725833651254981,11.0,1.0,0.0,0.0,0.0,0.0,2.0023809043401064,December,0,0,0,0,0,0,0,0,0,0,0,1,0
2018-12-09 00:00:00,3424.705860662601,3430203804.247037,90.67825609691094,110088719671.51253,59526617773.597786,9437707619.370005,110088719671.51253,0.5407149610897091,0.0857281985614025,0.3735568403488884,14.0,1.0,0.0,0.0,0.0,0.0,2.0023809043401064,December,0,0,0,0,0,0,0,0,0,0,0,1,0
2018-12-10 00:00:00,3550.546433896889,2938443353.811616,93.53012682199429,113789688928.51288,61832986280.19322,9708220956.92728,113789688928.51288,0.5433970939057502,0.0853172290771122,0.3712856770171375,19.0,1.0,0.0,0.0,0.0,0.0,2.0023809043401064,December,0,0,0,0,0,0,0,0,0,0,0,1,0
2018-12-11 00:00:00,3433.8084404312785,2614506143.32925,89.85371730794834,109751898315.5159,59805353928.82642,9323959135.591385,109751898315.5159,0.5449140729839348,0.0849548780357927,0.3701310489802724,15.0,1.0,0.0,0.0,0.0,0.0,2.0023809043401064,December,0,0,0,0,0,0,0,0,0,0,0,1,0
2018-12-12 00:00:00,3378.808778413106,2720740076.8003125,87.85041070425926,107690448787.60043,58852767064.15517,9111391456.283594,107690448787.60043,0.5464994131488058,0.0846072382357151,0.368893348615479,14.0,1.0,0.0,0.0,0.0,0.0,2.0023809043401064,December,0,0,0,0,0,0,0,0,0,0,0,1,0
2018-12-13 00:00:00,3438.1000735289817,2552041789.9907007,89.37790161622951,109471970661.87706,59878323499.6965,9261188928.81479,109471970661.87706,0.5469740166150929,0.0845987230596182,0.3684272603252888,14.0,1.0,0.0,0.0,0.0,0.0,2.0023809043401064,December,0,0,0,0,0,0,0,0,0,0,0,1,0
2018-12-14 00:00:00,3294.636156545267,2620531732.8481603,85.95872706359158,106111791850.7319,57318285688.4418,8913719805.958307,106111791850.7319,0.540168860488868,0.0840031032413182,0.3758280362698137,10.0,1.0,0.0,0.0,0.0,0.0,2.0023809043401064,December,0,0,0,0,0,0,0,0,0,0,0,1,0
2018-12-15 00:00:00,3216.6271499079407,2663819604.586118,83.78596235654511,103316295585.46724,55998515509.38865,8696897485.61424,103316295585.46724,0.5420104852972057,0.0841774033450495,0.3738121113577446,11.0,1.0,0.0,0.0,0.0,0.0,2.0023809043401064,December,0,0,0,0,0,0,0,0,0,0,0,1,0
2018-12-16 00:00:00,3221.9762037129963,2103029919.7436216,83.8335821320138,102413523161.04791,56171263934.47407,8697750641.337017,102413523161.04791,0.5484750665802534,0.0849277553674194,0.3665971780523273,13.0,1.0,0.0,0.0,0.0,0.0,2.0023809043401064,December,0,0,0,0,0,0,0,0,0,0,0,1,0
2018-12-17 00:00:00,3217.0468349697426,1972663570.3920543,84.46584639727314,103850592764.96889,56050483689.82096,8803144021.88444,103850592764.96889,0.5397223279858643,0.0847673931125979,0.3755102789015377,17.0,1.0,0.0,0.0,0.0,0.0,2.0023809043401064,December,0,0,0,0,0,0,0,0,0,0,0,1,0
2018-12-18 00:00:00,3506.2170132794818,3421249875.3626423,94.07306838255042,113428653553.49,61143447505.005135,9769901072.309902,113428653553.49,0.5390476355797653,0.0861325667389913,0.3748197976812433,23.0,1.0,0.0,0.0,0.0,0.0,2.0023809043401064,December,0,0,0,0,0,0,0,0,0,0,0,1,0
2018-12-19 00:00:00,3655.775045729801,3898845061.80057,100.05002539321067,119556263697.71312,63720433230.19886,10392925527.200373,119556263697.71312,0.5329744444951043,0.0869291595919885,0.3800963959129071,21.0,1.0,0.0,0.0,0.0,0.0,2.0023809043401064,December,0,0,0,0,0,0,0,0,0,0,0,1,0
2018-12-20 00:00:00,3687.750553192723,4721562503.691853,99.49155365807758,120988482932.8828,64363548271.27908,10336785710.638008,120988482932.8828,0.5319807861958575,0.0854361130916257,0.3825831007125167,27.0,0.0,1.0,0.0,0.0,0.0,2.0023809043401064,December,0,0,0,0,0,0,0,0,0,0,0,1,0
2018-12-21 00:00:00,4065.097238010126,6126325232.95458,114.42918370038834,132616195413.11446,70578857837.00003,11865192793.01515,132616195413.11446,0.5322039108205366,0.0894701643042445,0.3783259248752188,35.0,0.0,1.0,0.0,0.0,0.0,2.0023809043401064,December,0,0,0,0,0,0,0,0,0,0,0,1,0
2018-12-22 00:00:00,3846.2274979885774,4813606168.926531,107.85318110517642,127584907563.5949,67118181896.86795,11228235724.642712,127584907563.5949,0.5260667831217637,0.0880059870643083,0.3859272298139279,28.0,0.0,1.0,0.0,0.0,0.0,2.0023809043401064,December,0,0,0,0,0,0,0,0,0,0,0,1,0
2018-12-23 00:00:00,3960.567773408038,3568245607.7466927,115.04582181530176,131638242656.26512,68846085704.00443,11930676648.438414,131638242656.26512,0.522994566888711,0.0906322996091029,0.386373133502186,31.0,0.0,1.0,0.0,0.0,0.0,2.0023809043401064,December,0,0,0,0,0,0,0,0,0,0,0,1,0
2018-12-24 00:00:00,3941.617740158326,3514437242.642075,129.20650341412852,145078567767.5302,68680118909.38707,13420144843.953457,145078567767.5302,0.473399482544094,0.0925026008352764,0.4340979166206296,25.0,1.0,0.0,0.0,0.0,0.0,2.0023809043401064,December,0,0,0,0,0,0,0,0,0,0,0,1,0
2018-12-25 00:00:00,4021.990255345401,5022191528.110896,138.95781833191495,138099494304.7542,70266326465.44417,14528137553.21583,138099494304.7542,0.5088094407527832,0.1052005123288542,0.3859900469183625,33.0,0.0,1.0,0.0,0.0,0.0,2.0023809043401064,December,0,0,0,0,0,0,0,0,0,0,0,1,0
2018-12-26 00:00:00,3759.17842689657,4189084247.453542,127.63707252348216,127651795543.86256,65350104373.41374,13232839336.104912,127651795543.86256,0.511940345962143,0.1036635581953719,0.3843960958424851,26.0,0.0,1.0,0.0,0.0,0.0,2.0023809043401064,December,0,0,0,0,0,0,0,0,0,0,0,1,0
2018-12-27 00:00:00,3781.613081593353,3568561115.826988,129.51137399263007,129015318224.25328,65972460015.27494,13473635804.05438,129015318224.25328,0.5113536975555274,0.1044343880207668,0.3842119144237057,29.0,0.0,1.0,0.0,0.0,0.0,2.0023809043401064,December,0,0,0,0,0,0,0,0,0,0,0,1,0
2018-12-28 00:00:00,3587.703880138819,3386167814.2749724,114.1013635506553,119575049653.67058,62808667853.73499,11924339225.89629,119575049653.67058,0.5252656639963768,0.0997226366238874,0.3750116993797358,21.0,1.0,0.0,0.0,0.0,0.0,2.0023809043401064,December,0,0,0,0,0,0,0,0,0,0,0,1,0
2018-12-29 00:00:00,3854.421096982592,3561935968.91515,134.01993952035144,131056850547.5852,67263083067.33795,13935614204.209122,131056850547.5852,0.5132359185063394,0.1063325888420404,0.3804314926516201,24.0,1.0,0.0,0.0,0.0,0.0,2.0023809043401064,December,0,0,0,0,0,0,0,0,0,0,0,1,0
2018-12-30 00:00:00,3778.193939889601,3031003209.033743,138.75426661197633,127205723326.37836,66838758054.14169,14676638050.82606,127205723326.37836,0.5254382924473454,0.1153771832511768,0.3591845243014777,23.0,1.0,0.0,0.0,0.0,0.0,2.0023809043401064,December,0,0,0,0,0,0,0,0,0,0,0,1,0
2018-12-31 00:00:00,3809.7282286410905,3109685385.4562902,137.6316929791457,129803690023.02252,66494185030.58888,14310166049.405546,129803690023.02252,0.5122672939328242,0.1102446783051193,0.3774880277620565,26.0,0.0,1.0,0.0,0.0,0.0,2.0023809043401064,December,0,0,0,0,0,0,0,0,0,0,0,1,0
2019-01-01 00:00:00,3692.531565524698,2991427568.30354,131.45872465603802,125116976775.87634,64422635599.72896,13677300455.463268,125116976775.87634,0.5148992347787468,0.1093161040804526,0.3757846611408006,24.0,1.0,0.0,0.0,0.0,0.0,1.4875893578291333,January,1,0,0,0,0,0,0,0,0,0,0,0,0
2019-01-02 00:00:00,3794.264253739717,2689877851.31483,138.14480220535194,129339725320.0242,66188448932.14009,14392313036.760887,129339725320.0242,0.511741066160227,0.1112752713920654,0.3769836624477076,30.0,0.0,1.0,0.0,0.0,0.0,1.4875893578291333,January,1,0,0,0,0,0,0,0,0,0,0,0,0
2019-01-03 00:00:00,3872.1721842228935,3263469039.3230205,152.86045271321305,133898980865.03522,67643304990.47443,15922214147.12651,133898980865.03522,0.5051816268762803,0.1189121384215422,0.3759062347021774,33.0,0.0,1.0,0.0,0.0,0.0,1.4875893578291333,January,1,0,0,0,0,0,0,0,0,0,0,0,0
2019-01-04 00:00:00,3776.525807694106,2261199754.98875,146.7305994341217,129442051614.68813,65922288582.92172,15277722818.95894,129442051614.68813,0.5092803131640209,0.1180275082817471,0.372692178554232,48.0,0.0,0.0,1.0,0.0,0.0,1.4875893578291333,January,1,0,0,0,0,0,0,0,0,0,0,0,0
2019-01-05 00:00:00,3815.268079882635,2950054796.074141,153.0565669307744,131420191582.08722,66650769533.12984,15940848169.781616,131420191582.08722,0.5071577565879491,0.1212967960088895,0.3715454474031613,36.0,0.0,1.0,0.0,0.0,0.0,1.4875893578291333,January,1,0,0,0,0,0,0,0,0,0,0,0,0
2019-01-06 00:00:00,3787.307857124285,2763831883.889694,153.65187149457,130892389425.48216,66070973627.255455,16018302447.242657,130892389425.48216,0.5047732256799397,0.1223776456182884,0.3728491287017719,31.0,0.0,1.0,0.0,0.0,0.0,1.4875893578291333,January,1,0,0,0,0,0,0,0,0,0,0,0,0
2019-01-07 00:00:00,4013.5200912973855,3435733235.508936,154.69930839905126,137078285829.74825,70084169300.15211,16115376656.500986,137078285829.74825,0.5112711242041421,0.1175633074119145,0.3711655683839433,39.0,0.0,1.0,0.0,0.0,0.0,1.4875893578291333,January,1,0,0,0,0,0,0,0,0,0,0,0,0
2019-01-08 00:00:00,3989.668717538764,3360163853.3972144,149.89869762072908,135405444873.37274,69602133073.71902,15614190928.600574,135405444873.37274,0.5140275794581889,0.1153143504916106,0.3706580700502004,39.0,0.0,1.0,0.0,0.0,0.0,1.4875893578291333,January,1,0,0,0,0,0,0,0,0,0,0,0,0
2019-01-09 00:00:00,3973.5912546157865,3482430797.632785,148.14786553107623,135475191556.02672,69418693910.45465,15452130779.24307,135475191556.02672,0.5124089002062496,0.1140587483343969,0.3735323514593534,42.0,0.0,1.0,0.0,0.0,0.0,1.4875893578291333,January,1,0,0,0,0,0,0,0,0,0,0,0,0
2019-01-10 00:00:00,3982.225912762408,3230523440.813054,148.7388798515161,136478618637.6456,69609283899.19995,15516781022.69595,136478618637.6456,0.5100380161673124,0.1136938604565849,0.3762681233761027,37.0,0.0,1.0,0.0,0.0,0.0,1.4875893578291333,January,1,0,0,0,0,0,0,0,0,0,0,0,0
2019-01-11 00:00:00,3623.84772910568,4144535969.992497,126.62475249770274,122330119026.63548,63326376681.34885,13229569871.910849,122330119026.63548,0.5176679070144656,0.1081464644780597,0.3741856285074746,19.0,1.0,0.0,0.0,0.0,0.0,1.4875893578291333,January,1,0,0,0,0,0,0,0,0,0,0,0,0
2019-01-12 00:00:00,3632.849306434781,3263342032.794205,124.6267970725248,121968113513.83353,63121578243.94881,12975985683.226751,121968113513.83353,0.5175252484067453,0.1063883445385504,0.3760864070547042,22.0,1.0,0.0,0.0,0.0,0.0,1.4875893578291333,January,1,0,0,0,0,0,0,0,0,0,0,0,0
2019-01-13 00:00:00,3598.4363465618803,2456062889.7924027,123.75936261029352,121200459005.88583,62924488425.99548,12909473758.745958,121200459005.88583,0.5191769811939383,0.1065134065054905,0.3743096123005712,21.0,1.0,0.0,0.0,0.0,0.0,1.4875893578291333,January,1,0,0,0,0,0,0,0,0,0,0,0,0
2019-01-14 00:00:00,3495.832311307438,2675674829.818869,114.76604584662176,116345998979.72244,61050348901.5798,11970884149.01689,116345998979.72244,0.5247309700114403,0.1028903808811101,0.3723786491074495,16.0,1.0,0.0,0.0,0.0,0.0,1.4875893578291333,January,1,0,0,0,0,0,0,0,0,0,0,0,0
2019-01-15 00:00:00,3648.04828565649,3101461657.547051,127.40527329081972,122910268776.06757,63758350560.63251,13312835355.826277,122910268776.06757,0.5187390052558993,0.1083134508482865,0.3729475438958142,27.0,0.0,1.0,0.0,0.0,0.0,1.4875893578291333,January,1,0,0,0,0,0,0,0,0,0,0,0,0
2019-01-16 00:00:00,3567.801243199206,2953789408.2270346,119.81437324652916,119572037397.6282,62348810149.49811,12511274618.87375,119572037397.6282,0.5214330332280082,0.1046337830413343,0.3739331837306574,24.0,1.0,0.0,0.0,0.0,0.0,1.4875893578291333,January,1,0,0,0,0,0,0,0,0,0,0,0,0
2019-01-17 00:00:00,3597.6473233295915,2753646523.928816,122.24553850486993,121238959910.2541,62969304894.27945,12790017531.356869,121238959910.2541,0.5193817642521169,0.1054942861669594,0.3751239495809236,28.0,0.0,1.0,0.0,0.0,0.0,1.4875893578291333,January,1,0,0,0,0,0,0,0,0,0,0,0,0
2019-01-18 00:00:00,3620.981281145725,3049367561.0957274,121.92726666997898,121955416400.13528,63320099663.395294,12732832650.46048,121955416400.13528,0.5192069490021032,0.1044056346680339,0.3763874163298629,29.0,0.0,1.0,0.0,0.0,0.0,1.4875893578291333,January,1,0,0,0,0,0,0,0,0,0,0,0,0
2019-01-19 00:00:00,3597.7932517701506,2649449860.3668847,119.1707391686563,120586447743.76036,62898826371.85565,12441677743.686483,120586447743.76036,0.521607755670125,0.103176418050927,0.375215826278948,31.0,0.0,1.0,0.0,0.0,0.0,1.4875893578291333,January,1,0,0,0,0,0,0,0,0,0,0,0,0
2019-01-20 00:00:00,3674.587270857304,2766880413.283615,122.92817578942176,123297895836.2912,64269861567.8863,12841756778.277468,123297895836.2912,0.5212567589411308,0.1041522784405673,0.3745909626183019,35.0,0.0,1.0,0.0,0.0,0.0,1.4875893578291333,January,1,0,0,0,0,0,0,0,0,0,0,0,0
2019-01-21 00:00:00,3539.167531041029,2940644468.975576,117.6078729013454,118906523838.5424,61969431896.71978,12288060353.53934,118906523838.5424,0.5211609077132316,0.1033421881058832,0.3754969041808851,30.0,0.0,1.0,0.0,0.0,0.0,1.4875893578291333,January,1,0,0,0,0,0,0,0,0,0,0,0,0
2019-01-22 00:00:00,3531.004182799933,2561594564.573847,115.82686433322588,118563610933.2639,61784404483.04622,12103985769.178844,118563610933.2639,0.5211076484320548,0.1020885385819755,0.3768038129859696,27.0,0.0,1.0,0.0,0.0,0.0,1.4875893578291333,January,1,0,0,0,0,0,0,0,0,0,0,0,0
2019-01-23 00:00:00,3571.266908092869,2718371971.9030104,117.81718880676009,120066650033.0882,62482350133.95662,12313725371.510918,120066650033.0882,0.5203972136870447,0.1025574159695259,0.3770453703434294,33.0,0.0,1.0,0.0,0.0,0.0,1.4875893578291333,January,1,0,0,0,0,0,0,0,0,0,0,0,0
2019-01-24 00:00:00,3555.7000025226243,2663764215.2983246,116.41601969858114,119443997469.07376,62216525710.040085,12169120160.834082,119443997469.07376,0.5208844900401888,0.1018813872499946,0.3772341227098166,37.0,0.0,1.0,0.0,0.0,0.0,1.4875893578291333,January,1,0,0,0,0,0,0,0,0,0,0,0,0
2019-01-25 00:00:00,3565.6420046170365,2514079887.672157,116.24543567436464,119828018000.35898,62397665388.19675,12153158417.51909,119828018000.35898,0.5207268419311568,0.1014216760013729,0.3778514820674702,35.0,0.0,1.0,0.0,0.0,0.0,1.4875893578291333,January,1,0,0,0,0,0,0,0,0,0,0,0,0
2019-01-26 00:00:00,3564.822417111422,2582590473.407218,115.1499060589502,119501748030.84526,62386316357.47355,12040473330.175814,119501748030.84526,0.52205358821505,0.1007556251567799,0.37719078662817,41.0,0.0,1.0,0.0,0.0,0.0,1.4875893578291333,January,1,0,0,0,0,0,0,0,0,0,0,0,0
2019-01-27 00:00:00,3563.614563419144,2548165746.089901,115.33716687142687,119537330252.38815,62374968460.904976,12061900817.036028,119537330252.38815,0.5218032586908877,0.1009048871308136,0.3772918541782986,39.0,0.0,1.0,0.0,0.0,0.0,1.4875893578291333,January,1,0,0,0,0,0,0,0,0,0,0,0,0
2019-01-28 00:00:00,3553.121681129778,2882787006.773549,112.51348924314216,118417423470.75124,62192208387.693,11774157608.884584,118417423470.75124,0.5251947438550232,0.0994292669422314,0.3753759892027454,35.0,0.0,1.0,0.0,0.0,0.0,1.4875893578291333,January,1,0,0,0,0,0,0,0,0,0,0,0,0
2019-01-29 00:00:00,3432.215668301249,3445780457.599724,105.35239189764611,112887797776.12009,60087154448.40433,11010938397.321363,112887797776.12009,0.5322732450461086,0.097538782882082,0.3701879720718093,21.0,1.0,0.0,0.0,0.0,0.0,1.4875893578291333,January,1,0,0,0,0,0,0,0,0,0,0,0,0
2019-01-30 00:00:00,3413.375483249797,4865613085.112716,104.59784628074064,112093178910.76476,59768195291.00078,10955187408.251522,112093178910.76476,0.5332010018074436,0.0977328639860659,0.3690661342064905,22.0,1.0,0.0,0.0,0.0,0.0,1.4875893578291333,January,1,0,0,0,0,0,0,0,0,0,0,0,0
2019-01-31 00:00:00,3457.8826491759864,4973814467.106895,108.27309466982854,115250739101.87712,60555372963.791016,11329885765.71566,115250739101.87712,0.5254228600674088,0.0983064044014545,0.3762707355311366,17.0,1.0,0.0,0.0,0.0,0.0,1.4875893578291333,January,1,0,0,0,0,0,0,0,0,0,0,0,0
2019-02-01 00:00:00,3431.943637864456,4330022381.196439,106.33599581366398,113115720828.43272,60101226569.37371,11125649845.20564,113115720828.43272,0.5313251432179946,0.098356353685624,0.3703185030963813,23.0,1.0,0.0,0.0,0.0,0.0,1.5188615351321877,February,0,1,0,0,0,0,0,0,0,0,0,0,0
2019-02-02 00:00:00,3464.490147562154,3765731026.21538,107.00955827242754,114285827847.38676,60678990333.1717,11200980015.417768,114285827847.38676,0.5309406378383177,0.0980084777473472,0.371050884414335,22.0,1.0,0.0,0.0,0.0,0.0,1.5188615351321877,February,0,1,0,0,0,0,0,0,0,0,0,0,0
2019-02-03 00:00:00,3486.581616258029,3310421843.82123,108.7781769265316,115222660602.47768,61071179758.43584,11387807226.075611,115222660602.47768,0.530027508817329,0.0988330521663959,0.3711394390162751,19.0,1.0,0.0,0.0,0.0,0.0,1.5188615351321877,February,0,1,0,0,0,0,0,0,0,0,0,0,0
2019-02-04 00:00:00,3454.025843825187,2375918195.082078,107.19999697185268,113854727477.12209,60524138032.473946,11229439070.409464,113854727477.12209,0.53159090863957,0.098629537123664,0.3697795542367659,27.0,0.0,1.0,0.0,0.0,0.0,1.5188615351321877,February,0,1,0,0,0,0,0,0,0,0,0,0,0
2019-02-05 00:00:00,3464.003508861087,4454914648.715065,107.61824539435412,114191994234.89284,60723961265.783615,11267355154.846409,114191994234.89284,0.5317707399073396,0.0986702722055056,0.3695589878871547,21.0,1.0,0.0,0.0,0.0,0.0,1.5188615351321877,February,0,1,0,0,0,0,0,0,0,0,0,0,0
2019-02-06 00:00:00,3469.894677079264,3653777871.7193217,107.31703853339418,114147157754.98636,60825168548.915,11245947689.319769,114147157754.98636,0.5328662556756297,0.098521486741342,0.3686122575830282,14.0,1.0,0.0,0.0,0.0,0.0,1.5188615351321877,February,0,1,0,0,0,0,0,0,0,0,0,0,0
2019-02-07 00:00:00,3405.836861256719,4211212356.014064,104.62362623241393,111657241098.15443,59682137962.35292,10959290841.797949,111657241098.15443,0.5345120242572373,0.0981511878138201,0.3673367879289426,18.0,1.0,0.0,0.0,0.0,0.0,1.5188615351321877,February,0,1,0,0,0,0,0,0,0,0,0,0,0
2019-02-08 00:00:00,3394.0146529587223,3297274818.3709226,104.2653643923414,111542609076.62917,59482397752.99235,10923364917.939417,111542609076.62917,0.5332706330378938,0.097929974996686,0.3687993919654202,37.0,0.0,1.0,0.0,0.0,0.0,1.5188615351321877,February,0,1,0,0,0,0,0,0,0,0,0,0,0
2019-02-09 00:00:00,3664.282102658984,6293135761.36397,119.33360463375858,121665001271.59924,64226481382.1611,12490351594.278725,121665001271.59924,0.527896114008867,0.1026618293160236,0.3694420566751092,42.0,0.0,1.0,0.0,0.0,0.0,1.5188615351321877,February,0,1,0,0,0,0,0,0,0,0,0,0,0
2019-02-10 00:00:00,3667.4082642899566,4883557856.511256,119.48955517293044,121889142655.00356,64286029202.05369,12520670865.692411,121889142655.00356,0.5274139090797415,0.1027217895947554,0.369864301325503,40.0,0.0,1.0,0.0,0.0,0.0,1.5188615351321877,February,0,1,0,0,0,0,0,0,0,0,0,0,0
2019-02-11 00:00:00,3675.6916291247258,5081021129.885805,124.88963479029997,122880032405.744,64439836442.25577,13087985837.282696,122880032405.744,0.5244125931663047,0.1065102733214359,0.3690771335122593,46.0,0.0,1.0,0.0,0.0,0.0,1.5188615351321877,February,0,1,0,0,0,0,0,0,0,0,0,0,0
2019-02-12 00:00:00,3631.444539729949,5446022475.782068,120.97026174727318,120782197163.20049,63670312531.29947,12680390197.310717,120782197163.20049,0.5271498120312248,0.1049855897237654,0.3678645982450097,38.0,0.0,1.0,0.0,0.0,0.0,1.5188615351321877,February,0,1,0,0,0,0,0,0,0,0,0,0,0
2019-02-13 00:00:00,3633.9650467461183,5532706261.952275,122.54208894762355,121558953756.2903,63712841387.27635,12845310573.797472,121558953756.2903,0.5241312089195191,0.1056714472843409,0.3701973437961399,48.0,0.0,0.0,1.0,0.0,0.0,1.5188615351321877,February,0,1,0,0,0,0,0,0,0,0,0,0,0
2019-02-14 00:00:00,3610.062273063402,5635612273.288616,122.09412965721424,120600250650.50404,63267872020.65663,12793730452.297075,120600250650.50404,0.5246081304093227,0.1060837799531024,0.3693080896375748,48.0,0.0,0.0,1.0,0.0,0.0,1.5188615351321877,February,0,1,0,0,0,0,0,0,0,0,0,0,0
2019-02-15 00:00:00,3589.661829626318,11971659893.345224,120.59217399552682,119541058639.17026,62991824523.89914,12668201016.366796,119541058639.17026,0.5269471865230619,0.1059736391878981,0.3670791742890399,43.0,0.0,1.0,0.0,0.0,0.0,1.5188615351321877,February,0,1,0,0,0,0,0,0,0,0,0,0,0
2019-02-16 00:00:00,3601.2291913968643,4506367416.966915,121.57227847601176,120279699784.9836,63165603231.85129,12742765419.399738,120279699784.9836,0.5251559768171058,0.1059427770619578,0.3689012461209363,43.0,0.0,1.0,0.0,0.0,0.0,1.5188615351321877,February,0,1,0,0,0,0,0,0,0,0,0,0,0
2019-02-17 00:00:00,3622.591653075072,4019925054.643214,122.93860835926708,120969032477.13686,63547140519.07759,12903776985.469166,120969032477.13686,0.5253174239538371,0.1066700850724583,0.3680124909737046,38.0,0.0,1.0,0.0,0.0,0.0,1.5188615351321877,February,0,1,0,0,0,0,0,0,0,0,0,0,0
2019-02-18 00:00:00,3665.075530800723,4945386865.287532,133.88146961685993,123699055440.41225,64383522064.40136,14098327882.16335,123699055440.41225,0.5204851551628533,0.1139728014249448,0.3655420434122018,63.0,0.0,0.0,0.0,1.0,0.0,1.5188615351321877,February,0,1,0,0,0,0,0,0,0,0,0,0,0
2019-02-19 00:00:00,3886.5202004751386,9588927258.746944,145.32602670603126,131690051776.62224,68147457622.522125,15243928177.166456,131690051776.62224,0.5174837180420924,0.1157561104389555,0.3667601715189521,65.0,0.0,0.0,0.0,1.0,0.0,1.5188615351321877,February,0,1,0,0,0,0,0,0,0,0,0,0,0
2019-02-20 00:00:00,3915.0099712770552,5969708630.056735,143.65523417640586,132570132641.93872,68719418872.04398,15072819715.874296,132570132641.93872,0.5183627526243004,0.1136969497992792,0.3679402975764203,59.0,0.0,0.0,0.0,1.0,0.0,1.5188615351321877,February,0,1,0,0,0,0,0,0,0,0,0,0,0
2019-02-21 00:00:00,3976.808906528991,6377580055.125392,148.8684346762975,136041920446.18092,69790459105.50142,15611440200.106089,136041920446.18092,0.5130070119313773,0.1147546296678609,0.3722383584007617,59.0,0.0,0.0,0.0,1.0,0.0,1.5188615351321877,February,0,1,0,0,0,0,0,0,0,0,0,0,0
2019-02-22 00:00:00,3934.813593894817,6838246918.228343,145.2958232437471,133359043098.62029,69059468752.51183,15225793598.680445,133359043098.62029,0.5178461628690728,0.1141714370837291,0.367982400047198,61.0,0.0,0.0,0.0,1.0,0.0,1.5188615351321877,February,0,1,0,0,0,0,0,0,0,0,0,0,0
2019-02-23 00:00:00,3973.641322774636,5999302845.797907,148.04165031619752,135195090319.60732,69748877117.19371,15537602228.061953,135195090319.60732,0.5159127964802879,0.1149272668950503,0.3691599366246617,63.0,0.0,0.0,0.0,1.0,0.0,1.5188615351321877,February,0,1,0,0,0,0,0,0,0,0,0,0,0
2019-02-24 00:00:00,4115.337926787664,8493566414.707253,157.67559560191677,140530180607.23364,72266544791.73584,16550258314.845478,140530180607.23364,0.5142421683333124,0.117770134808989,0.3679876968576986,69.0,0.0,0.0,0.0,1.0,0.0,1.5188615351321877,February,0,1,0,0,0,0,0,0,0,0,0,0,0
2019-02-25 00:00:00,3742.868946700387,11112465191.137722,134.31602869596247,126946366187.68344,66108588220.39571,14284713525.163025,126946366187.68344,0.5207599886920566,0.1125255803229833,0.36671443098496,47.0,0.0,0.0,1.0,0.0,0.0,1.5188615351321877,February,0,1,0,0,0,0,0,0,0,0,0,0,0
2019-02-26 00:00:00,3824.683504217102,9049456993.516651,137.8218665264574,130016714240.22072,67154603799.94677,14472468022.306929,130016714240.22072,0.5165074674619986,0.1113123655437668,0.3721801669942345,40.0,0.0,1.0,0.0,0.0,0.0,1.5188615351321877,February,0,1,0,0,0,0,0,0,0,0,0,0,0
2019-02-27 00:00:00,3809.209774682024,2992667601.164757,135.99783785109707,128957893799.82718,66890485485.37128,14307393197.668602,128957893799.82718,0.5187002013944254,0.1109462381564406,0.370353560449134,39.0,0.0,1.0,0.0,0.0,0.0,1.5188615351321877,February,0,1,0,0,0,0,0,0,0,0,0,0,0
2019-02-28 00:00:00,3813.377891881294,7731184275.97685,134.84981713392082,128983029651.27974,67155912259.18905,14178777736.552544,128983029651.27974,0.5206569611580119,0.1099274670077643,0.3694155718342238,39.0,0.0,1.0,0.0,0.0,0.0,1.5188615351321877,February,0,1,0,0,0,0,0,0,0,0,0,0,0
2019-03-01 00:00:00,3815.607607524984,7627783000.608827,135.4906837644075,128991128012.5595,67016664287.2375,14233212113.400938,128991128012.5595,0.5195447572232431,0.1103425664439114,0.3701126763328454,42.0,0.0,1.0,0.0,0.0,0.0,1.8831863513063984,March,0,0,1,0,0,0,0,0,0,0,0,0,0
2019-03-02 00:00:00,3815.753939922755,5524886886.074838,134.95470877409352,129617157955.13696,67085713233.78275,14187938674.158926,129617157955.13696,0.517568154495429,0.1094603438155128,0.3729715016890581,41.0,0.0,1.0,0.0,0.0,0.0,1.8831863513063984,March,0,0,1,0,0,0,0,0,0,0,0,0,0
2019-03-03 00:00:00,3819.645730582585,3291046239.4080496,132.40742658761687,129302481235.4228,67101767698.9016,13922485507.386408,129302481235.4228,0.5189518952596779,0.1076737690906143,0.3733743356497078,44.0,0.0,1.0,0.0,0.0,0.0,1.8831863513063984,March,0,0,1,0,0,0,0,0,0,0,0,0,0
2019-03-04 00:00:00,3806.954273797957,6749676086.649796,130.5403477406027,128473880657.2763,66885712070.35212,13708633834.78851,128473880657.2763,0.5206172003847224,0.106703664314137,0.3726791353011406,36.0,0.0,1.0,0.0,0.0,0.0,1.8831863513063984,March,0,0,1,0,0,0,0,0,0,0,0,0,0
2019-03-05 00:00:00,3712.812457297799,3608196680.951456,125.6240824924571,124837021217.4942,65238057881.55198,13206850625.680405,124837021217.4942,0.522585826266173,0.1057927407821682,0.3716214329516587,35.0,0.0,1.0,0.0,0.0,0.0,1.8831863513063984,March,0,0,1,0,0,0,0,0,0,0,0,0,0
2019-03-06 00:00:00,3852.461665785486,9088065055.193892,136.5502476885833,131410264740.41415,67733767403.2078,14358338788.931305,131410264740.41415,0.515437416833518,0.109263449223655,0.375299133942827,42.0,0.0,1.0,0.0,0.0,0.0,1.8831863513063984,March,0,0,1,0,0,0,0,0,0,0,0,0,0
2019-03-07 00:00:00,3860.510762380684,8477459044.147217,137.32665152792868,132095497781.76138,67888909504.19791,14452766138.766956,132095497781.76138,0.5139381026926372,0.1094114968448415,0.3766504004625213,56.0,0.0,0.0,0.0,1.0,0.0,1.8831863513063984,March,0,0,1,0,0,0,0,0,0,0,0,0,0
2019-03-08 00:00:00,3871.637247965991,6098011809.539175,136.78614228385894,132584960333.05072,68020879276.31612,14369621725.628769,132584960333.05072,0.5130361626646721,0.1083804806331922,0.3785833567021356,54.0,0.0,0.0,1.0,0.0,0.0,1.8831863513063984,March,0,0,1,0,0,0,0,0,0,0,0,0,0
2019-03-09 00:00:00,3861.879307396147,9387592412.254822,133.5416931933968,131365208118.44232,67914021946.078575,14031460882.113089,131365208118.44232,0.5169863689086193,0.1068126110641255,0.3762010200272552,55.0,0.0,0.0,0.0,1.0,0.0,1.8831863513063984,March,0,0,1,0,0,0,0,0,0,0,0,0,0
2019-03-10 00:00:00,3941.600873271771,8968209821.64562,137.1960003042231,134761760344.61072,69292799411.19722,14428962251.829548,134761760344.61072,0.5141874017822469,0.1070701526525924,0.3787424455651607,55.0,0.0,0.0,0.0,1.0,0.0,1.8831863513063984,March,0,0,1,0,0,0,0,0,0,0,0,0,0
2019-03-11 00:00:00,3923.559788806432,8576340543.966685,135.62080210154824,134401310843.36456,68962957216.01791,14309692872.294828,134401310843.36456,0.5131122366536252,0.1064698906766749,0.3804178726696999,56.0,0.0,0.0,0.0,1.0,0.0,1.8831863513063984,March,0,0,1,0,0,0,0,0,0,0,0,0,0
2019-03-12 00:00:00,3860.359230028712,6459945402.485972,132.38753404384025,132012943591.0126,67983966610.10971,13919712301.577477,132012943591.0126,0.5149795524651724,0.1054420265387153,0.3795784209961123,56.0,0.0,0.0,0.0,1.0,0.0,1.8831863513063984,March,0,0,1,0,0,0,0,0,0,0,0,0,0
2019-03-13 00:00:00,3876.480852754649,8326845840.668451,133.28742563523164,133631537245.69826,68203157396.32404,14031839989.199167,133631537245.69826,0.5103821957157016,0.1050039554914337,0.3846138487928646,54.0,0.0,0.0,1.0,0.0,0.0,1.8831863513063984,March,0,0,1,0,0,0,0,0,0,0,0,0,0
2019-03-14 00:00:00,3865.817782663389,7240802846.749305,131.6683444532404,133110154154.61,67968370343.91208,13852442749.06418,133110154154.61,0.5106174714888055,0.1040675133842479,0.3853150151269465,55.0,0.0,0.0,0.0,1.0,0.0,1.8831863513063984,March,0,0,1,0,0,0,0,0,0,0,0,0,0
2019-03-15 00:00:00,3876.6987080329527,8610482287.345255,132.14623792639355,133655120634.4996,68177693410.06057,13903058196.646849,133655120634.4996,0.5101016189009542,0.1040218895515937,0.3858764915474521,55.0,0.0,0.0,0.0,1.0,0.0,1.8831863513063984,March,0,0,1,0,0,0,0,0,0,0,0,0,0
2019-03-16 00:00:00,3925.460579704576,8157372614.811613,136.4478648131974,137555057827.01196,69031558676.15643,14361253091.20203,137555057827.01196,0.5018467497063606,0.1044036716502465,0.3937495786433929,54.0,0.0,0.0,1.0,0.0,0.0,1.8831863513063984,March,0,0,1,0,0,0,0,0,0,0,0,0,0
2019-03-17 00:00:00,4007.709463818873,8463266884.802993,141.08804416286097,140917944807.57437,70497099778.1464,14864545411.806246,140917944807.57437,0.5002705643657468,0.1054836943024113,0.3942457413318418,58.0,0.0,0.0,0.0,1.0,0.0,1.8831863513063984,March,0,0,1,0,0,0,0,0,0,0,0,0,0
2019-03-18 00:00:00,3980.990104732021,6533306536.989777,138.55063028189403,139262511582.87134,70051219293.32379,14586546977.699163,139262511582.87134,0.5030156249310369,0.1047413752050501,0.392242999863913,56.0,0.0,0.0,0.0,1.0,0.0,1.8831863513063984,March,0,0,1,0,0,0,0,0,0,0,0,0,0
2019-03-19 00:00:00,3986.7068940461454,7639543944.601985,137.65794893090973,139482514863.5119,70152235369.2381,14504816696.08246,139482514863.5119,0.5029464477170081,0.1039902149045411,0.3930633373784507,56.0,0.0,0.0,0.0,1.0,0.0,1.8831863513063984,March,0,0,1,0,0,0,0,0,0,0,0,0,0
2019-03-20 00:00:00,4013.576969345481,7503839510.974511,138.5225166550466,140513657622.7591,70618508801.77231,14588139258.964716,140513657622.7591,0.502573984597026,0.1038200805940864,0.3936059348088876,55.0,0.0,0.0,0.0,1.0,0.0,1.8831863513063984,March,0,0,1,0,0,0,0,0,0,0,0,0,0
2019-03-21 00:00:00,4045.57263350974,9137227916.145351,139.0759731796369,141811850902.9788,71208656536.95811,14646332154.545843,141811850902.9788,0.5021347375662971,0.1032800295693636,0.3945852328643392,62.0,0.0,0.0,0.0,1.0,0.0,1.8831863513063984,March,0,0,1,0,0,0,0,0,0,0,0,0,0
2019-03-22 00:00:00,3983.317781297362,9845582434.366615,135.05601072736965,139078349047.2706,70175421257.0859,14226418657.384989,139078349047.2706,0.5045747360233214,0.1022906782748021,0.3931345857018765,56.0,0.0,0.0,0.0,1.0,0.0,1.8831863513063984,March,0,0,1,0,0,0,0,0,0,0,0,0,0
2019-03-23 00:00:00,3989.1584912154526,9404569962.845264,136.0995360201361,140252588187.0205,70227188528.50433,14349872413.090286,140252588187.0205,0.5007193766353855,0.1023144927204864,0.3969661306441281,50.0,0.0,0.0,1.0,0.0,0.0,1.8831863513063984,March,0,0,1,0,0,0,0,0,0,0,0,0,0
2019-03-24 00:00:00,4008.945386314754,9206940724.647112,137.19806866408575,141327606586.36227,70485598083.6817,14458951512.820686,141327606586.36227,0.4987390629912738,0.1023080476777559,0.3989528893309703,44.0,0.0,1.0,0.0,0.0,0.0,1.8831863513063984,March,0,0,1,0,0,0,0,0,0,0,0,0,0
2019-03-25 00:00:00,3993.394900459549,9883972400.782845,136.05748300079634,140718794917.22772,70330401859.60312,14349083379.676004,140718794917.22772,0.4997939465085115,0.1019699137426261,0.3982361397488624,46.0,0.0,1.0,0.0,0.0,0.0,1.8831863513063984,March,0,0,1,0,0,0,0,0,0,0,0,0,0
2019-03-26 00:00:00,3927.577296521434,10661215003.017866,133.8175199792062,138448552493.49667,69206266248.88437,14114508110.83552,138448552493.49667,0.4998699155929072,0.1019476755562216,0.3981824088508712,43.0,0.0,1.0,0.0,0.0,0.0,1.8831863513063984,March,0,0,1,0,0,0,0,0,0,0,0,0,0
2019-03-27 00:00:00,3938.659743156943,19375985748.4686,134.02990438257248,138555570515.87756,69368692535.334,14127347666.266151,138555570515.87756,0.5006561069833334,0.1019616000545228,0.3973822929621437,44.0,0.0,1.0,0.0,0.0,0.0,1.8831863513063984,March,0,0,1,0,0,0,0,0,0,0,0,0,0
2019-03-28 00:00:00,4036.16091792076,16215886403.31156,139.63660664431762,143607335644.70273,71134892682.49236,14728909325.816015,143607335644.70273,0.4953430294012722,0.1025637670923485,0.4020932035063793,49.0,0.0,0.0,1.0,0.0,0.0,1.8831863513063984,March,0,0,1,0,0,0,0,0,0,0,0,0,0
2019-03-29 00:00:00,4028.3913011796208,15160882530.764353,137.81198852309657,142933936865.40414,70961529493.34933,14528588960.681654,142933936865.40414,0.4964638283221101,0.101645482376678,0.4018906893012118,50.0,0.0,0.0,1.0,0.0,0.0,1.8831863513063984,March,0,0,1,0,0,0,0,0,0,0,0,0,0
2019-03-30 00:00:00,4103.322859513963,16340416942.468424,143.14644309796884,145765741830.52966,72303023146.20026,15091573435.250277,145765741830.52966,0.4960220572969833,0.1035330609629528,0.4004448817400637,57.0,0.0,0.0,0.0,1.0,0.0,1.8831863513063984,March,0,0,1,0,0,0,0,0,0,0,0,0,0
2019-03-31 00:00:00,4103.856421333923,13007834059.593706,142.28965262894044,145632526215.76035,72305792937.3489,15005382590.00451,145632526215.76035,0.4964948065944075,0.1030359287167307,0.4004692646888617,56.0,0.0,0.0,0.0,1.0,0.0,1.8831863513063984,March,0,0,1,0,0,0,0,0,0,0,0,0,0
2019-04-01 00:00:00,4103.521738549332,9729996888.256723,141.586389044902,146273297112.8254,72310769858.13646,14930496588.280657,146273297112.8254,0.4943538655750734,0.1020726057522602,0.4035735286726662,62.0,0.0,0.0,0.0,1.0,0.0,2.000583470209061,April,0,0,0,1,0,0,0,0,0,0,0,0,0
2019-04-02 00:00:00,4146.321927706636,12393581266.933498,141.51455520152766,147628998219.0422,73066822741.99345,14928001079.06664,147628998219.0422,0.4949354369632835,0.1011183524859896,0.4039462105507269,60.0,0.0,0.0,0.0,1.0,0.0,2.000583470209061,April,0,0,0,1,0,0,0,0,0,0,0,0,0
2019-04-03 00:00:00,4862.230427766917,24241877355.46616,164.05054289558294,171231559242.81488,86200568432.5752,17376379496.109585,171231559242.81488,0.5034151929337891,0.1014788370376807,0.3951059700285301,71.0,0.0,0.0,0.0,1.0,0.0,2.000583470209061,April,0,0,0,1,0,0,0,0,0,0,0,0,0
2019-04-04 00:00:00,4955.831824018296,27840300618.851505,160.43283831978377,173274471837.14334,87673795383.52638,17073994347.06151,173274471837.14334,0.5059821822220237,0.0985372753760805,0.3954805424018957,61.0,0.0,0.0,0.0,1.0,0.0,2.000583470209061,April,0,0,0,1,0,0,0,0,0,0,0,0,0
2019-04-05 00:00:00,4899.021553783287,23773239680.77824,157.41222580794496,171264363536.3737,86482892583.41296,16631238666.397068,171264363536.3737,0.5049672377700772,0.0971085771901687,0.397924185039754,59.0,0.0,0.0,0.0,1.0,0.0,2.000583470209061,April,0,0,0,1,0,0,0,0,0,0,0,0,0
2019-04-06 00:00:00,5014.955826888765,20072621554.053333,165.1385234713877,177578979504.91678,88332459637.7143,17415767438.96335,177578979504.91678,0.4974263276204296,0.0980733614277873,0.404500310951783,65.0,0.0,0.0,0.0,1.0,0.0,2.000583470209061,April,0,0,0,1,0,0,0,0,0,0,0,0,0
2019-04-07 00:00:00,5041.869075888309,19652913084.11381,165.32515186458005,178238525033.26578,88955701285.46048,17431813826.27367,178238525033.26578,0.4990823463606317,0.097800482937234,0.4031171707021342,69.0,0.0,0.0,0.0,1.0,0.0,2.000583470209061,April,0,0,0,1,0,0,0,0,0,0,0,0,0
2019-04-08 00:00:00,5176.97788362072,22875598540.26693,174.09052297795662,182998632374.95612,91102196906.19292,18330615695.15078,182998632374.9561,0.4978299330649014,0.1001680474725743,0.4020020194625243,65.0,0.0,0.0,0.0,1.0,0.0,2.000583470209061,April,0,0,0,1,0,0,0,0,0,0,0,0,0
2019-04-09 00:00:00,5266.89477647303,21960916922.811954,180.01192355336678,184369288598.94315,92817357385.16908,19005528101.20768,184369288598.94315,0.5034317704998789,0.103084023622558,0.393484205877563,64.0,0.0,0.0,0.0,1.0,0.0,2.000583470209061,April,0,0,0,1,0,0,0,0,0,0,0,0,0
2019-04-10 00:00:00,5172.1752647597095,15780870292.553698,175.2941224274854,180587007980.6081,91255525157.87744,18514941900.58221,180587007980.6081,0.5053271892498308,0.1025264336987652,0.392146377051404,62.0,0.0,0.0,0.0,1.0,0.0,2.000583470209061,April,0,0,0,1,0,0,0,0,0,0,0,0,0
2019-04-11 00:00:00,5308.905683164441,19407452726.86936,177.3253178087243,184291030636.2921,93646653914.38364,18738487750.9329,184291030636.2921,0.5081454783287861,0.1016787832062987,0.3901757384649152,65.0,0.0,0.0,0.0,1.0,0.0,2.000583470209061,April,0,0,0,1,0,0,0,0,0,0,0,0,0
2019-04-12 00:00:00,5047.79316241402,19758274668.34452,165.03710682659573,172752489217.3666,89079171479.86378,17442825237.19966,172752489217.3666,0.5156462397932774,0.100970037052561,0.3833837231541615,42.0,0.0,1.0,0.0,0.0,0.0,2.000583470209061,April,0,0,0,1,0,0,0,0,0,0,0,0,0
2019-04-13 00:00:00,5082.46515242293,15595642633.838465,164.57194837218958,173900130773.30087,89668931907.92058,17386399385.122326,173900130773.30087,0.5156346433391388,0.0999792197269105,0.3843861369339507,62.0,0.0,0.0,0.0,1.0,0.0,2.000583470209061,April,0,0,0,1,0,0,0,0,0,0,0,0,0
2019-04-14 00:00:00,5072.987191337883,12260233700.583128,163.97160033492332,173545982131.37543,89473995793.9539,17327865226.321712,173545982131.37543,0.5155636258188998,0.0998459602090033,0.3845904139720968,51.0,0.0,0.0,1.0,0.0,0.0,2.000583470209061,April,0,0,0,1,0,0,0,0,0,0,0,0,0
2019-04-15 00:00:00,5149.314492798127,12373544680.894629,167.61800117879454,177033277789.27762,90952758268.0811,17700075886.552334,177033277789.27762,0.5137607991212929,0.0999816311802163,0.3862575696984908,60.0,0.0,0.0,0.0,1.0,0.0,2.000583470209061,April,0,0,0,1,0,0,0,0,0,0,0,0,0
2019-04-16 00:00:00,5039.881017404402,13837248984.63684,160.53249078494966,172492450662.45056,89148028192.09521,16995977336.81406,172492450662.45056,0.5168227818071207,0.0985317170203198,0.3846455011725594,50.0,0.0,0.0,1.0,0.0,0.0,2.000583470209061,April,0,0,0,1,0,0,0,0,0,0,0,0,0
2019-04-17 00:00:00,5213.598376962082,13646324289.841606,166.4845378681717,177843391218.7885,91835875597.91148,17609171351.003345,177843391218.7885,0.5163862146833003,0.0990150448117579,0.3845987405049418,61.0,0.0,0.0,0.0,1.0,0.0,2.000583470209061,April,0,0,0,1,0,0,0,0,0,0,0,0,0
2019-04-18 00:00:00,5218.957150384528,14530488675.954275,166.3272646030099,178071053918.4931,92156851198.58775,17588516336.63911,178071053918.4931,0.5175285324069003,0.0987724616078801,0.3836990059852195,64.0,0.0,0.0,0.0,1.0,0.0,2.000583470209061,April,0,0,0,1,0,0,0,0,0,0,0,0,0
2019-04-19 00:00:00,5274.767013336503,15343841014.064018,173.41362781077277,181199787813.60944,93215173176.98566,18314771488.82244,181199787813.60944,0.5144331254563672,0.1010750162006915,0.3844918583429413,61.0,0.0,0.0,0.0,1.0,0.0,2.000583470209061,April,0,0,0,1,0,0,0,0,0,0,0,0,0
2019-04-20 00:00:00,5280.354444383007,16257796673.886168,173.2282621688014,181202100137.80984,93210585886.91354,18342659764.36273,181202100137.80984,0.5144012448863672,0.1012276334016689,0.3843711217119638,62.0,0.0,0.0,0.0,1.0,0.0,2.000583470209061,April,0,0,0,1,0,0,0,0,0,0,0,0,0
2019-04-21 00:00:00,5307.689183437135,14990889921.786966,173.16628767058037,181654687357.73123,93900276128.91374,18306343766.281067,181654687357.73123,0.5169163399785914,0.1007755100215527,0.3823081499998558,62.0,0.0,0.0,0.0,1.0,0.0,2.000583470209061,April,0,0,0,1,0,0,0,0,0,0,0,0,0
2019-04-22 00:00:00,5311.164840299274,16383813161.830387,169.98788930945395,179061478661.56882,93759009855.06888,17972610400.17828,179061478661.56882,0.5236135128330757,0.1003711715915571,0.3760153155753671,61.0,0.0,0.0,0.0,1.0,0.0,2.000583470209061,April,0,0,0,1,0,0,0,0,0,0,0,0,0
2019-04-23 00:00:00,5380.935789575588,17199396916.729523,171.0434707895899,180741725253.62515,94990455842.8902,18087557354.45475,180741725253.62515,0.525559085538191,0.1000740550034777,0.3743668594583312,68.0,0.0,0.0,0.0,1.0,0.0,2.000583470209061,April,0,0,0,1,0,0,0,0,0,0,0,0,0
2019-04-24 00:00:00,5557.9257276108365,19400647819.940308,170.91296418483168,182491854800.2525,98039931169.25388,18058590378.524723,182491854800.2525,0.5372290794926932,0.0989555966664422,0.3638153238408646,65.0,0.0,0.0,0.0,1.0,0.0,2.000583470209061,April,0,0,0,1,0,0,0,0,0,0,0,0,0
2019-04-25 00:00:00,5452.101753394462,20538511242.262634,165.66966005027157,177011697343.6293,96218396013.24342,17513743539.566673,177011697343.6293,0.543570834341284,0.0989411649195566,0.3574880007391594,58.0,0.0,0.0,0.0,1.0,0.0,2.000583470209061,April,0,0,0,1,0,0,0,0,0,0,0,0,0
2019-04-26 00:00:00,5203.088598730703,19329534423.79327,153.9304406219976,173438671428.97702,91817406863.89629,16278218288.123907,173438671428.97702,0.529394085571599,0.0938557598141532,0.3767501546142478,41.0,0.0,1.0,0.0,0.0,0.0,2.000583470209061,April,0,0,0,1,0,0,0,0,0,0,0,0,0
2019-04-27 00:00:00,5295.847320048228,19632024917.711243,157.3757012457437,171228863542.94934,93049690718.15042,16557928986.13092,171228863542.94934,0.5434229299478517,0.0967005716415193,0.3598764984106289,42.0,0.0,1.0,0.0,0.0,0.0,2.000583470209061,April,0,0,0,1,0,0,0,0,0,0,0,0,0
2019-04-28 00:00:00,5256.977802474059,14876251954.397636,158.28919434200932,171337278660.17896,93148101239.95938,16729345051.253408,171337278660.17896,0.5436534417282549,0.0976398433666819,0.3587067149050631,40.0,0.0,1.0,0.0,0.0,0.0,2.000583470209061,April,0,0,0,1,0,0,0,0,0,0,0,0,0
2019-04-29 00:00:00,5257.803249232503,15573084968.740429,156.5951891487867,170956778414.0789,92775167509.00262,16559733009.547436,170956778414.0789,0.5426820063506897,0.0968650273078828,0.3604529663414273,42.0,0.0,1.0,0.0,0.0,0.0,2.000583470209061,April,0,0,0,1,0,0,0,0,0,0,0,0,0
2019-04-30 00:00:00,5199.755008563461,15442022886.730194,154.08028243009934,167663536199.40433,91885324029.79892,16314567668.36402,167663536199.40433,0.5480340335928413,0.097305401270798,0.3546605651363606,42.0,0.0,1.0,0.0,0.0,0.0,2.000583470209061,April,0,0,0,1,0,0,0,0,0,0,0,0,0
2019-05-01 00:00:00,5292.803974562054,16794865767.201723,160.74469184721738,173203820166.4944,93534079555.95956,17017994744.38944,173203820166.4944,0.5400231904010474,0.0982541535633029,0.3617226560356497,51.0,0.0,0.0,1.0,0.0,0.0,1.7959105553606136,May,0,0,0,0,1,0,0,0,0,0,0,0,0
2019-05-02 00:00:00,5354.5868001739655,14566414699.69271,159.48931440238658,174038060520.18332,94579889910.03488,16881275146.405905,174038060520.18332,0.5434437135609563,0.0969976055579415,0.3595586808811021,50.0,0.0,0.0,1.0,0.0,0.0,1.7959105553606136,May,0,0,0,0,1,0,0,0,0,0,0,0,0
2019-05-03 00:00:00,5450.706620486424,16512618030.609243,160.95718796104512,176166933517.8721,96389607751.5058,17057211134.916904,176166933517.8721,0.5471492625017912,0.0968241360299687,0.35602660146824,63.0,0.0,0.0,0.0,1.0,0.0,1.7959105553606136,May,0,0,0,0,1,0,0,0,0,0,0,0,0
2019-05-04 00:00:00,5731.493099606555,20006287572.082245,166.63211526803485,183641817969.6813,101175865117.03496,17632782365.111347,183641817969.6813,0.5509413173732509,0.0960172501016215,0.3530414325251275,66.0,0.0,0.0,0.0,1.0,0.0,1.7959105553606136,May,0,0,0,0,1,0,0,0,0,0,0,0,0
2019-05-05 00:00:00,5803.943309048437,19242843059.82611,162.83631690744346,183517420315.05664,102653043813.21808,17251245248.674953,183517420315.05664,0.5593640300576737,0.0940033116150967,0.3466326583272296,67.0,0.0,0.0,0.0,1.0,0.0,1.7959105553606136,May,0,0,0,0,1,0,0,0,0,0,0,0,0
2019-05-06 00:00:00,5749.323780460327,16184057012.270828,162.37013497277283,181985173496.3329,101764683178.68076,17213549032.231903,181985173496.3329,0.5591921650734442,0.0945876452544018,0.346220189672154,57.0,0.0,0.0,0.0,1.0,0.0,1.7959105553606136,May,0,0,0,0,1,0,0,0,0,0,0,0,0
2019-05-07 00:00:00,5715.7571359661015,16811224132.040009,172.8283284518378,182206260782.97665,101101531131.03914,18328559385.30721,182206260782.97665,0.5548740789508861,0.1005923688162291,0.3445335522328847,69.0,0.0,0.0,0.0,1.0,0.0,1.7959105553606136,May,0,0,0,0,1,0,0,0,0,0,0,0,0
2019-05-08 00:00:00,5841.053771273751,19408267639.192204,170.09589748059332,183054720999.95453,103982497546.43156,18164993797.052807,183054720999.95453,0.568040512576878,0.0992325884731337,0.3327268989499882,63.0,0.0,0.0,0.0,1.0,0.0,1.7959105553606136,May,0,0,0,0,1,0,0,0,0,0,0,0,0
2019-05-09 00:00:00,5957.856732858399,16672412472.112144,170.11063311538186,185653787915.63904,105271848239.8506,18006362667.522446,185653787915.63904,0.5670331288240995,0.0969889323007216,0.3359779388751788,69.0,0.0,0.0,0.0,1.0,0.0,1.7959105553606136,May,0,0,0,0,1,0,0,0,0,0,0,0,0
2019-05-10 00:00:00,6168.268996398258,18401396126.03976,170.57549417946805,191863787264.0796,109284325643.20634,18116042476.197884,191863787264.0796,0.5695932890805934,0.0944213743225193,0.3359853365968872,71.0,0.0,0.0,0.0,1.0,0.0,1.7959105553606136,May,0,0,0,0,1,0,0,0,0,0,0,0,0
2019-05-11 00:00:00,6370.233758607852,20801839693.04227,172.68209089135948,193090573333.0182,112684642518.92992,18289505929.628407,193090573333.0182,0.58358437998206,0.0947198281817982,0.3216957918361416,76.0,0.0,0.0,0.0,0.0,1.0,1.7959105553606136,May,0,0,0,0,1,0,0,0,0,0,0,0,0
2019-05-12 00:00:00,7258.261280655222,32480039429.76877,196.6901677286205,219227847025.6174,129323693413.35974,21127886686.212933,219227847025.6174,0.5899054119627781,0.09637410106821,0.3137204869690119,75.0,0.0,0.0,0.0,1.0,0.0,1.7959105553606136,May,0,0,0,0,1,0,0,0,0,0,0,0,0
2019-05-13 00:00:00,6953.75138858638,31545333636.53804,187.2720183708742,209024907658.4943,122826926577.3603,19825564759.39219,209024907658.4943,0.587618614227714,0.0948478579968243,0.3175335277754616,78.0,0.0,0.0,0.0,0.0,1.0,1.7959105553606136,May,0,0,0,0,1,0,0,0,0,0,0,0,0
2019-05-14 00:00:00,7805.98164948938,32078035930.772472,196.0761130134244,228322103892.72223,138089773338.27194,20785018542.36909,228322103892.72223,0.6048024741535922,0.0910337553307365,0.3041637705156712,78.0,0.0,0.0,0.0,0.0,1.0,1.7959105553606136,May,0,0,0,0,1,0,0,0,0,0,0,0,0
2019-05-15 00:00:00,7990.055553534356,35426123184.643654,218.28460968764932,240436242746.59177,141341132028.998,23191421813.968952,240436242746.59177,0.5878528561851,0.0964555989939153,0.3156915448209846,77.0,0.0,0.0,0.0,0.0,1.0,1.7959105553606136,May,0,0,0,0,1,0,0,0,0,0,0,0,0
2019-05-16 00:00:00,8192.223138952013,30893707828.03641,248.7450042698437,255406908061.81183,144615566025.01224,26321593931.32679,255406908061.81183,0.5662163452133933,0.1030574863110461,0.3307261684755606,75.0,0.0,0.0,0.0,1.0,0.0,1.7959105553606136,May,0,0,0,0,1,0,0,0,0,0,0,0,0
2019-05-17 00:00:00,7875.913199526066,35026947533.93092,264.90012138907406,248219730843.4409,139525363820.16046,27977152978.337208,248219730843.4409,0.562104242664589,0.1127112372705906,0.3251845200648203,65.0,0.0,0.0,0.0,1.0,0.0,1.7959105553606136,May,0,0,0,0,1,0,0,0,0,0,0,0,0
2019-05-18 00:00:00,7343.371457162994,33030146385.78164,243.57049917993308,232728025029.7512,130123159718.19748,25882741084.84837,232728025029.7512,0.559121144527235,0.1112145435924169,0.329664311880348,67.0,0.0,0.0,0.0,1.0,0.0,1.7959105553606136,May,0,0,0,0,1,0,0,0,0,0,0,0,0
2019-05-19 00:00:00,7300.655158341227,22478772524.43196,235.32720134102,228967630460.6691,129270047519.99455,24992104363.05817,228967630460.6691,0.5645778281406458,0.1091512556284727,0.3262709162308814,70.0,0.0,0.0,0.0,1.0,0.0,1.7959105553606136,May,0,0,0,0,1,0,0,0,0,0,0,0,0
2019-05-20 00:00:00,8168.730689783752,30747684364.455803,260.59698403060327,253974223515.30887,144597541605.24557,27696392705.66153,253974223515.30887,0.5693394376950606,0.1090519830017004,0.321608579303239,73.0,0.0,0.0,0.0,1.0,0.0,1.7959105553606136,May,0,0,0,0,1,0,0,0,0,0,0,0,0
2019-05-21 00:00:00,7976.851712899625,28621475467.769623,251.9614994995826,247145849934.30536,141109768386.16797,26710731424.55328,247145849934.30536,0.5709574667091388,0.1080767952674639,0.3209657380233972,68.0,0.0,0.0,0.0,1.0,0.0,1.7959105553606136,May,0,0,0,0,1,0,0,0,0,0,0,0,0
2019-05-22 00:00:00,7958.365526075088,25314342979.04727,256.0830401834705,248869048420.9512,141016653223.21735,27208222408.161823,248869048420.9512,0.5666299369807282,0.1093274659134803,0.3240425971057915,69.0,0.0,0.0,0.0,1.0,0.0,1.7959105553606136,May,0,0,0,0,1,0,0,0,0,0,0,0,0
2019-05-23 00:00:00,7665.79685383355,24589881451.39529,244.5494630136104,240220266909.29028,135913068220.78972,25986179169.035725,240220266909.29028,0.565785185277943,0.1081764644731178,0.3260383502489392,65.0,0.0,0.0,0.0,1.0,0.0,1.7959105553606136,May,0,0,0,0,1,0,0,0,0,0,0,0,0
2019-05-24 00:00:00,7861.812792465447,25345060242.591587,244.6460957973966,245700890012.2469,139495233992.3291,26015066752.04653,245700890012.2469,0.5677441135250914,0.10588104402369,0.3263748424512186,64.0,0.0,0.0,0.0,1.0,0.0,1.7959105553606136,May,0,0,0,0,1,0,0,0,0,0,0,0,0
2019-05-25 00:00:00,7977.244882467973,27368459147.198563,248.54526290535333,250123643774.2779,141356836449.39377,26403380130.094868,250123643774.2779,0.5651478377508371,0.1055613125239866,0.3292908497251762,69.0,0.0,0.0,0.0,1.0,0.0,1.7959105553606136,May,0,0,0,0,1,0,0,0,0,0,0,0,0
2019-05-26 00:00:00,8037.627431860584,23978335158.48492,250.82036469745617,252328109545.93555,142301375408.95212,26638407046.8726,252328109545.93555,0.5639537175030696,0.1055705093451871,0.3304757731517432,67.0,0.0,0.0,0.0,1.0,0.0,1.7959105553606136,May,0,0,0,0,1,0,0,0,0,0,0,0,0
2019-05-27 00:00:00,8631.080577844017,29224396883.37161,266.122182078436,269004175968.8173,152778982387.80127,28248518480.178585,269004175968.8173,0.5679427906186528,0.105011449649217,0.3270457597321301,70.0,0.0,0.0,0.0,1.0,0.0,1.7959105553606136,May,0,0,0,0,1,0,0,0,0,0,0,0,0
2019-05-28 00:00:00,8816.03391493351,33136840741.2636,273.40508817754096,275888182098.466,156351517828.83902,29061104048.029087,275888182098.466,0.5667206062963448,0.1053365310068157,0.3279428626968395,71.0,0.0,0.0,0.0,1.0,0.0,1.7959105553606136,May,0,0,0,0,1,0,0,0,0,0,0,0,0
2019-05-29 00:00:00,8726.978110456395,27335990651.150314,271.227867157993,271107893820.12515,154706420284.54605,28849462681.915,271107893820.12515,0.5706452073549388,0.106413215326943,0.322941577318118,71.0,0.0,0.0,0.0,1.0,0.0,1.7959105553606136,May,0,0,0,0,1,0,0,0,0,0,0,0,0
2019-05-30 00:00:00,8650.677405968292,28214892246.82482,268.7857564563058,274759824888.2497,153190671229.78632,28545915354.884007,274759824888.2497,0.5575439251065618,0.1038940659046285,0.3385620089888096,73.0,0.0,0.0,0.0,1.0,0.0,1.7959105553606136,May,0,0,0,0,1,0,0,0,0,0,0,0,0
2019-05-31 00:00:00,8310.891063057417,33295240431.3568,255.377363146064,262697583904.8381,147528939419.42154,27163085813.469257,262697583904.8381,0.5615922964592767,0.1034005924596133,0.3350071110811099,61.0,0.0,0.0,0.0,1.0,0.0,1.7959105553606136,May,0,0,0,0,1,0,0,0,0,0,0,0,0
2019-06-01 00:00:00,8575.646353354166,30329343188.810726,268.12603920482644,274026831087.71503,152037344606.20877,28499454382.30483,274026831087.71503,0.5548264890803417,0.104002422934936,0.3411710879847222,62.0,0.0,0.0,0.0,1.0,0.0,1.671194894390049,June,0,0,0,0,0,1,0,0,0,0,0,0,0
2019-06-02 00:00:00,8554.261728092017,26683797989.859898,264.72732428744166,271799343260.37653,151754429106.1446,28173804952.878983,271799343260.37653,0.5583325819914432,0.1036566336581955,0.3380107843503612,63.0,0.0,0.0,0.0,1.0,0.0,1.671194894390049,June,0,0,0,0,0,1,0,0,0,0,0,0,0
2019-06-03 00:00:00,8743.705469134235,25133975363.261288,269.9388294795906,277951561683.0742,155008799790.32507,28695353819.42512,277951561683.0742,0.5576827805956677,0.1032386853510257,0.3390785340533065,66.0,0.0,0.0,0.0,1.0,0.0,1.671194894390049,June,0,0,0,0,0,1,0,0,0,0,0,0,0
2019-06-04 00:00:00,8173.632761796738,24486741553.27431,251.75257532903564,260260262270.98376,145118113641.65356,26744262117.273018,260260262270.98376,0.5575884400306803,0.1027596832643886,0.339651876704931,42.0,0.0,1.0,0.0,0.0,0.0,1.671194894390049,June,0,0,0,0,0,1,0,0,0,0,0,0,0
2019-06-05 00:00:00,7683.636261419786,25442100899.74761,240.2394336582005,246005023094.8368,136045887609.96284,25505094563.584915,246005023094.8368,0.5530207712771626,0.1036771292013517,0.3433020995214856,27.0,0.0,1.0,0.0,0.0,0.0,1.671194894390049,June,0,0,0,0,0,1,0,0,0,0,0,0,0
2019-06-06 00:00:00,7812.44885473215,24641673547.47732,246.826569090174,249991417965.6815,138590833268.1022,26217390413.075325,249991417965.6815,0.554382363986302,0.1048731617525943,0.3407444742611036,34.0,0.0,1.0,0.0,0.0,0.0,1.671194894390049,June,0,0,0,0,0,1,0,0,0,0,0,0,0
2019-06-07 00:00:00,7821.123897094859,24560046377.825275,249.9679117723965,252237670718.76355,138816674700.54028,26581663259.716743,252237670718.76355,0.5503407730692065,0.1053833996483197,0.3442758272824737,27.0,0.0,1.0,0.0,0.0,0.0,1.671194894390049,June,0,0,0,0,0,1,0,0,0,0,0,0,0
2019-06-08 00:00:00,8036.108159122215,23629265497.41496,250.63689323005363,258096991421.6275,142810130543.30536,26701545587.49556,258096991421.6275,0.5533196251404984,0.1034554701332255,0.3432249047262761,62.0,0.0,0.0,0.0,1.0,0.0,1.671194894390049,June,0,0,0,0,0,1,0,0,0,0,0,0,0
2019-06-09 00:00:00,7942.539284064289,19829877310.70781,244.6298057192656,254079728519.86044,140990840427.82074,26034305601.98276,254079728519.86044,0.5549078678931287,0.1024651031927868,0.3426270289140845,62.0,0.0,0.0,0.0,1.0,0.0,1.671194894390049,June,0,0,0,0,0,1,0,0,0,0,0,0,0
2019-06-10 00:00:00,7668.029627860183,20152037017.9227,232.04158416760484,244288041010.2497,136055336062.27316,24672828577.74306,244288041010.2497,0.5569463633979718,0.1009989210921211,0.342054715509907,46.0,0.0,1.0,0.0,0.0,0.0,1.671194894390049,June,0,0,0,0,0,1,0,0,0,0,0,0,0
2019-06-11 00:00:00,8002.729982894047,21741587787.86512,247.252276227976,257055707821.67337,141925422733.43433,26297325019.25777,257055707821.67337,0.5521193205011106,0.1023020466734819,0.3455786328254074,61.0,0.0,0.0,0.0,1.0,0.0,1.671194894390049,June,0,0,0,0,0,1,0,0,0,0,0,0,0
2019-06-12 00:00:00,7897.975476598364,21017248550.29671,245.0893785394153,253609838107.6217,140220553937.84616,26090193634.664776,253609838107.6217,0.5528987163279615,0.1028753215149057,0.3442259621571327,60.0,0.0,0.0,0.0,1.0,0.0,1.671194894390049,June,0,0,0,0,0,1,0,0,0,0,0,0,0
2019-06-13 00:00:00,8145.05909812096,22181532883.49916,260.5666340627198,262821359383.51648,144409895371.7695,27568882097.168007,262821359383.51648,0.5494602710772926,0.1048958964440127,0.3456438324786947,63.0,0.0,0.0,0.0,1.0,0.0,1.671194894390049,June,0,0,0,0,0,1,0,0,0,0,0,0,0
2019-06-14 00:00:00,8227.625725590904,22919390183.839664,255.1204266417473,264247432938.4997,145982200973.5864,27144233034.692554,264247432938.4997,0.552445105521846,0.1027227880053239,0.3448321064728301,67.0,0.0,0.0,0.0,1.0,0.0,1.671194894390049,June,0,0,0,0,0,1,0,0,0,0,0,0,0
2019-06-15 00:00:00,8671.505388660793,23291543613.42556,263.92853843827874,273226181591.2654,154448670610.87314,28177766390.07106,273226181591.2654,0.5652777113502311,0.1031298180356075,0.3315924706141614,75.0,0.0,0.0,0.0,1.0,0.0,1.671194894390049,June,0,0,0,0,0,1,0,0,0,0,0,0,0
2019-06-16 00:00:00,8818.609506932296,21892878336.78525,268.1121928964469,277825988236.3949,156571955413.46933,28555069614.98048,277825988236.3949,0.5635612291253558,0.1027804122870021,0.333658358587642,80.0,0.0,0.0,0.0,0.0,1.0,1.671194894390049,June,0,0,0,0,0,1,0,0,0,0,0,0,0
2019-06-17 00:00:00,8978.77258780693,27305637341.28109,269.0716935274996,282465702258.1135,159990740760.34872,28730739929.02647,282465702258.1135,0.5664076717326596,0.101714083158927,0.3318782451084134,84.0,0.0,0.0,0.0,0.0,1.0,1.671194894390049,June,0,0,0,0,0,1,0,0,0,0,0,0,0
2019-06-18 00:00:00,9312.868294808708,27464356714.40349,273.12368845247914,290773409580.29974,165478791606.02725,29075955330.534096,290773409580.29974,0.5690987764145221,0.0999952346829172,0.3309059889025606,83.0,0.0,0.0,0.0,0.0,1.0,1.671194894390049,June,0,0,0,0,0,1,0,0,0,0,0,0,0
2019-06-19 00:00:00,9094.021746079216,25029522786.9119,264.78793107969506,283858321239.6828,161689176435.31613,28216787936.48245,283858321239.6828,0.5696122478607554,0.0994044768997872,0.3309832752394573,82.0,0.0,0.0,0.0,0.0,1.0,1.671194894390049,June,0,0,0,0,0,1,0,0,0,0,0,0,0
2019-06-20 00:00:00,9285.928674251472,22298101529.4608,269.1527997781388,290466070544.0712,164856060873.05832,28662304286.474934,290466070544.0712,0.5675570319255081,0.0986769443769719,0.3337660236975199,81.0,0.0,0.0,0.0,0.0,1.0,1.671194894390049,June,0,0,0,0,0,1,0,0,0,0,0,0,0
2019-06-21 00:00:00,9548.31456526146,24707058599.119995,272.334690986303,294605423638.1131,169961289184.54773,29062957235.75888,294605423638.1131,0.5769116097242136,0.0986504487149536,0.3244379415608327,84.0,0.0,0.0,0.0,0.0,1.0,1.671194894390049,June,0,0,0,0,0,1,0,0,0,0,0,0,0
2019-06-22 00:00:00,10118.359455626854,28580960082.617817,294.47562296593696,310575318447.79285,179686819951.0701,31419443062.588604,310575318447.79285,0.5785611710844148,0.1011652929138673,0.3202735360017177,83.0,0.0,0.0,0.0,0.0,1.0,1.671194894390049,June,0,0,0,0,0,1,0,0,0,0,0,0,0
2019-06-23 00:00:00,10704.922148115673,40190146696.56423,310.65499867231955,326632279597.4223,190271555704.10333,33084459417.56612,326632279597.4223,0.5825252664513594,0.1012896198083761,0.3161851137402645,84.0,0.0,0.0,0.0,0.0,1.0,1.671194894390049,June,0,0,0,0,0,1,0,0,0,0,0,0,0
2019-06-24 00:00:00,10846.12509964766,29108428088.363773,307.9472102635873,328085109717.44,193006026351.0637,32863219243.39649,328085109717.44,0.5882803596825475,0.1001667502426416,0.3115528900748108,80.0,0.0,0.0,0.0,0.0,1.0,1.671194894390049,June,0,0,0,0,0,1,0,0,0,0,0,0,0
2019-06-25 00:00:00,11045.550419814825,27529761440.98961,311.06822902414945,332046112071.447,196224565118.84543,33154422291.905163,332046112071.447,0.5909557678441463,0.0998488495621092,0.3091953825937445,87.0,0.0,0.0,0.0,0.0,1.0,1.671194894390049,June,0,0,0,0,0,1,0,0,0,0,0,0,0
2019-06-26 00:00:00,11808.41990407586,33544426408.459377,318.635944657736,347921503628.1034,209906767119.21564,33909642984.8744,347921503628.1034,0.6033164519304532,0.0974634871120835,0.2992200609574632,95.0,0.0,0.0,0.0,0.0,1.0,1.671194894390049,June,0,0,0,0,0,1,0,0,0,0,0,0,0
2019-06-27 00:00:00,12996.124342788677,56948964491.46552,337.3409578098138,369524737532.9893,231104555834.96545,36033928259.050896,369524737532.9893,0.6254102428374869,0.097514251683445,0.277075505479068,92.0,0.0,0.0,0.0,0.0,1.0,1.671194894390049,June,0,0,0,0,0,1,0,0,0,0,0,0,0
2019-06-28 00:00:00,11178.6829981865,49628524363.00495,295.8416528876357,323760444291.9052,198805331511.7231,31578278682.118446,323760444291.9052,0.6140507125462137,0.0975359381878263,0.28841334926596,62.0,0.0,0.0,0.0,1.0,0.0,1.671194894390049,June,0,0,0,0,0,1,0,0,0,0,0,0,0
2019-06-29 00:00:00,12352.19686591269,44872003180.54631,309.949031472406,349697714134.78125,219700496726.0261,33044592666.437965,349697714134.78125,0.6282583152412278,0.0944947345400772,0.277246950218695,74.0,0.0,0.0,0.0,1.0,0.0,1.671194894390049,June,0,0,0,0,0,1,0,0,0,0,0,0,0
2019-06-30 00:00:00,11972.555667220911,37724824506.92749,321.43279903776084,345185758270.2923,213020899675.1298,34306768610.59132,345185758270.2923,0.6171196075486032,0.0993863964217432,0.2834939960296535,78.0,0.0,0.0,0.0,0.0,1.0,1.671194894390049,June,0,0,0,0,0,1,0,0,0,0,0,0,0
2019-07-01 00:00:00,10888.097181679726,34920211165.40479,292.83887601724456,313261205621.80646,193705059813.9276,31176379854.59102,313261205621.80646,0.6183499786685479,0.0995219940902276,0.2821280272412244,65.0,0.0,0.0,0.0,1.0,0.0,1.826331335037068,July,0,0,0,0,0,0,1,0,0,0,0,0,0
2019-07-02 00:00:00,10639.046292232071,37463414436.63033,295.2558980709613,312580550615.47186,189075622551.3632,31498970007.217487,312580550615.47186,0.6048860755382023,0.1007707291614783,0.2943431953003194,63.0,0.0,0.0,0.0,1.0,0.0,1.826331335037068,July,0,0,0,0,0,0,1,0,0,0,0,0,0
2019-07-03 00:00:00,10822.764178376405,39264695559.40571,290.9596721071729,314133901521.1593,191741802293.97983,30959350149.49069,314133901521.1593,0.6103823922393953,0.0985546290915224,0.2910629786690822,79.0,0.0,0.0,0.0,0.0,1.0,1.826331335037068,July,0,0,0,0,0,0,1,0,0,0,0,0,0
2019-07-04 00:00:00,11975.637393818815,39944515601.67296,304.1705424011823,339358506324.74225,213139916541.64767,32463482348.950417,339358506324.74225,0.6280671106493136,0.0956613190590989,0.2762715702915874,76.0,0.0,0.0,0.0,0.0,1.0,1.826331335037068,July,0,0,0,0,0,0,1,0,0,0,0,0,0
2019-07-05 00:00:00,11229.60561912491,32487314999.664185,285.2194708797813,320825610384.87897,199869428146.8407,30439535096.68232,320825610384.87897,0.6229846423640152,0.0948787569052404,0.2821366007307443,67.0,0.0,0.0,0.0,1.0,0.0,1.826331335037068,July,0,0,0,0,0,0,1,0,0,0,0,0,0
2019-07-06 00:00:00,10987.248856214646,31349147296.84112,287.98591058443674,316514003574.2976,195514947598.0145,30740130568.29118,316514003574.2976,0.6177134199123037,0.0971209179409192,0.2851656621467771,72.0,0.0,0.0,0.0,1.0,0.0,1.826331335037068,July,0,0,0,0,0,0,1,0,0,0,0,0,0
2019-07-07 00:00:00,11279.476377672418,28013279880.59072,289.5771383410664,322488568982.4598,200989208002.5716,30937887121.98499,322488568982.4598,0.6232444413045333,0.0959348333480549,0.2808207253474118,67.0,0.0,0.0,0.0,1.0,0.0,1.826331335037068,July,0,0,0,0,0,0,1,0,0,0,0,0,0
2019-07-08 00:00:00,11436.430746923896,25828700446.947784,305.33625290070216,328989814159.1123,203441013269.87305,32585483973.188705,328989814159.1123,0.6183808875355667,0.0990470907328124,0.2825720217316207,74.0,0.0,0.0,0.0,1.0,0.0,1.826331335037068,July,0,0,0,0,0,0,1,0,0,0,0,0,0
2019-07-09 00:00:00,12260.28269787262,30917398835.988853,312.4663688290414,345545953098.3212,217909027168.13293,33325496553.9506,345545953098.3212,0.6306224257997007,0.0964430237285059,0.2729345504717933,84.0,0.0,0.0,0.0,0.0,1.0,1.826331335037068,July,0,0,0,0,0,0,1,0,0,0,0,0,0
2019-07-10 00:00:00,12544.16726170922,35885342263.04269,307.7796837520068,348528103130.3473,223082925042.6277,32850299631.68116,348528103130.3473,0.6400715553178681,0.0942543781595579,0.2656740665225739,83.0,0.0,0.0,0.0,0.0,1.0,1.826331335037068,July,0,0,0,0,0,0,1,0,0,0,0,0,0
2019-07-11 00:00:00,12166.398288868606,42163626088.16242,290.009967157574,334118452847.71063,216918064309.90915,30956973577.480614,334118452847.71063,0.6492250351966619,0.0926526904265016,0.2581222743768365,62.0,0.0,0.0,0.0,1.0,0.0,1.826331335037068,July,0,0,0,0,0,0,1,0,0,0,0,0,0
2019-07-12 00:00:00,11385.06049056452,37061858272.52717,268.6352130477999,311245827480.84064,202244103401.21423,28636795382.556053,311245827480.84064,0.6497889627569827,0.0920070017141638,0.2582040355288534,33.0,0.0,1.0,0.0,0.0,0.0,1.826331335037068,July,0,0,0,0,0,0,1,0,0,0,0,0,0
2019-07-13 00:00:00,11804.562793905448,30078548879.93068,275.80920843487644,322909067035.5031,210058300503.6453,29477046976.610035,322909067035.5031,0.6505184336633999,0.0912859067328979,0.2581956596037021,65.0,0.0,0.0,0.0,1.0,0.0,1.826331335037068,July,0,0,0,0,0,0,1,0,0,0,0,0,0
2019-07-14 00:00:00,11418.511855491488,28485045772.443813,270.314761247692,312627270318.1474,202979011731.3034,28810921295.77056,312627270318.1474,0.6492684132281242,0.0921574156549136,0.2585741711169621,61.0,0.0,0.0,0.0,1.0,0.0,1.826331335037068,July,0,0,0,0,0,0,1,0,0,0,0,0,0
2019-07-15 00:00:00,10285.461109066944,29857566850.99168,227.1220726804268,279132100595.1209,183265698057.30487,24246464997.18473,279132100595.1209,0.6565554361772616,0.0868637643090504,0.2565807995136879,16.0,1.0,0.0,0.0,0.0,0.0,1.826331335037068,July,0,0,0,0,0,0,1,0,0,0,0,0,0
2019-07-16 00:00:00,10911.345158309634,37553147017.32781,230.18019411198864,292815639945.9708,195225460386.1362,24761194859.108467,292815639945.9708,0.6667180087175617,0.0845624054223241,0.2487195858601141,34.0,0.0,1.0,0.0,0.0,0.0,1.826331335037068,July,0,0,0,0,0,0,1,0,0,0,0,0,0
2019-07-17 00:00:00,9538.827124243868,34409824868.73926,199.94052185387875,256142532782.13443,170100385848.08353,21404242629.096542,256142532782.13443,0.664084890551015,0.0835637970649029,0.252351312384082,19.0,1.0,0.0,0.0,0.0,0.0,1.826331335037068,July,0,0,0,0,0,0,1,0,0,0,0,0,0
2019-07-18 00:00:00,9657.303101319074,33328381504.61661,210.83853712737297,264218764454.254,172236725014.4112,22555777896.46238,264218764454.254,0.6518716616140703,0.0853678123241985,0.2627605260617311,40.0,0.0,1.0,0.0,0.0,0.0,1.826331335037068,July,0,0,0,0,0,0,1,0,0,0,0,0,0
2019-07-19 00:00:00,10636.155728360647,34034952895.23173,226.3035342868679,288395789127.77136,189588944050.24216,24469199432.98501,288395789127.77136,0.6573915126279681,0.0848458970465207,0.2577625903255111,42.0,0.0,1.0,0.0,0.0,0.0,1.826331335037068,July,0,0,0,0,0,0,1,0,0,0,0,0,0
2019-07-20 00:00:00,10536.565849576118,28858600367.989872,221.11374095039795,285737967059.83203,187718958960.57816,23638366539.887043,285737967059.83203,0.6569619042654937,0.082727426050936,0.2603106696835702,34.0,0.0,1.0,0.0,0.0,0.0,1.826331335037068,July,0,0,0,0,0,0,1,0,0,0,0,0,0
2019-07-21 00:00:00,10774.281137633849,26163874235.136333,228.96480408491627,294076425138.1594,190839615019.1945,24370718738.349724,294076425138.1594,0.6489456437371223,0.0828720586048343,0.2681822976580434,42.0,0.0,1.0,0.0,0.0,0.0,1.826331335037068,July,0,0,0,0,0,0,1,0,0,0,0,0,0
2019-07-22 00:00:00,10607.463560702125,22814710058.30296,226.153407726566,290161061976.6039,189302289398.0001,24197616725.96213,290161061976.6039,0.6524041789358485,0.0833937419484397,0.2642020791157118,42.0,0.0,1.0,0.0,0.0,0.0,1.826331335037068,July,0,0,0,0,0,0,1,0,0,0,0,0,0
2019-07-23 00:00:00,10343.318139598356,21903683695.255173,217.6525616583233,282870211810.99023,184582963699.30176,23300408113.461063,282870211810.99023,0.6525358839220491,0.0823713743638374,0.2650927417141134,40.0,0.0,1.0,0.0,0.0,0.0,1.826331335037068,July,0,0,0,0,0,0,1,0,0,0,0,0,0
2019-07-24 00:00:00,9936.380762347031,22986552398.15293,213.5021516080946,272718927381.03165,177060329754.31393,22833250656.49764,272718927381.03165,0.649241075618241,0.0837244810096952,0.2670344433720638,20.0,1.0,0.0,0.0,0.0,0.0,1.826331335037068,July,0,0,0,0,0,0,1,0,0,0,0,0,0
2019-07-25 00:00:00,9799.306312967936,33861034798.8304,217.1977777484786,271901444524.89093,175298806837.89883,23289112074.86793,271901444524.89093,0.6447145109663118,0.0856527706778547,0.2696327183558334,42.0,0.0,1.0,0.0,0.0,0.0,1.826331335037068,July,0,0,0,0,0,0,1,0,0,0,0,0,0
2019-07-26 00:00:00,9878.23193291115,21622492404.321915,219.48779097276912,269553125511.85092,176569486287.9306,23512755315.51417,269553125511.8509,0.6550452195746018,0.0872286502739157,0.2577261301514824,24.0,1.0,0.0,0.0,0.0,0.0,1.826331335037068,July,0,0,0,0,0,0,1,0,0,0,0,0,0
2019-07-27 00:00:00,9845.999447078504,19942172080.922203,219.58243262777623,274342709832.42017,175634298896.93475,23510568057.420704,274342709832.42017,0.6402003501540807,0.0856978050256262,0.274101844820293,47.0,0.0,0.0,1.0,0.0,0.0,1.826331335037068,July,0,0,0,0,0,0,1,0,0,0,0,0,0
2019-07-28 00:00:00,9447.678401413306,21257664351.47119,206.531772895918,262971849305.566,168472890623.8368,22113111388.41074,262971849305.566,0.6406499063254332,0.0840892720905495,0.2752608215840172,16.0,1.0,0.0,0.0,0.0,0.0,1.826331335037068,July,0,0,0,0,0,0,1,0,0,0,0,0,0
2019-07-29 00:00:00,9534.755426833231,18649152592.72144,211.229753661743,265246804545.71887,170325673262.38525,22676505895.192112,265246804545.71887,0.6421403400282144,0.085492098327177,0.2723675616446085,19.0,1.0,0.0,0.0,0.0,0.0,1.826331335037068,July,0,0,0,0,0,0,1,0,0,0,0,0,0
2019-07-30 00:00:00,9510.593552181648,18424113909.50432,210.82351650905207,264713722710.45184,169247002246.27844,22532332968.39789,264713722710.45184,0.6393586267962524,0.0851196256003853,0.2755217476033622,22.0,1.0,0.0,0.0,0.0,0.0,1.826331335037068,July,0,0,0,0,0,0,1,0,0,0,0,0,0
2019-07-31 00:00:00,9568.437452164317,20138691741.08412,209.6462607411281,266147236305.9401,170790961770.58182,22459680355.763912,266147236305.9401,0.641716082199911,0.0843881780156686,0.2738957397844203,31.0,0.0,1.0,0.0,0.0,0.0,1.826331335037068,July,0,0,0,0,0,0,1,0,0,0,0,0,0
2019-08-01 00:00:00,10062.996285663326,22957330875.71389,218.6130855362096,278428524352.98016,179525433372.0441,23395542240.652126,278428524352.98016,0.6447810395476908,0.0840271028085909,0.2711918576437182,57.0,0.0,0.0,0.0,1.0,0.0,1.7376412106666406,August,0,0,0,0,0,0,0,1,0,0,0,0,0
2019-08-02 00:00:00,10361.312000080692,23668036460.12257,216.630420657716,282718043910.8786,185025579624.96027,23212512549.342392,282718043910.8786,0.6544526732905878,0.0821048144937635,0.2634425122156487,61.0,0.0,0.0,0.0,1.0,0.0,1.7376412106666406,August,0,0,0,0,0,0,0,1,0,0,0,0,0
2019-08-03 00:00:00,10529.17190742764,24128945574.57856,217.79546207706508,285084070807.18256,187993708173.329,23340842011.61525,285084070807.18256,0.6594325233291589,0.0818735397790846,0.2586939368917564,61.0,0.0,0.0,0.0,1.0,0.0,1.7376412106666406,August,0,0,0,0,0,0,0,1,0,0,0,0,0
2019-08-04 00:00:00,10791.200523159,22296222952.509827,221.4161187525548,291644415933.0592,192658484290.18,23728815859.720734,291644415933.0592,0.6605937702383462,0.0813621470646198,0.2580440826970339,62.0,0.0,0.0,0.0,1.0,0.0,1.7376412106666406,August,0,0,0,0,0,0,0,1,0,0,0,0,0
2019-08-05 00:00:00,10951.593834840049,23160251364.75935,221.98815294300547,298570096803.7457,195575205441.64883,23801827044.9054,298570096803.7457,0.6550394950308877,0.0797193935350822,0.2652411114340301,64.0,0.0,0.0,0.0,1.0,0.0,1.7376412106666406,August,0,0,0,0,0,0,0,1,0,0,0,0,0
2019-08-06 00:00:00,11818.525531066103,30944497414.37189,232.8236835046397,310065771861.548,210831100251.74985,24942936105.273483,310065771861.548,0.6799560589547793,0.0804440166211287,0.2395999244240919,66.0,0.0,0.0,0.0,1.0,0.0,1.7376412106666406,August,0,0,0,0,0,0,0,1,0,0,0,0,0
2019-08-07 00:00:00,11510.164154730011,31588470767.84309,227.02071107575,302903838700.65936,204493918413.86813,24246876267.774902,302903838700.65936,0.6751116766663248,0.0800480983396732,0.244840224994002,45.0,0.0,1.0,0.0,0.0,0.0,1.7376412106666406,August,0,0,0,0,0,0,0,1,0,0,0,0,0
2019-08-08 00:00:00,11970.657556451994,30083670251.80272,226.4011931773696,311051283554.57135,213446022648.5745,24246033283.292213,311051283554.57135,0.6862084612202772,0.0779486681624268,0.2358428706172959,61.0,0.0,0.0,0.0,1.0,0.0,1.7376412106666406,August,0,0,0,0,0,0,0,1,0,0,0,0,0
2019-08-09 00:00:00,12024.331570998236,26678574728.13537,221.99588620712112,311870040933.0345,214023992147.5213,23748361769.302696,311870040933.0345,0.6862601855157902,0.0761482625848053,0.2375915518994045,60.0,0.0,0.0,0.0,1.0,0.0,1.7376412106666406,August,0,0,0,0,0,0,0,1,0,0,0,0,0
2019-08-10 00:00:00,11852.561606995518,26240065034.99351,210.15361895773407,304620297629.99567,211775940827.03265,22496236375.06767,304620297629.99567,0.6952128353714119,0.0738500899319339,0.2309370746966541,59.0,0.0,0.0,0.0,1.0,0.0,1.7376412106666406,August,0,0,0,0,0,0,0,1,0,0,0,0,0
2019-08-11 00:00:00,11327.842642233223,24949094386.512787,206.50462546838185,294814818769.132,202567916483.04468,22164896130.494183,294814818769.132,0.687102220060636,0.0751824356151221,0.2377153443242418,45.0,0.0,1.0,0.0,0.0,0.0,1.7376412106666406,August,0,0,0,0,0,0,0,1,0,0,0,0,0
2019-08-12 00:00:00,11549.998354322472,23042219585.47862,216.4855805517722,302283368469.1192,206323428608.19785,23199201016.471577,302283368469.1192,0.6825497203273211,0.0767465346636878,0.240703745008991,48.0,0.0,0.0,1.0,0.0,0.0,1.7376412106666406,August,0,0,0,0,0,0,0,1,0,0,0,0,0
2019-08-13 00:00:00,11381.241355678554,19933740545.556496,211.11314126304725,297261406295.23785,203438784510.7801,22642683362.92496,297261406295.23785,0.6843767142402813,0.0761709488127645,0.2394523369469541,45.0,0.0,1.0,0.0,0.0,0.0,1.7376412106666406,August,0,0,0,0,0,0,0,1,0,0,0,0,0
2019-08-14 00:00:00,10903.6549918801,22886684527.86748,209.2657371476141,287853601830.14374,194716791550.1683,22436740682.994324,287853601830.14374,0.6764438253062629,0.0779449711254048,0.2456112035683323,11.0,1.0,0.0,0.0,0.0,0.0,1.7376412106666406,August,0,0,0,0,0,0,0,1,0,0,0,0,0
2019-08-15 00:00:00,10016.217389275296,26620934497.854107,185.65530058955875,263234257179.32004,178691691521.25024,19905411203.78774,263234257179.32004,0.6788314463171189,0.0756186197688844,0.2455499339139966,13.0,1.0,0.0,0.0,0.0,0.0,1.7376412106666406,August,0,0,0,0,0,0,0,1,0,0,0,0,0
2019-08-16 00:00:00,10295.87714290961,31003755661.55879,188.1527811677348,269958966403.4537,183808182261.62988,20166571469.133984,269958966403.4537,0.6808745221928599,0.0747023584280399,0.2444231193791001,31.0,0.0,1.0,0.0,0.0,0.0,1.7376412106666406,August,0,0,0,0,0,0,0,1,0,0,0,0,0
2019-08-17 00:00:00,10324.993597415598,28168163140.752064,185.1532435517796,267997364195.0749,184635409004.2465,19875538705.637814,267997364195.0749,0.6889448691362899,0.0741631872587016,0.2368919436050083,20.0,1.0,0.0,0.0,0.0,0.0,1.7376412106666406,August,0,0,0,0,0,0,0,1,0,0,0,0,0
2019-08-18 00:00:00,10224.218706633936,20998246406.66276,185.7600410938344,267539678819.3604,182893178091.06567,19947175522.90108,267539678819.3604,0.6836114138215474,0.0745578211461081,0.2418307650323444,14.0,1.0,0.0,0.0,0.0,0.0,1.7376412106666406,August,0,0,0,0,0,0,0,1,0,0,0,0,0
2019-08-19 00:00:00,10309.872435928555,19708814223.24016,194.35736761658467,272261528033.98444,184381498343.8289,20870523158.477383,272261528033.98444,0.677222006631851,0.0766561596461482,0.2461218337220008,30.0,0.0,1.0,0.0,0.0,0.0,1.7376412106666406,August,0,0,0,0,0,0,0,1,0,0,0,0,0
2019-08-20 00:00:00,10895.97184442924,22097997941.55373,202.95975075968417,283852727366.1061,194884121164.64297,21805354686.68139,283852727366.1061,0.6865677246542231,0.0768192537341992,0.2366130216115776,39.0,0.0,1.0,0.0,0.0,0.0,1.7376412106666406,August,0,0,0,0,0,0,0,1,0,0,0,0,0
2019-08-21 00:00:00,10743.78931330206,19460170323.01464,196.27274728566928,279700704013.24426,192182485883.75177,21099092813.884502,279700704013.24426,0.6871004724916661,0.0754345359562821,0.2374649915520518,11.0,1.0,0.0,0.0,0.0,0.0,1.7376412106666406,August,0,0,0,0,0,0,0,1,0,0,0,0,0
2019-08-22 00:00:00,10124.058214168905,22757336326.19253,187.01618910896025,265550441875.23184,181094936743.7679,20090814029.40346,265550441875.23184,0.6819605927406247,0.0756572419444252,0.24238216531495,5.0,1.0,0.0,0.0,0.0,0.0,1.7376412106666406,August,0,0,0,0,0,0,0,1,0,0,0,0,0
2019-08-23 00:00:00,10127.78985767835,20144228964.473103,191.52119596772545,266932132309.0824,181311699889.6721,20579733353.23761,266932132309.0824,0.6792426910962152,0.0770972500583339,0.2436600588454509,33.0,0.0,1.0,0.0,0.0,0.0,1.7376412106666406,August,0,0,0,0,0,0,0,1,0,0,0,0,0
2019-08-24 00:00:00,10385.509090033882,18313019852.750786,194.2093873568753,273010528267.56543,187878412535.8625,20886288389.8486,273010528267.56543,0.6881727738782706,0.076503600510889,0.2353236256108404,39.0,0.0,1.0,0.0,0.0,0.0,1.7376412106666406,August,0,0,0,0,0,0,0,1,0,0,0,0,0
2019-08-25 00:00:00,10145.01247970698,21187546608.0018,190.55575089343063,266843709938.41605,181764456091.20227,20497351303.834663,266843709938.41605,0.6811644768885542,0.0768140695861453,0.2420214535253005,33.0,0.0,1.0,0.0,0.0,0.0,1.7376412106666406,August,0,0,0,0,0,0,0,1,0,0,0,0,0
2019-08-26 00:00:00,10090.061576030994,17899166778.010113,186.32236897942656,265917376232.2368,180491202154.3331,20024597154.008755,265917376232.2368,0.6787491840950723,0.0753038309783879,0.2459469849265397,41.0,0.0,1.0,0.0,0.0,0.0,1.7376412106666406,August,0,0,0,0,0,0,0,1,0,0,0,0,0
2019-08-27 00:00:00,10334.911854471333,23392461462.60586,188.3772574541396,270712021693.3729,184989701185.5528,20251623745.88952,270712021693.3729,0.6833449805014011,0.0748087344596314,0.2418462850389674,30.0,0.0,1.0,0.0,0.0,0.0,1.7376412106666406,August,0,0,0,0,0,0,0,1,0,0,0,0,0
2019-08-28 00:00:00,10167.889390020262,20937236587.026714,186.97068487781732,266781861260.0713,181891056658.03235,20099329728.45356,266781861260.0713,0.6817969400127865,0.0753399411546192,0.2428631188325943,32.0,0.0,1.0,0.0,0.0,0.0,1.7376412106666406,August,0,0,0,0,0,0,0,1,0,0,0,0,0
2019-08-29 00:00:00,9753.48704889705,22948105441.570866,173.02703573027782,252118195482.01657,174174790993.24042,18598885730.967613,252118195482.01657,0.6908457783471015,0.0737705015515005,0.235383720101398,20.0,1.0,0.0,0.0,0.0,0.0,1.7376412106666406,August,0,0,0,0,0,0,0,1,0,0,0,0,0
2019-08-30 00:00:00,9485.141423780757,20461661030.393738,168.79916502828434,246134907281.15256,169825879929.63724,18182244936.177788,246134907281.15256,0.6899707229891215,0.0738710536307991,0.2361582233800793,24.0,1.0,0.0,0.0,0.0,0.0,1.7376412106666406,August,0,0,0,0,0,0,0,1,0,0,0,0,0
2019-08-31 00:00:00,9588.98750205815,16388578393.607964,168.6708883739598,249386482171.25653,171703455568.1713,18137815999.55265,249386482171.25653,0.6885034588613371,0.0727297479864895,0.2387667931521733,20.0,1.0,0.0,0.0,0.0,0.0,1.7376412106666406,August,0,0,0,0,0,0,0,1,0,0,0,0,0
2019-09-01 00:00:00,9607.289264302584,15364904438.864746,172.07296929356409,249683677557.6916,172069023390.1022,18507223778.142094,249683677557.6916,0.6891480655572455,0.0741226817834972,0.2367292526592573,24.0,1.0,0.0,0.0,0.0,0.0,1.6844977040391562,September,0,0,0,0,0,0,0,0,1,0,0,0,0
2019-09-02 00:00:00,9729.266231867814,15003447441.307947,170.72754514461607,252222675317.5445,174169160998.9338,18351207184.536457,252222675317.5445,0.6905372832940476,0.0727579594555983,0.236704757250354,28.0,0.0,1.0,0.0,0.0,0.0,1.6844977040391562,September,0,0,0,0,0,0,0,0,1,0,0,0,0
2019-09-03 00:00:00,10323.022660378076,20258697359.12371,177.71647895327314,265241681671.0828,184367332385.8433,19113080684.062847,265241681671.0828,0.6950918544336142,0.0720591144033098,0.2328490311630759,41.0,0.0,1.0,0.0,0.0,0.0,1.6844977040391562,September,0,0,0,0,0,0,0,0,1,0,0,0,0
2019-09-04 00:00:00,10620.165189356909,23588848898.31653,178.82647784328285,270375139799.7415,190297653628.6036,19324838795.229195,270375139799.7415,0.7038282209287111,0.0714741703306839,0.224697608740605,43.0,0.0,1.0,0.0,0.0,0.0,1.6844977040391562,September,0,0,0,0,0,0,0,0,1,0,0,0,0
2019-09-05 00:00:00,10573.515179027892,21198071664.662186,174.77627554812665,268308493373.03305,189378108188.9303,18790062457.39357,268308493373.03305,0.7058222637985421,0.0700315603921993,0.2241461758092586,41.0,0.0,1.0,0.0,0.0,0.0,1.6844977040391562,September,0,0,0,0,0,0,0,0,1,0,0,0,0
2019-09-06 00:00:00,10570.249940786203,18952591605.050835,174.1938100520476,268142052753.9096,189354988380.25543,18756294625.6701,268142052753.9096,0.7061741581953134,0.0699490976258166,0.22387674417887,43.0,0.0,1.0,0.0,0.0,0.0,1.6844977040391562,September,0,0,0,0,0,0,0,0,1,0,0,0,0
2019-09-07 00:00:00,10350.748325717244,23555216964.15641,169.42286694793444,262440982330.1688,185513074361.89188,18244685096.24844,262440982330.1688,0.7068754000032803,0.0695191922170729,0.2236054077796467,39.0,0.0,1.0,0.0,0.0,0.0,1.6844977040391562,September,0,0,0,0,0,0,0,0,1,0,0,0,0
2019-09-08 00:00:00,10461.547731202416,18658457493.74892,177.85258889110943,268514504194.96225,187490153206.3296,19145726416.543644,268514504194.96225,0.6982496300095479,0.0713023919283048,0.2304479780621473,43.0,0.0,1.0,0.0,0.0,0.0,1.6844977040391562,September,0,0,0,0,0,0,0,0,1,0,0,0,0
2019-09-09 00:00:00,10404.333900445994,16804085431.159666,181.4839320522675,267544358524.0188,186487925900.2957,19532846873.76019,267544358524.0188,0.6970355380659382,0.0730078816892961,0.2299565802447656,41.0,0.0,1.0,0.0,0.0,0.0,1.6844977040391562,September,0,0,0,0,0,0,0,0,1,0,0,0,0
2019-09-10 00:00:00,10321.931613525778,21012460993.656765,181.01465623196765,265922960420.40863,185101736449.4789,19501252636.15908,265922960420.40863,0.6960727879865805,0.073334219073557,0.2305929929398625,41.0,0.0,1.0,0.0,0.0,0.0,1.6844977040391562,September,0,0,0,0,0,0,0,0,1,0,0,0,0
2019-09-11 00:00:00,10121.102297214318,17425806760.661724,180.1493915298145,262602212765.66605,181228983504.8709,19398770840.28421,262602212765.66605,0.6901274044731344,0.0738713152337172,0.2360012802931483,38.0,0.0,1.0,0.0,0.0,0.0,1.6844977040391562,September,0,0,0,0,0,0,0,0,1,0,0,0,0
2019-09-12 00:00:00,10150.71002363705,19989784060.802094,178.08294980618456,261424707430.4829,182006412816.34204,19174005533.27935,261424707430.4829,0.6962096834888513,0.0733442746163463,0.2304460418948023,39.0,0.0,1.0,0.0,0.0,0.0,1.6844977040391562,September,0,0,0,0,0,0,0,0,1,0,0,0,0
2019-09-13 00:00:00,10401.319919342226,17986804176.941467,181.010836085851,266247447281.8845,186490286819.086,19496200878.17006,266247447281.8845,0.7004397177248536,0.0732258696832831,0.2263344125918633,38.0,0.0,1.0,0.0,0.0,0.0,1.6844977040391562,September,0,0,0,0,0,0,0,0,1,0,0,0,0
2019-09-14 00:00:00,10355.626898620032,16650634275.92447,181.2119450035023,265437520026.8665,185791118116.526,19522068957.29138,265437520026.8665,0.6999429398591465,0.0735467576524804,0.226510302488373,39.0,0.0,1.0,0.0,0.0,0.0,1.6844977040391562,September,0,0,0,0,0,0,0,0,1,0,0,0,0
2019-09-15 00:00:00,10349.551958231765,16529697331.07751,188.30568158376607,267131029790.15533,185709926005.0556,20297648872.897217,267131029790.15533,0.695201625026265,0.075983867875035,0.2288145070986999,38.0,0.0,1.0,0.0,0.0,0.0,1.6844977040391562,September,0,0,0,0,0,0,0,0,1,0,0,0,0
2019-09-16 00:00:00,10305.675020156998,13781855194.274492,189.2550463354613,266494969041.2736,184860740267.84445,20389680178.128475,266494969041.2736,0.6936744094377782,0.0765105632255692,0.2298150273366525,38.0,0.0,1.0,0.0,0.0,0.0,1.6844977040391562,September,0,0,0,0,0,0,0,0,1,0,0,0,0
2019-09-17 00:00:00,10268.421696882157,17580630287.953926,197.60691638393752,266842725729.0928,184216635305.296,21223483200.061485,266842725729.0928,0.6903565941397202,0.0795355509207631,0.2301078549395167,41.0,0.0,1.0,0.0,0.0,0.0,1.6844977040391562,September,0,0,0,0,0,0,0,0,1,0,0,0,0
2019-09-18 00:00:00,10203.071046816189,17279102873.152096,209.21116304181604,269207965142.3068,183148194810.27164,22573128316.388668,269207965142.3068,0.6803223474961343,0.0838501502154894,0.2358275022883763,38.0,0.0,1.0,0.0,0.0,0.0,1.6844977040391562,September,0,0,0,0,0,0,0,0,1,0,0,0,0
2019-09-19 00:00:00,10158.854517376083,18848349197.54596,210.24907372866744,271625317761.69504,182304851001.81525,22689784462.139828,271625317761.69504,0.6711629552947517,0.0835333931649414,0.2453036515403068,31.0,0.0,1.0,0.0,0.0,0.0,1.6844977040391562,September,0,0,0,0,0,0,0,0,1,0,0,0,0
2019-09-20 00:00:00,10253.232374680329,23532550737.76059,221.74292599489385,273910717791.95087,183793185092.94284,23838258551.56916,273910717791.95087,0.6709966903615036,0.0870293018971077,0.2419740077413887,41.0,0.0,1.0,0.0,0.0,0.0,1.6844977040391562,September,0,0,0,0,0,0,0,0,1,0,0,0,0
2019-09-21 00:00:00,10178.442572698175,17281137871.79277,217.95344382394936,270748319581.77493,182621118150.38165,23468933218.644382,270748319581.77493,0.6745050843989598,0.0866817317828485,0.2388131838181915,37.0,0.0,1.0,0.0,0.0,0.0,1.6844977040391562,September,0,0,0,0,0,0,0,0,1,0,0,0,0
2019-09-22 00:00:00,9997.199887816778,15973816316.06345,215.34523960456264,266601980266.9644,179541584400.57428,23241002834.289497,266601980266.9644,0.673444301579413,0.0871749069943775,0.2393807914262094,37.0,0.0,1.0,0.0,0.0,0.0,1.6844977040391562,September,0,0,0,0,0,0,0,0,1,0,0,0,0
2019-09-23 00:00:00,10041.304200624943,16268084726.893106,211.6175384045225,265799013196.7762,180261864537.8744,22812625864.18045,265799013196.7762,0.6781886146598407,0.0858266010464524,0.2359847842937069,41.0,0.0,1.0,0.0,0.0,0.0,1.6844977040391562,September,0,0,0,0,0,0,0,0,1,0,0,0,0
2019-09-24 00:00:00,9699.504938095955,17797331461.86323,201.00337752581868,255546602708.3141,174073117682.94675,21659224040.64268,255546602708.3141,0.6811795415712774,0.0847564546391757,0.2340640037895469,39.0,0.0,1.0,0.0,0.0,0.0,1.6844977040391562,September,0,0,0,0,0,0,0,0,1,0,0,0,0
2019-09-25 00:00:00,8702.713528026236,27762368999.14865,168.67357964603033,224433839171.9864,158225996381.2368,18418924820.330776,224433839171.9864,0.7050006227447114,0.0820683943574842,0.2129309828978043,15.0,1.0,0.0,0.0,0.0,0.0,1.6844977040391562,September,0,0,0,0,0,0,0,0,1,0,0,0,0
2019-09-26 00:00:00,8446.244115548528,25000732108.2125,170.28886769224317,222043149919.64697,151968918856.4794,18387961477.667904,222043149919.64697,0.6844116511203968,0.0828125591098943,0.2327757897697088,12.0,1.0,0.0,0.0,0.0,0.0,1.6844977040391562,September,0,0,0,0,0,0,0,0,1,0,0,0,0
2019-09-27 00:00:00,8098.80982048931,22627889543.82238,166.21680322909975,213656237820.24225,145450672156.79562,18012013650.053577,213656237820.24225,0.6807696028007815,0.0843037106419884,0.23492668655723,24.0,1.0,0.0,0.0,0.0,0.0,1.6844977040391562,September,0,0,0,0,0,0,0,0,1,0,0,0,0
2019-09-28 00:00:00,8183.482347567026,19755414533.472134,173.90494900595044,217377148880.9796,147034755881.78366,18764435751.517056,217377148880.9796,0.676403921197299,0.0863220253283896,0.2372740534743113,32.0,0.0,1.0,0.0,0.0,0.0,1.6844977040391562,September,0,0,0,0,0,0,0,0,1,0,0,0,0
2019-09-29 00:00:00,8225.11037185192,17936691398.41125,174.07970541243265,218171329333.6849,147518938470.12482,18778305331.488625,218171329333.6849,0.676160973674502,0.0860713705546887,0.2377676557708092,33.0,0.0,1.0,0.0,0.0,0.0,1.6844977040391562,September,0,0,0,0,0,0,0,0,1,0,0,0,0
2019-09-30 00:00:00,8064.380983385267,16673592219.88411,169.6894747522977,213666064230.99173,144886125387.55658,18340364798.35873,213666064230.99173,0.6780961024813092,0.0858365827271999,0.2360673147914908,27.0,0.0,1.0,0.0,0.0,0.0,1.6844977040391562,September,0,0,0,0,0,0,0,0,1,0,0,0,0
2019-10-01 00:00:00,8271.290855465355,21681424234.680668,179.75716197925505,220990720671.04727,148699326425.13895,19371744530.934284,220990720671.04727,0.6728758835375866,0.087658633231799,0.2394654832306143,38.0,0.0,1.0,0.0,0.0,0.0,1.7339736996186297,October,0,0,0,0,0,0,0,0,0,1,0,0,0
2019-10-02 00:00:00,8366.503905663569,17832872037.116558,180.6324408283552,220587315079.22583,150346803070.61414,19506079956.197968,220587315079.22583,0.6815750172062967,0.0884279313576675,0.2299970514360357,39.0,0.0,1.0,0.0,0.0,0.0,1.7339736996186297,October,0,0,0,0,0,0,0,0,0,1,0,0,0
2019-10-03 00:00:00,8350.132163242944,17676173879.14879,180.57893058773016,222726560335.23788,150093691781.89334,19515449012.870743,222726560335.23788,0.6738922001757632,0.0876206635773343,0.2384871362469024,37.0,0.0,1.0,0.0,0.0,0.0,1.7339736996186297,October,0,0,0,0,0,0,0,0,0,1,0,0,0
2019-10-04 00:00:00,8176.354679406582,17383555314.276905,176.85852555342686,219507406061.57263,146959035399.77228,19083597997.072533,219507406061.57263,0.6694946564060337,0.0869382875934469,0.2435670560005194,30.0,0.0,1.0,0.0,0.0,0.0,1.7339736996186297,October,0,0,0,0,0,0,0,0,0,1,0,0,0
2019-10-05 00:00:00,8156.519553840962,16931274118.12778,175.86315365350248,217794386499.5789,146603545122.07248,19013321261.257965,217794386499.5789,0.673128208115483,0.0872994091667956,0.2395723827177213,31.0,0.0,1.0,0.0,0.0,0.0,1.7339736996186297,October,0,0,0,0,0,0,0,0,0,1,0,0,0
2019-10-06 00:00:00,8140.242484268429,16751341177.800287,176.2772565733896,218188714615.18124,146326858013.4359,19009613625.56332,218188714615.18124,0.6706435677551524,0.087124641891266,0.2422317903535815,32.0,0.0,1.0,0.0,0.0,0.0,1.7339736996186297,October,0,0,0,0,0,0,0,0,0,1,0,0,0
2019-10-07 00:00:00,7890.234349864658,16860212059.076086,170.44710628243018,211952886308.5714,141846566055.1005,18414715905.660275,211952886308.5714,0.6692363030555446,0.0868811754648683,0.2438825214795871,27.0,0.0,1.0,0.0,0.0,0.0,1.7339736996186297,October,0,0,0,0,0,0,0,0,0,1,0,0,0
2019-10-08 00:00:00,8182.251593084191,21702135918.512657,180.14424760253544,221554972380.266,147113201630.43686,19492030354.88312,221554972380.266,0.6640031593510753,0.0879783023846017,0.2480185382643229,39.0,0.0,1.0,0.0,0.0,0.0,1.7339736996186297,October,0,0,0,0,0,0,0,0,0,1,0,0,0
2019-10-09 00:00:00,8180.69113018462,19349468269.498783,180.78979326727543,221634088510.965,147101302074.693,19537703569.993225,221634088510.965,0.6637124418133693,0.0881529718702393,0.2481345863163914,37.0,0.0,1.0,0.0,0.0,0.0,1.7339736996186297,October,0,0,0,0,0,0,0,0,0,1,0,0,0
2019-10-10 00:00:00,8573.060086448735,21622617282.771305,193.33993781390976,231825518109.5954,154173400068.15204,20896473661.552616,231825518109.5954,0.6650406794098769,0.0901387984892751,0.244820522100848,41.0,0.0,1.0,0.0,0.0,0.0,1.7339736996186297,October,0,0,0,0,0,0,0,0,0,1,0,0,0
2019-10-11 00:00:00,8561.51932921772,21307956536.76992,191.0410865699125,230180759129.7387,153974523119.16272,20655168596.9981,230180759129.7387,0.6689287310603437,0.0897345576367486,0.2413367113029076,39.0,0.0,1.0,0.0,0.0,0.0,1.7339736996186297,October,0,0,0,0,0,0,0,0,0,1,0,0,0
2019-10-12 00:00:00,8277.848351085042,22522161253.606262,180.55244905183105,222398047975.36465,148684409190.17136,19490975562.25558,222398047975.36465,0.6685508732821313,0.0876400478317805,0.2438090788860882,38.0,0.0,1.0,0.0,0.0,0.0,1.7339736996186297,October,0,0,0,0,0,0,0,0,0,1,0,0,0
2019-10-13 00:00:00,8308.470967433434,18009645880.918533,179.94653567610214,223723774874.6431,149460560799.4891,19456204702.65309,223723774874.6431,0.6680584613022681,0.0869652977809568,0.244976240916775,38.0,0.0,1.0,0.0,0.0,0.0,1.7339736996186297,October,0,0,0,0,0,0,0,0,0,1,0,0,0
2019-10-14 00:00:00,8289.497236618896,17006193531.89216,181.2872472944888,223941215126.4373,149295847366.54712,19636637034.909355,223941215126.4373,0.6666742755783237,0.0876865699948198,0.2456391544268564,37.0,0.0,1.0,0.0,0.0,0.0,1.7339736996186297,October,0,0,0,0,0,0,0,0,0,1,0,0,0
2019-10-15 00:00:00,8347.350350085451,17384052860.807076,186.61606753146776,227165030344.5673,150188449071.35995,20182332549.589005,227165030344.5673,0.6611424691712096,0.088844363584378,0.2500131672444124,39.0,0.0,1.0,0.0,0.0,0.0,1.7339736996186297,October,0,0,0,0,0,0,0,0,0,1,0,0,0
2019-10-16 00:00:00,8175.8631121051185,17879549108.634247,180.74563079187547,222134148834.437,147132917995.71127,19551821811.16607,222134148834.437,0.6623606445372507,0.0880180823784037,0.2496212730843455,40.0,0.0,1.0,0.0,0.0,0.0,1.7339736996186297,October,0,0,0,0,0,0,0,0,0,1,0,0,0
2019-10-17 00:00:00,8010.3021797941665,18700096464.78663,175.05406935469742,218018801179.0948,144153894666.31094,18931847830.822693,218018801179.0948,0.6611993731122922,0.0868358496076255,0.2519647772800822,40.0,0.0,1.0,0.0,0.0,0.0,1.7339736996186297,October,0,0,0,0,0,0,0,0,0,1,0,0,0
2019-10-18 00:00:00,8079.931459479744,17154383746.943811,177.4769186344818,221270526100.4932,145395122717.3465,19185722528.28324,221270526100.4932,0.6570921363982892,0.0867070859657547,0.256200777635956,40.0,0.0,1.0,0.0,0.0,0.0,1.7339736996186297,October,0,0,0,0,0,0,0,0,0,1,0,0,0
2019-10-19 00:00:00,7957.314093995798,18867966948.33369,172.88626058117322,217461599096.3499,143241128773.44717,18701016660.84209,217461599096.3499,0.6586961990929803,0.0859968690497686,0.255306931857251,41.0,0.0,1.0,0.0,0.0,0.0,1.7339736996186297,October,0,0,0,0,0,0,0,0,0,1,0,0,0
2019-10-20 00:00:00,7949.802268609832,16704267725.143393,171.85241043187662,217053485204.54547,143016860664.09183,18584020382.348053,217053485204.54547,0.6589014708946808,0.0856195437950925,0.2554789853102267,37.0,0.0,1.0,0.0,0.0,0.0,1.7339736996186297,October,0,0,0,0,0,0,0,0,0,1,0,0,0
2019-10-21 00:00:00,8208.362621758712,18477598769.79049,175.21210857661558,223356986042.9553,147845092519.85434,18941808902.19577,223356986042.9553,0.6619228488847053,0.0848050882032986,0.253272062911996,37.0,0.0,1.0,0.0,0.0,0.0,1.7339736996186297,October,0,0,0,0,0,0,0,0,0,1,0,0,0
2019-10-22 00:00:00,8220.91853113097,17608633115.73991,174.35449608806442,223900070759.024,147972317568.96027,18867384241.158245,223900070759.024,0.6608855328510272,0.0842669865051743,0.2548474806437985,39.0,0.0,1.0,0.0,0.0,0.0,1.7339736996186297,October,0,0,0,0,0,0,0,0,0,1,0,0,0
2019-10-23 00:00:00,8045.294246807262,19789278104.487,171.4265472158501,219272940997.80792,144778678025.77008,18558740241.107227,219272940997.80792,0.6602669593746975,0.084637621754217,0.2550954188710854,33.0,0.0,1.0,0.0,0.0,0.0,1.7339736996186297,October,0,0,0,0,0,0,0,0,0,1,0,0,0
2019-10-24 00:00:00,7468.5325324369,23372887462.736748,161.5840435929357,204919478845.11188,134533554377.15782,17459645841.196804,204919478845.11188,0.6565191124599962,0.0852024704513017,0.258278417088702,20.0,1.0,0.0,0.0,0.0,0.0,1.7339736996186297,October,0,0,0,0,0,0,0,0,0,1,0,0,0
2019-10-25 00:00:00,7433.915345679171,18827850066.723927,160.67839136074096,204872546632.55096,133881191476.35275,17399743469.054173,204872546632.55096,0.6534852701200385,0.0849296001589782,0.2615851297209832,24.0,1.0,0.0,0.0,0.0,0.0,1.7339736996186297,October,0,0,0,0,0,0,0,0,0,1,0,0,0
2019-10-26 00:00:00,8652.030029867461,33573878835.9482,181.45319156222183,234795270186.98883,155391555503.11636,19637705780.19648,234795270186.98883,0.6618172307277056,0.0836375697200254,0.254545199552269,53.0,0.0,0.0,1.0,0.0,0.0,1.7339736996186297,October,0,0,0,0,0,0,0,0,0,1,0,0,0
2019-10-27 00:00:00,9217.236031536286,49973845766.74797,179.53527008259897,244724398880.5353,166118326255.2487,19404848951.545723,244724398880.5353,0.6787975658133746,0.0792926616238963,0.241909772562729,50.0,0.0,0.0,1.0,0.0,0.0,1.7339736996186297,October,0,0,0,0,0,0,0,0,0,1,0,0,0
2019-10-28 00:00:00,9502.020114436127,38396780063.80312,183.58089983827583,252335888837.0945,171191596562.45987,19901421621.580063,252335888837.0945,0.6784274617114786,0.078868771752195,0.2427037665363263,52.0,0.0,0.0,1.0,0.0,0.0,1.7339736996186297,October,0,0,0,0,0,0,0,0,0,1,0,0,0
2019-10-29 00:00:00,9239.897283779665,36102429175.35568,181.8617998726956,246707032982.39972,166074573773.0519,19665873705.50524,246707032982.3997,0.67316513747259,0.0797134701340606,0.2471213923933493,54.0,0.0,0.0,1.0,0.0,0.0,1.7339736996186297,October,0,0,0,0,0,0,0,0,0,1,0,0,0
2019-10-30 00:00:00,9407.163351459429,32395177164.64729,190.50596091786505,252540176668.8838,169552821617.46747,20630859876.73889,252540176668.8838,0.6713894947486927,0.0816933770652615,0.2469171281860457,53.0,0.0,0.0,1.0,0.0,0.0,1.7339736996186297,October,0,0,0,0,0,0,0,0,0,1,0,0,0
2019-10-31 00:00:00,9171.874474054188,30846909824.024616,183.13375148673265,246161338854.0229,165289440818.62827,19844553056.696297,246161338854.0229,0.6714679144503971,0.0806160429134828,0.24791604263612,50.0,0.0,0.0,1.0,0.0,0.0,1.7339736996186297,October,0,0,0,0,0,0,0,0,0,1,0,0,0
2019-11-01 00:00:00,9151.824594459767,30452200168.00832,182.75570124695292,245710106723.1392,165197797836.50772,19802989402.16403,245710106723.1392,0.6723280537363041,0.0805949322405268,0.247077014023169,49.0,0.0,0.0,1.0,0.0,0.0,2.092290394862917,November,0,0,0,0,0,0,0,0,0,0,1,0,0
2019-11-02 00:00:00,9233.413801605904,28239184318.818405,183.064191451962,247597919296.84207,166428932044.73645,19841838289.17925,247597919296.84207,0.6721741948291854,0.0801373385750916,0.2476884665957229,51.0,0.0,0.0,1.0,0.0,0.0,2.092290394862917,November,0,0,0,0,0,0,0,0,0,0,1,0,0
2019-11-03 00:00:00,9302.83461784109,24723381192.255867,183.2156817470849,249518852485.34967,167702162283.47888,19859708138.2688,249518852485.34967,0.6721021702892185,0.079592014553028,0.2483058151577535,56.0,0.0,0.0,0.0,1.0,0.0,2.092290394862917,November,0,0,0,0,0,0,0,0,0,0,1,0,0
2019-11-04 00:00:00,9204.286350451268,24204135432.76037,181.8244399622803,247339887954.4256,166118344447.8207,19716789940.491096,247339887954.4256,0.6716197125407827,0.0797153669937947,0.2486649204654226,49.0,0.0,0.0,1.0,0.0,0.0,2.092290394862917,November,0,0,0,0,0,0,0,0,0,0,1,0,0
2019-11-05 00:00:00,9378.95391433092,30915689705.65933,185.764330860014,252523674440.1312,169099256441.51648,20141787853.298763,252523674440.1312,0.6696372402168845,0.0797619783489805,0.2506007814341349,54.0,0.0,0.0,1.0,0.0,0.0,2.092290394862917,November,0,0,0,0,0,0,0,0,0,0,1,0,0
2019-11-06 00:00:00,9300.373963047075,30247351915.79828,189.16575518025132,252007262455.0468,167676477990.56866,20492280668.62314,252007262455.0468,0.66536367387618,0.081316230607753,0.2533200955160669,53.0,0.0,0.0,1.0,0.0,0.0,2.092290394862917,November,0,0,0,0,0,0,0,0,0,0,1,0,0
2019-11-07 00:00:00,9340.048651574896,28787468129.58143,191.3004004540056,254001486596.7889,168462131862.39618,20737428494.66662,254001486596.7889,0.6632328578840919,0.0816429414351655,0.2551242006807425,54.0,0.0,0.0,1.0,0.0,0.0,2.092290394862917,November,0,0,0,0,0,0,0,0,0,0,1,0,0
2019-11-08 00:00:00,9221.073784983802,27099310469.653824,186.8165319565868,249909383453.1453,166326340114.0134,20266199492.292927,249909383453.1453,0.6655465985941956,0.0810941918717212,0.2533592095340831,42.0,0.0,1.0,0.0,0.0,0.0,2.092290394862917,November,0,0,0,0,0,0,0,0,0,0,1,0,0
2019-11-09 00:00:00,8795.896069400225,30263888374.64715,183.6736227613274,239234205906.82944,158619022798.02048,19922829399.4448,239234205906.82944,0.6630281911266284,0.0832775117752342,0.2536942970981374,38.0,0.0,1.0,0.0,0.0,0.0,2.092290394862917,November,0,0,0,0,0,0,0,0,0,0,1,0,0
2019-11-10 00:00:00,8809.78367388588,22726115538.66086,184.95814543107952,241039015395.13107,159050488591.96796,20084569101.090305,241039015395.13107,0.6598537101192488,0.0833249715535305,0.2568213183272207,39.0,0.0,1.0,0.0,0.0,0.0,2.092290394862917,November,0,0,0,0,0,0,0,0,0,0,1,0,0
2019-11-11 00:00:00,9043.673292397065,24973742612.68736,189.0449822235201,246945432532.1757,162996713000.82236,20498434183.96548,246945432532.1757,0.6600515398460943,0.08300795027377,0.2569405098801356,40.0,0.0,1.0,0.0,0.0,0.0,2.092290394862917,November,0,0,0,0,0,0,0,0,0,0,1,0,0
2019-11-12 00:00:00,8729.917418490728,24569575079.59694,184.839873654298,239614288236.8016,157759659438.00317,20053149255.624203,239614288236.8016,0.6583900342457681,0.0836892883274408,0.257920677426791,39.0,0.0,1.0,0.0,0.0,0.0,2.092290394862917,November,0,0,0,0,0,0,0,0,0,0,1,0,0
2019-11-13 00:00:00,8806.751998954014,25677565875.96828,186.8659398462863,241574965081.1401,158722325407.9381,20253767836.417084,241574965081.1401,0.6570313498943341,0.0838405081818567,0.2591281419238092,38.0,0.0,1.0,0.0,0.0,0.0,2.092290394862917,November,0,0,0,0,0,0,0,0,0,0,1,0,0
2019-11-14 00:00:00,8770.78082523136,22919706604.19164,187.8428884937936,241104373496.9288,158380664653.97025,20432066850.22492,241104373496.9288,0.6568966890017351,0.0847436591625542,0.2583596518357106,41.0,0.0,1.0,0.0,0.0,0.0,2.092290394862917,November,0,0,0,0,0,0,0,0,0,0,1,0,0
2019-11-15 00:00:00,8652.025288272329,24149531741.878155,184.78830689468228,237895284717.2806,156230551241.27246,20069162255.474976,237895284717.2806,0.656719831277614,0.0843613284699003,0.2589188402524856,38.0,0.0,1.0,0.0,0.0,0.0,2.092290394862917,November,0,0,0,0,0,0,0,0,0,0,1,0,0
2019-11-16 00:00:00,8480.435541874604,27102692384.575447,180.16871140792333,232798037845.2764,152925645908.6678,19545090767.17428,232798037845.2764,0.6569026411223712,0.0839572830943036,0.2591400757833252,41.0,0.0,1.0,0.0,0.0,0.0,2.092290394862917,November,0,0,0,0,0,0,0,0,0,0,1,0,0
2019-11-17 00:00:00,8496.376959145864,21153024163.074257,182.63065416042576,233676610546.85773,153343011226.43033,19844844655.043144,233676610546.85773,0.6562189124002268,0.0849243944809092,0.2588566931188639,38.0,0.0,1.0,0.0,0.0,0.0,2.092290394862917,November,0,0,0,0,0,0,0,0,0,0,1,0,0
2019-11-18 00:00:00,8508.499434051764,22808991914.56344,183.9879638750186,234214527581.8292,153491320212.84177,19958777557.908268,234214527581.8292,0.6553450027100279,0.0852157966628911,0.2594392006270809,38.0,0.0,1.0,0.0,0.0,0.0,2.092290394862917,November,0,0,0,0,0,0,0,0,0,0,1,0,0
2019-11-19 00:00:00,8202.834446107912,25563738775.736923,178.3855993731378,225299504276.59,148089631526.6356,19368856364.95644,225299504276.59,0.6573011867120341,0.0859693696492921,0.2567294436386738,32.0,0.0,1.0,0.0,0.0,0.0,2.092290394862917,November,0,0,0,0,0,0,0,0,0,0,1,0,0
2019-11-20 00:00:00,8138.831605359057,24993518393.55118,175.8204845763924,222674726830.054,146797393103.30997,19065767350.0916,222674726830.054,0.6592458659008311,0.0856216043082547,0.2551325297909141,32.0,0.0,1.0,0.0,0.0,0.0,2.092290394862917,November,0,0,0,0,0,0,0,0,0,0,1,0,0
2019-11-21 00:00:00,8095.865638011639,23442272034.865948,174.80445727797053,221328355132.7653,146173851045.95633,18988847253.54836,221328355132.7653,0.6604388803155067,0.0857949142673462,0.2537662054171471,30.0,0.0,1.0,0.0,0.0,0.0,2.092290394862917,November,0,0,0,0,0,0,0,0,0,0,1,0,0
2019-11-22 00:00:00,7632.494765498649,26390689050.10068,161.15147727923085,208758115888.38284,137741605692.4732,17491549308.65305,208758115888.38284,0.6598143746714011,0.0837885954000719,0.2563970299285268,20.0,1.0,0.0,0.0,0.0,0.0,2.092290394862917,November,0,0,0,0,0,0,0,0,0,0,1,0,0
2019-11-23 00:00:00,7293.013949172297,39111609334.13761,149.92569206419537,198467504579.7137,131796120680.40384,16287556192.270582,198467504579.7137,0.6640690170388494,0.0820666145158727,0.2538643684452779,23.0,1.0,0.0,0.0,0.0,0.0,2.092290394862917,November,0,0,0,0,0,0,0,0,0,0,1,0,0
2019-11-24 00:00:00,7309.689243566324,23984198665.43141,151.96608493452732,200523603729.0396,132153647357.58482,16542855738.706274,200523603729.0396,0.6590428503178076,0.0824982966147967,0.2584588530673956,21.0,1.0,0.0,0.0,0.0,0.0,2.092290394862917,November,0,0,0,0,0,0,0,0,0,0,1,0,0
2019-11-25 00:00:00,6935.73862740252,25073885715.215588,140.24681084120735,188755897464.27808,126056411448.4486,15475834863.359888,188755897464.27808,0.6678276713039109,0.0819886163625095,0.2501837123335796,17.0,1.0,0.0,0.0,0.0,0.0,2.092290394862917,November,0,0,0,0,0,0,0,0,0,0,1,0,0
2019-11-26 00:00:00,7118.264883393205,34693320000.26776,146.34618694453036,193977908755.9677,128442554040.63124,15886464708.93064,193977908755.9677,0.6621504214803002,0.0818983193025164,0.2559512592171833,21.0,1.0,0.0,0.0,0.0,0.0,2.092290394862917,November,0,0,0,0,0,0,0,0,0,0,1,0,0
2019-11-27 00:00:00,7157.684731054473,25650766567.61929,147.57506848968612,195511680738.2781,129550686418.96344,16079208209.774963,195511680738.2781,0.662623767182415,0.0822416755308825,0.2551345572867025,20.0,1.0,0.0,0.0,0.0,0.0,2.092290394862917,November,0,0,0,0,0,0,0,0,0,0,1,0,0
2019-11-28 00:00:00,7483.754192176799,28972696169.33813,152.615068348219,203551833589.6896,135280930611.90536,16624532572.65548,203551833589.6896,0.6646018767121421,0.0816722319788405,0.2537258913090173,32.0,0.0,1.0,0.0,0.0,0.0,2.092290394862917,November,0,0,0,0,0,0,0,0,0,0,1,0,0
2019-11-29 00:00:00,7438.621769308849,22282583660.62635,150.91034572010813,201881028615.3302,134540136588.5858,16410189698.68012,201881028615.3302,0.6664327872280776,0.0812864379146222,0.2522807748573001,31.0,0.0,1.0,0.0,0.0,0.0,2.092290394862917,November,0,0,0,0,0,0,0,0,0,0,1,0,0
2019-11-30 00:00:00,7720.865011260837,23595242633.932213,154.25530586508248,209303612789.1764,139585890644.02713,16758887510.141882,209303612789.1764,0.6669062649416697,0.0800697478978658,0.2530239871604645,38.0,0.0,1.0,0.0,0.0,0.0,2.092290394862917,November,0,0,0,0,0,0,0,0,0,0,1,0,0
2019-12-01 00:00:00,7556.397585815771,19070509164.52246,151.73585404476006,204633116543.52283,136619988247.82372,16526371128.750948,204633116543.52283,0.6676338148755429,0.080760980470314,0.2516052046541431,25.0,1.0,0.0,0.0,0.0,0.0,2.3195274699624457,December,0,0,0,0,0,0,0,0,0,0,0,1,0
2019-12-02 00:00:00,7405.808478752477,22892863739.73771,151.02315688624967,201691573976.36887,133806709251.17143,16406763648.56546,201691573976.36887,0.663422405870306,0.0813458060002434,0.2552317881294505,28.0,0.0,1.0,0.0,0.0,0.0,2.3195274699624457,December,0,0,0,0,0,0,0,0,0,0,0,1,0
2019-12-03 00:00:00,7308.982444423794,19403364522.996704,148.86726798663648,198910920199.2055,132186853223.4845,16190436587.112757,198910920199.2055,0.6645530224841445,0.0813954134388315,0.254051564077024,28.0,0.0,1.0,0.0,0.0,0.0,2.3195274699624457,December,0,0,0,0,0,0,0,0,0,0,0,1,0
2019-12-04 00:00:00,7286.080951511441,17246866850.787033,147.12795176955626,198120550442.60104,131920184619.24728,16020038545.991947,198120550442.60104,0.6658581571903458,0.080860054700046,0.2532817881096081,24.0,1.0,0.0,0.0,0.0,0.0,2.3195274699624457,December,0,0,0,0,0,0,0,0,0,0,0,1,0
2019-12-05 00:00:00,7209.971417454778,24794733347.334072,145.40170953026762,195396418895.2716,130707605071.54596,15854160155.08143,195396418895.2716,0.6689355199575203,0.0811384376679847,0.2499260423744949,21.0,1.0,0.0,0.0,0.0,0.0,2.3195274699624457,December,0,0,0,0,0,0,0,0,0,0,0,1,0
2019-12-06 00:00:00,7373.782498577651,22344057773.817043,147.79749210977155,199881050952.7331,133644089121.62453,16080828336.473516,199881050952.7331,0.6686181030398326,0.0804519901202452,0.2509299068399221,29.0,0.0,1.0,0.0,0.0,0.0,2.3195274699624457,December,0,0,0,0,0,0,0,0,0,0,0,1,0
2019-12-07 00:00:00,7530.922830404948,20930338571.63358,148.60569815279229,203624702911.5475,135763797983.31136,16139573040.723936,203624702911.5475,0.6667354011673415,0.0792613705996899,0.2540032282329685,32.0,0.0,1.0,0.0,0.0,0.0,2.3195274699624457,December,0,0,0,0,0,0,0,0,0,0,0,1,0
2019-12-08 00:00:00,7493.545154556748,17579259210.777077,147.1457864691915,202584201219.80844,135655571430.9959,16002334420.498518,202584201219.80844,0.669625620429337,0.0789910285409454,0.2513833510297175,28.0,0.0,1.0,0.0,0.0,0.0,2.3195274699624457,December,0,0,0,0,0,0,0,0,0,0,0,1,0
2019-12-09 00:00:00,7508.315669139108,17330633418.24195,150.2924488050236,203706727057.4636,135886870643.2531,16377855974.169815,203706727057.4636,0.6670711007247238,0.0803991905949664,0.2525297086803098,32.0,0.0,1.0,0.0,0.0,0.0,2.3195274699624457,December,0,0,0,0,0,0,0,0,0,0,0,1,0
2019-12-10 00:00:00,7347.036951245358,19646929698.93577,147.42926132729735,199651443722.59024,133091781420.79082,16043706474.69232,199651443722.59024,0.6666206812194051,0.0803585798106452,0.2530207389699496,26.0,0.0,1.0,0.0,0.0,0.0,2.3195274699624457,December,0,0,0,0,0,0,0,0,0,0,0,1,0
2019-12-11 00:00:00,7233.950487171398,19546221321.50625,145.56867918491014,196392216977.60864,130970047495.47797,15849875150.02611,196392216977.60864,0.66688002972343,0.0807052101857641,0.2524147600908059,20.0,1.0,0.0,0.0,0.0,0.0,2.3195274699624457,December,0,0,0,0,0,0,0,0,0,0,0,1,0
2019-12-12 00:00:00,7197.426825880834,18016936696.22855,143.12297867633916,195405870259.4091,130242932604.26936,15578842749.139772,195405870259.4091,0.6665251787541832,0.079725561614184,0.2537492596316328,23.0,1.0,0.0,0.0,0.0,0.0,2.3195274699624457,December,0,0,0,0,0,0,0,0,0,0,0,1,0
2019-12-13 00:00:00,7200.7070180298015,19829801017.961727,145.02592545573296,195620049611.19662,130489545691.80916,15788957248.11528,195620049611.19662,0.6670560913933046,0.0807123670579601,0.2522315415487353,22.0,1.0,0.0,0.0,0.0,0.0,2.3195274699624457,December,0,0,0,0,0,0,0,0,0,0,0,1,0
2019-12-14 00:00:00,7247.350277010915,18535665729.09757,144.6187808332106,196919073425.61768,131188243085.0565,15750794124.489826,196919073425.61768,0.6662038410139599,0.0799861275522372,0.2538100314338029,27.0,0.0,1.0,0.0,0.0,0.0,2.3195274699624457,December,0,0,0,0,0,0,0,0,0,0,0,1,0
2019-12-15 00:00:00,7081.740255265727,19497758114.150417,141.84486515951662,192488047986.7692,128114177662.37695,15443355857.400137,192488047986.7692,0.6655695197822515,0.0802302065968358,0.2542002736209127,21.0,1.0,0.0,0.0,0.0,0.0,2.3195274699624457,December,0,0,0,0,0,0,0,0,0,0,0,1,0
2019-12-16 00:00:00,7108.563021778046,18896096612.075874,142.21086918955265,193522733085.4528,128886696696.6067,15508762801.226492,193522733085.4528,0.666002875433218,0.0801392299186802,0.2538578946481017,24.0,1.0,0.0,0.0,0.0,0.0,2.3195274699624457,December,0,0,0,0,0,0,0,0,0,0,0,1,0
2019-12-17 00:00:00,6901.036915336086,22208927988.54228,132.72274321129302,186399905292.95056,124984942945.9272,14450939875.930876,186399905292.95056,0.6705204208634005,0.0775265408703906,0.2519530382662089,23.0,1.0,0.0,0.0,0.0,0.0,2.3195274699624457,December,0,0,0,0,0,0,0,0,0,0,0,1,0
2019-12-18 00:00:00,6627.162514553135,26481385708.660343,121.770107290006,176931507833.68524,119931733577.11955,13287532088.063696,176931507833.68524,0.6778427146500938,0.0750998635051135,0.2470574218447926,15.0,1.0,0.0,0.0,0.0,0.0,2.3195274699624457,December,0,0,0,0,0,0,0,0,0,0,0,1,0
2019-12-19 00:00:00,7274.768503792503,57308255783.65001,132.74136111736684,192845169099.0933,131230049166.53404,14431239759.79371,192845169099.0933,0.6804943560660397,0.074833296717836,0.2446723472161243,21.0,1.0,0.0,0.0,0.0,0.0,2.3195274699624457,December,0,0,0,0,0,0,0,0,0,0,0,1,0
2019-12-20 00:00:00,7152.558691632884,23539013331.219044,128.0791538700726,189131545978.87704,129498636860.963,13910360785.04459,189131545978.87704,0.684701413456568,0.0735486019164574,0.2417499846269746,23.0,1.0,0.0,0.0,0.0,0.0,2.3195274699624457,December,0,0,0,0,0,0,0,0,0,0,0,1,0
2019-12-21 00:00:00,7185.439179630756,22483207163.876167,128.2701941791178,190688157648.73697,130122764301.36632,13960011409.004557,190688157648.73697,0.6823851355313999,0.07320859135217,0.2444062731164301,23.0,1.0,0.0,0.0,0.0,0.0,2.3195274699624457,December,0,0,0,0,0,0,0,0,0,0,0,1,0
2019-12-22 00:00:00,7141.554857046259,18632480432.842224,126.93287325611249,189126452551.702,129342305760.32504,13835225941.813122,189126452551.702,0.6838932577396406,0.0731533096251089,0.2429534326352505,20.0,1.0,0.0,0.0,0.0,0.0,2.3195274699624457,December,0,0,0,0,0,0,0,0,0,0,0,1,0
2019-12-23 00:00:00,7488.196174601466,24325792143.84145,132.17746965077103,197712960145.10852,135086328271.26212,14364983064.322144,197712960145.1085,0.6832446804302432,0.0726557482816461,0.2440995712881106,33.0,0.0,1.0,0.0,0.0,0.0,2.3195274699624457,December,0,0,0,0,0,0,0,0,0,0,0,1,0
2019-12-24 00:00:00,7335.207616177015,30235862118.67744,128.16997170630987,192901980192.0668,132931613272.25092,13932981482.574308,192901980192.0668,0.6891148195570355,0.0722282968204974,0.2386568836224671,25.0,1.0,0.0,0.0,0.0,0.0,2.3195274699624457,December,0,0,0,0,0,0,0,0,0,0,0,1,0
2019-12-25 00:00:00,7266.60819662888,26519710985.47972,127.72559890360142,191416148532.95813,131358497318.59528,13937886620.894695,191416148532.95813,0.6862456398028398,0.0728145808371798,0.2409397793599804,22.0,1.0,0.0,0.0,0.0,0.0,2.3195274699624457,December,0,0,0,0,0,0,0,0,0,0,0,1,0
2019-12-26 00:00:00,7204.1848756885975,23546783550.72025,125.01870585042732,189688306542.6317,130643567866.7924,13638505587.030851,189688306542.6317,0.6887275776139146,0.0718995589955654,0.23937286339052,39.0,0.0,1.0,0.0,0.0,0.0,2.3195274699624457,December,0,0,0,0,0,0,0,0,0,0,0,1,0
2019-12-27 00:00:00,7208.489307892152,24771695136.045387,125.61458431453704,190050806501.68933,130768750218.36032,13697038140.554943,190050806501.68933,0.6880725876698552,0.0720704026080162,0.2398570097221285,38.0,0.0,1.0,0.0,0.0,0.0,2.3195274699624457,December,0,0,0,0,0,0,0,0,0,0,0,1,0
2019-12-28 00:00:00,7247.62371236525,25893684880.0032,126.32718018933488,191374203537.5921,131349923253.42535,13773176348.366129,191374203537.5921,0.686351247061488,0.0719698689466296,0.2416788839918824,37.0,0.0,1.0,0.0,0.0,0.0,2.3195274699624457,December,0,0,0,0,0,0,0,0,0,0,0,1,0
2019-12-29 00:00:00,7307.887522683333,21437778061.8769,128.0669874384903,193413754741.82184,132567576727.86806,13985982758.17354,193413754741.82184,0.6854092507786003,0.0723112106315433,0.2422795385898564,37.0,0.0,1.0,0.0,0.0,0.0,2.3195274699624457,December,0,0,0,0,0,0,0,0,0,0,0,1,0
2019-12-30 00:00:00,7394.029285530991,22035194451.00931,134.3236471998861,196286248380.00684,133997529973.30914,14666626034.39065,196286248380.00684,0.6826638701346628,0.0747205988979743,0.2426155309673629,40.0,0.0,1.0,0.0,0.0,0.0,2.3195274699624457,December,0,0,0,0,0,0,0,0,0,0,0,1,0
2019-12-31 00:00:00,7240.428912251818,22320671263.717125,131.4621363838881,192319139831.7925,131377523457.072,14330460495.39055,192319139831.7925,0.6831224576606276,0.0745139589742568,0.2423635833651155,38.0,0.0,1.0,0.0,0.0,0.0,2.3195274699624457,December,0,0,0,0,0,0,0,0,0,0,0,1,0
2020-01-01 00:00:00,7195.153895430029,21187883711.18498,129.18638529253852,190990887407.4548,130394101535.60994,14097451631.783957,190990887407.4548,0.6827242037858628,0.0738121688586578,0.2434636273554793,37.0,0.0,1.0,0.0,0.0,0.0,2.599767976845202,January,1,0,0,0,0,0,0,0,0,0,0,0,1
2020-01-02 00:00:00,7193.7546679601,18123516838.8979,130.4846850311141,191409755267.0896,130422953817.668,14230588104.281237,191409755267.0896,0.6813809130871007,0.0743462008215001,0.2442728860913992,39.0,0.0,1.0,0.0,0.0,0.0,2.599767976845202,January,1,0,0,0,0,0,0,0,0,0,0,0,1
2020-01-03 00:00:00,6963.853353983485,20313194628.09452,127.04525801179804,185335365582.9199,126280790200.20206,13859793329.814829,185335365582.9199,0.6813636987361888,0.0747822375196594,0.2438540637441517,38.0,0.0,1.0,0.0,0.0,0.0,2.599767976845202,January,1,0,0,0,0,0,0,0,0,0,0,0,1
2020-01-04 00:00:00,7300.34693530511,31015776262.21867,133.70264861844188,194568896301.0627,132766262579.09486,14613194775.854176,194568896301.0627,0.6823611846657205,0.0751055027482024,0.2425333125860771,38.0,0.0,1.0,0.0,0.0,0.0,2.599767976845202,January,1,0,0,0,0,0,0,0,0,0,0,0,1
2020-01-05 00:00:00,7351.377053166627,20611640058.34164,134.1368826978575,195917861240.71472,133474716218.18332,14636213160.069317,195917861240.71472,0.6812789572778637,0.0747058643218165,0.2440151784003197,39.0,0.0,1.0,0.0,0.0,0.0,2.599767976845202,January,1,0,0,0,0,0,0,0,0,0,0,0,1
2020-01-06 00:00:00,7349.972248050628,21929224570.56102,135.00571364233377,196078071623.77072,133388991086.87988,14738834254.266088,196078071623.77072,0.6802851026749338,0.0751681926092508,0.2445467047158153,41.0,0.0,1.0,0.0,0.0,0.0,2.599767976845202,January,1,0,0,0,0,0,0,0,0,0,0,0,1
2020-01-07 00:00:00,7734.675515785289,28148518761.51164,143.80639795566535,207534310745.5181,140557168287.4443,15692578635.119991,207534310745.5181,0.6772719546109065,0.0756143819243579,0.2471136634647355,40.0,0.0,1.0,0.0,0.0,0.0,2.599767976845202,January,1,0,0,0,0,0,0,0,0,0,0,0,1
2020-01-08 00:00:00,8147.415237636371,34823187724.289955,143.019432264986,214810539577.0755,147798610895.50055,15656491188.064734,214810539577.0755,0.6880417096223037,0.072885116432786,0.2390731739449103,51.0,0.0,0.0,1.0,0.0,0.0,2.599767976845202,January,1,0,0,0,0,0,0,0,0,0,0,0,1
2020-01-09 00:00:00,8045.789124592971,39971512000.06816,140.27393527388705,211219383782.0107,146089575425.2795,15364547561.67077,211219383782.0107,0.691648525857132,0.0727421285232409,0.2356093456196271,44.0,0.0,1.0,0.0,0.0,0.0,2.599767976845202,January,1,0,0,0,0,0,0,0,0,0,0,0,1
2020-01-10 00:00:00,7832.795643840387,29276053440.88472,137.86055928182662,206699881875.86545,141913856953.47913,14998595868.023438,206699881875.86545,0.6865696083885822,0.0725621888697106,0.2408682027417071,41.0,0.0,1.0,0.0,0.0,0.0,2.599767976845202,January,1,0,0,0,0,0,0,0,0,0,0,0,1
2020-01-11 00:00:00,8180.513169803805,35777298156.26295,144.6047743464792,216991085819.6684,146879934259.3087,15647071448.436348,216991085819.6684,0.6768938627339468,0.0721092822284871,0.250996855037566,50.0,0.0,0.0,1.0,0.0,0.0,2.599767976845202,January,1,0,0,0,0,0,0,0,0,0,0,0,1
2020-01-12 00:00:00,8012.085781814529,31504583511.03613,142.18233327497873,213097333776.08945,145561586658.57422,15564837467.520994,213097333776.08945,0.6830755884140814,0.0730409770582847,0.2438834345276338,45.0,0.0,1.0,0.0,0.0,0.0,2.599767976845202,January,1,0,0,0,0,0,0,0,0,0,0,0,1
2020-01-13 00:00:00,8171.401185320944,27533390875.51989,145.42287633530452,217763607531.84995,148204228775.38776,15859031094.44091,217763607531.84995,0.6805739051402862,0.0728268202120107,0.2465992746477031,49.0,0.0,0.0,1.0,0.0,0.0,2.599767976845202,January,1,0,0,0,0,0,0,0,0,0,0,0,1
2020-01-14 00:00:00,8110.647964503772,27962176780.62824,143.58796905036286,216046954630.52,147446058196.45944,15715287657.358463,216046954630.52,0.6824722822342917,0.0727401489376903,0.2447875688280179,56.0,0.0,0.0,0.0,1.0,0.0,2.599767976845202,January,1,0,0,0,0,0,0,0,0,0,0,0,1
2020-01-15 00:00:00,8801.871213137745,55384169405.51928,165.99143854583525,242319845686.95267,159481192213.82108,18075462340.568443,242319845686.95267,0.6581433384529762,0.0745934048006935,0.2672632567463303,54.0,0.0,0.0,1.0,0.0,0.0,2.599767976845202,January,1,0,0,0,0,0,0,0,0,0,0,0,1
2020-01-16 00:00:00,8820.85010599613,48160401007.254,166.2530969048888,241308099087.33832,159960761751.8495,18104742352.01537,241308099087.33832,0.6628901489707305,0.075027495639351,0.2620823553899184,55.0,0.0,0.0,0.0,1.0,0.0,2.599767976845202,January,1,0,0,0,0,0,0,0,0,0,0,0,1
2020-01-17 00:00:00,8720.91950137424,36462155571.2176,163.80590111423027,238570569013.78827,158412991117.64667,17869543294.566414,238570569013.78827,0.6640089419767915,0.0749025471517135,0.2610885108714949,54.0,0.0,0.0,1.0,0.0,0.0,2.599767976845202,January,1,0,0,0,0,0,0,0,0,0,0,0,1
2020-01-18 00:00:00,8902.568995225329,41671910798.34088,171.15621787671842,244869599425.18912,161848747742.1508,18727969032.79025,244869599425.18912,0.6609589272089192,0.0764813969425056,0.2625596758485751,51.0,0.0,0.0,1.0,0.0,0.0,2.599767976845202,January,1,0,0,0,0,0,0,0,0,0,0,0,1
2020-01-19 00:00:00,8906.902675151074,36801813631.51236,174.23837318258896,243889264120.8948,161823609428.34625,19138755594.52358,243889264120.8948,0.6635126396877028,0.0784731368291659,0.2580142234831312,53.0,0.0,0.0,1.0,0.0,0.0,2.599767976845202,January,1,0,0,0,0,0,0,0,0,0,0,0,1
2020-01-20 00:00:00,8690.380569544623,39242297095.94223,166.6271059505621,237968939487.80692,157906057309.30655,18220366702.24461,237968939487.8069,0.6635574274910669,0.0765661549841809,0.2598764175247521,48.0,0.0,0.0,1.0,0.0,0.0,2.599767976845202,January,1,0,0,0,0,0,0,0,0,0,0,0,1
2020-01-21 00:00:00,8631.253954333763,29527689342.88548,166.93852805776982,237713689296.28345,156848009983.54858,18243871990.6739,237713689296.28345,0.6598190051564726,0.0767472502096207,0.2634337446339067,49.0,0.0,0.0,1.0,0.0,0.0,2.599767976845202,January,1,0,0,0,0,0,0,0,0,0,0,0,1
2020-01-22 00:00:00,8724.818622931474,27057681779.746685,169.27993585839258,240606636723.4902,158564958350.98007,18460475135.804623,240606636723.4902,0.6590215486583023,0.0767247129472149,0.2642537383944827,52.0,0.0,0.0,1.0,0.0,0.0,2.599767976845202,January,1,0,0,0,0,0,0,0,0,0,0,0,1
2020-01-23 00:00:00,8665.436914096897,25628542094.50134,167.8265296405669,233864013954.90176,157502652064.02246,18358377435.95901,233864013954.90176,0.6734796405846143,0.0785002238074098,0.2480201356079758,49.0,0.0,0.0,1.0,0.0,0.0,2.599767976845202,January,1,0,0,0,0,0,0,0,0,0,0,0,1
2020-01-24 00:00:00,8415.956027335538,30696020541.207973,162.51937110634034,230732553979.51648,152984928858.5764,17722969842.693172,230732553979.51648,0.6630400705058628,0.076811743887109,0.2601481856070282,40.0,0.0,1.0,0.0,0.0,0.0,2.599767976845202,January,1,0,0,0,0,0,0,0,0,0,0,0,1
2020-01-25 00:00:00,8432.096675789418,30691734305.12868,162.40947975163584,231440678070.7321,153294353936.51035,17777723072.283943,231440678070.7321,0.662348361637884,0.0768133036097084,0.2608383347524075,41.0,0.0,1.0,0.0,0.0,0.0,2.599767976845202,January,1,0,0,0,0,0,0,0,0,0,0,0,1
2020-01-26 00:00:00,8348.665665079325,26582198966.298725,160.6736108617405,228847904827.9181,151794495723.25214,17587666193.195988,228847904827.9181,0.6632986036616495,0.0768530793691164,0.2598483169692341,42.0,0.0,1.0,0.0,0.0,0.0,2.599767976845202,January,1,0,0,0,0,0,0,0,0,0,0,0,1
2020-01-27 00:00:00,8595.728298493115,30241155463.2706,167.6474095857562,236446011792.3031,156302144661.30927,18279197138.315884,236446011792.3031,0.6610479215805377,0.0773081220518641,0.2616439563675981,50.0,0.0,0.0,1.0,0.0,0.0,2.599767976845202,January,1,0,0,0,0,0,0,0,0,0,0,0,1
2020-01-28 00:00:00,8879.335548714553,39661537339.92209,169.7364357354222,243904578211.7725,161473602737.4275,18576520021.386745,243904578211.7725,0.6620359647256251,0.0761630640867163,0.2618009711876585,54.0,0.0,0.0,1.0,0.0,0.0,2.599767976845202,January,1,0,0,0,0,0,0,0,0,0,0,0,1
2020-01-29 00:00:00,9320.805853868467,49812761504.1306,175.19000305345378,255099275383.9082,169518428144.8912,19212409346.36024,255099275383.9082,0.6645194420477155,0.0753134610729363,0.2601670968793481,57.0,0.0,0.0,0.0,1.0,0.0,2.599767976845202,January,1,0,0,0,0,0,0,0,0,0,0,0,1
2020-01-30 00:00:00,9276.893821086494,47273353143.75747,173.70688823620796,253711155038.85663,168738228801.50467,19140249467.28951,253711155038.85663,0.6650800544251273,0.0754411033458821,0.2594788422289905,57.0,0.0,0.0,0.0,1.0,0.0,2.599767976845202,January,1,0,0,0,0,0,0,0,0,0,0,0,1
2020-01-31 00:00:00,9509.80513557522,51037775414.9802,184.72621843141044,261451630664.9028,172993102966.37723,20090242968.224342,261451630664.9028,0.6616638898997688,0.0768411461696852,0.261494963930546,55.0,0.0,0.0,0.0,1.0,0.0,2.599767976845202,January,1,0,0,0,0,0,0,0,0,0,0,0,1
2020-02-01 00:00:00,9308.060285564778,50102814005.68021,179.22910385240368,255689197707.50784,169340144566.23718,19751392940.99724,255689197707.50784,0.6622890058889055,0.0772476628582157,0.2604633312528787,57.0,0.0,0.0,0.0,1.0,0.0,2.34131667975952,February,0,1,0,0,0,0,0,0,0,0,0,0,1
2020-02-02 00:00:00,9363.22420680057,48307978233.84802,183.33693755210257,257984796094.4204,170361167834.16483,20079997942.89275,257984796094.4204,0.6603535185531397,0.0778340361404228,0.2618124453064374,57.0,0.0,0.0,0.0,1.0,0.0,2.34131667975952,February,0,1,0,0,0,0,0,0,0,0,0,0,1
2020-02-03 00:00:00,9338.416631939404,55025402183.68224,188.5506417943112,258795684118.20355,169926610304.08496,20619310835.276108,258795684118.20355,0.6566052710000831,0.0796740908007505,0.2637206381991663,59.0,0.0,0.0,0.0,1.0,0.0,2.34131667975952,February,0,1,0,0,0,0,0,0,0,0,0,0,1
2020-02-04 00:00:00,9308.91270229121,56824765307.81458,189.86176346298168,258951618099.46265,169406963182.6937,20791014743.30193,258951618099.46265,0.6542031458464374,0.0802891864352674,0.2655076677182952,56.0,0.0,0.0,0.0,1.0,0.0,2.34131667975952,February,0,1,0,0,0,0,0,0,0,0,0,0,1
2020-02-05 00:00:00,9179.95928107711,55377658455.62325,188.8422073694828,257521679636.81137,167075369075.11478,20665245888.10715,257521679636.81137,0.6487817620277444,0.0802466259044745,0.270971612067781,53.0,0.0,0.0,1.0,0.0,0.0,2.34131667975952,February,0,1,0,0,0,0,0,0,0,0,0,0,1
2020-02-06 00:00:00,9592.18387389791,65675565620.91084,203.8593183747095,270245056284.24,174596806174.2994,22414850796.683693,270245056284.24,0.6460684557006694,0.0829426858158991,0.2709888584834314,61.0,0.0,0.0,0.0,1.0,0.0,2.34131667975952,February,0,1,0,0,0,0,0,0,0,0,0,0,1
2020-02-07 00:00:00,9744.636578159389,71141695218.03949,212.73341421352785,275584782156.15576,177388314197.5645,23314707733.86607,275584782156.15576,0.6436796430110943,0.0846008533252578,0.2717195036636479,56.0,0.0,0.0,0.0,1.0,0.0,2.34131667975952,February,0,1,0,0,0,0,0,0,0,0,0,0,1
2020-02-08 00:00:00,9799.448455824684,69495711755.62915,223.27631974792,278698365802.99335,178414902529.15167,24407934017.3124,278698365802.99335,0.6401720441205235,0.0875783176804341,0.2722496381990423,56.0,0.0,0.0,0.0,1.0,0.0,2.34131667975952,February,0,1,0,0,0,0,0,0,0,0,0,0,1
2020-02-09 00:00:00,9890.701658194865,71561797135.19986,223.30077697426225,281409891108.4862,180081607384.42255,24478412143.01876,281409891108.4862,0.6399263603531241,0.0869849032192763,0.2730887364275995,56.0,0.0,0.0,0.0,1.0,0.0,2.34131667975952,February,0,1,0,0,0,0,0,0,0,0,0,0,1
2020-02-10 00:00:00,10148.379719131784,78110955304.52135,228.29226083217347,288503433435.9648,184792100015.1636,25011126326.73704,288503433435.9648,0.6405195869399573,0.0866926470470876,0.272787766012955,57.0,0.0,0.0,0.0,1.0,0.0,2.34131667975952,February,0,1,0,0,0,0,0,0,0,0,0,0,1
2020-02-11 00:00:00,9890.121224019967,81406687324.35088,224.14699652028605,283661695782.96423,180145850760.0532,24577280465.17777,283661695782.96423,0.6350728823742444,0.0866429300485546,0.2782841875772009,52.0,0.0,0.0,1.0,0.0,0.0,2.34131667975952,February,0,1,0,0,0,0,0,0,0,0,0,0,1
2020-02-12 00:00:00,10226.925769215322,38930644711.90421,236.78534852972567,294565794000.5717,186262984851.9929,25966283262.662064,294565794000.5717,0.6323306665119148,0.0881510473772513,0.2795182861108338,61.0,0.0,0.0,0.0,1.0,0.0,2.34131667975952,February,0,1,0,0,0,0,0,0,0,0,0,0,1
2020-02-13 00:00:00,10328.897565836414,45456624047.83392,264.03276824299627,302542586703.54706,188132988212.86743,29001954205.996136,302542586703.54706,0.6218396896209976,0.0958607332673278,0.2822995771116746,65.0,0.0,0.0,0.0,1.0,0.0,2.34131667975952,February,0,1,0,0,0,0,0,0,0,0,0,0,1
2020-02-14 00:00:00,10221.260309201634,54151236617.55855,267.6704445042514,301294919734.45374,186190344916.03287,29312880235.867893,301294919734.45374,0.6179670904512155,0.0972896597848473,0.2847432497639371,63.0,0.0,0.0,0.0,1.0,0.0,2.34131667975952,February,0,1,0,0,0,0,0,0,0,0,0,0,1
2020-02-15 00:00:00,10320.157140513991,50206573483.049774,284.2318914741183,307914461854.08264,187680301470.7393,31059453816.69378,307914461854.08264,0.6095209050612211,0.1008703963746026,0.2896086985641762,64.0,0.0,0.0,0.0,1.0,0.0,2.34131667975952,February,0,1,0,0,0,0,0,0,0,0,0,0,1
2020-02-16 00:00:00,9894.136123789158,51460340288.898056,263.8999463915962,290896061290.9334,180265718400.5704,28909877146.05339,290896061290.9334,0.6196911625430416,0.0993821539479003,0.2809266835090581,59.0,0.0,0.0,0.0,1.0,0.0,2.34131667975952,February,0,1,0,0,0,0,0,0,0,0,0,0,1
2020-02-17 00:00:00,9943.673602578743,42364906261.0548,262.1562443168135,289085835684.37915,181221481668.7407,28746450516.039288,289085835684.37915,0.6268777618928254,0.09943915255476,0.2736830855524145,49.0,0.0,0.0,1.0,0.0,0.0,2.34131667975952,February,0,1,0,0,0,0,0,0,0,0,0,0,1
2020-02-18 00:00:00,9723.605026422496,48517591137.468,267.9356656159883,284359667937.8345,176547652266.39673,29075052114.63163,284359667937.8345,0.6208603827213388,0.1022474541677545,0.2768921631109066,53.0,0.0,0.0,1.0,0.0,0.0,2.34131667975952,February,0,1,0,0,0,0,0,0,0,0,0,0,1
2020-02-19 00:00:00,10133.817417084678,54648014949.72496,281.9457403055278,296679304040.2361,184918071499.1008,31034929114.66128,296679304040.2361,0.6232927911750188,0.1046076645455939,0.2720995442793873,50.0,0.0,0.0,1.0,0.0,0.0,2.34131667975952,February,0,1,0,0,0,0,0,0,0,0,0,0,1
2020-02-20 00:00:00,9618.409248250406,50502739123.75383,259.1838037480287,279434343801.82166,175312937106.92148,28662558273.135616,279434343801.82166,0.6273850762999111,0.1025734986013868,0.270041425098702,44.0,0.0,1.0,0.0,0.0,0.0,2.34131667975952,February,0,1,0,0,0,0,0,0,0,0,0,0,1
2020-02-21 00:00:00,9608.16918128246,53579139400.80847,257.9883953048601,278090354944.28986,174871048291.16623,28258309183.25315,278090354944.28986,0.6288281674716778,0.1016155673177308,0.2695562652105913,44.0,0.0,1.0,0.0,0.0,0.0,2.34131667975952,February,0,1,0,0,0,0,0,0,0,0,0,0,1
2020-02-22 00:00:00,9673.011800270346,37678167400.71924,265.1644591338591,281211604034.37714,176701844101.55685,29114570356.366127,281211604034.37714,0.6283590064084115,0.1035326065449524,0.2681083870466361,43.0,0.0,1.0,0.0,0.0,0.0,2.34131667975952,February,0,1,0,0,0,0,0,0,0,0,0,0,1
2020-02-23 00:00:00,9658.606058375472,32555342237.08436,260.99654013152536,279496074201.52484,176097270350.4831,28657670954.134422,279496074201.52484,0.630052750664082,0.1025333577081709,0.2674138916277471,46.0,0.0,1.0,0.0,0.0,0.0,2.34131667975952,February,0,1,0,0,0,0,0,0,0,0,0,0,1
2020-02-24 00:00:00,9946.716123467522,38743680759.32858,274.6312157785517,289863131194.3548,181368043820.0941,30135977087.94057,289863131194.3548,0.6257023550141871,0.1039662304197432,0.2703314145660695,46.0,0.0,1.0,0.0,0.0,0.0,2.34131667975952,February,0,1,0,0,0,0,0,0,0,0,0,0,1
2020-02-25 00:00:00,9670.9608064677,41928789500.12296,265.2421912203732,279592169370.46875,175872097740.40662,28974292556.854683,279592169370.46875,0.6290308420883217,0.1036305581164642,0.267338599795214,44.0,0.0,1.0,0.0,0.0,0.0,2.34131667975952,February,0,1,0,0,0,0,0,0,0,0,0,0,1
2020-02-26 00:00:00,9345.342701734848,39441760776.3185,248.31738139395105,267894136852.57004,170478976467.6238,27274600634.783813,267894136852.57004,0.6363669562557219,0.1018111144768869,0.2618219292673912,41.0,0.0,1.0,0.0,0.0,0.0,2.34131667975952,February,0,1,0,0,0,0,0,0,0,0,0,0,1
2020-02-27 00:00:00,8801.657129472504,45140119229.63602,224.8105082974468,249226104331.05963,160731785487.8149,24823014146.598347,249226104331.05963,0.6449235561388335,0.0996003777903805,0.255476066070786,39.0,0.0,1.0,0.0,0.0,0.0,2.34131667975952,February,0,1,0,0,0,0,0,0,0,0,0,0,1
2020-02-28 00:00:00,8781.175282202359,43045469000.97675,225.4297151168376,250477017063.903,160149975301.41962,24879553838.25944,250477017063.903,0.6393799206757613,0.0993286894338574,0.2612913898903812,40.0,0.0,1.0,0.0,0.0,0.0,2.34131667975952,February,0,1,0,0,0,0,0,0,0,0,0,0,1
2020-02-29 00:00:00,8717.331431359424,41297721067.30182,227.70528448376496,248752553175.84985,159030381910.26715,25137364865.97101,248752553175.84985,0.639311556323381,0.1010536959120203,0.2596347477645986,38.0,0.0,1.0,0.0,0.0,0.0,2.34131667975952,February,0,1,0,0,0,0,0,0,0,0,0,0,1
2020-03-01 00:00:00,8552.989118581636,33291626663.006737,218.34835692985288,243790747320.6194,156047250857.11172,24105658618.96741,243790747320.6194,0.6400868473153638,0.0988784803521072,0.2610346723325289,39.0,0.0,1.0,0.0,0.0,0.0,1.4940399642909163,March,0,0,1,0,0,0,0,0,0,0,0,0,1
2020-03-02 00:00:00,8567.802248679225,34310775733.322155,218.93979697447656,244121116916.5203,155934421965.2728,24049874527.90718,244121116916.5203,0.6387584324325214,0.0985161580107438,0.2627254095567348,38.0,0.0,1.0,0.0,0.0,0.0,1.4940399642909163,March,0,0,1,0,0,0,0,0,0,0,0,0,1
2020-03-03 00:00:00,8905.876104262194,59776629742.57125,231.67944604592213,255369565730.1264,162521881368.8758,25392608994.495888,255369565730.1264,0.6364183645150115,0.0994347502682864,0.264146885216702,38.0,0.0,1.0,0.0,0.0,0.0,1.4940399642909163,March,0,0,1,0,0,0,0,0,0,0,0,0,1
2020-03-04 00:00:00,8756.718576742549,68336042797.3885,223.96011601810253,251105638179.86023,159816567727.14258,24709361638.74632,251105638179.86023,0.6364515304617344,0.0984022573839925,0.265146212154273,40.0,0.0,1.0,0.0,0.0,0.0,1.4940399642909163,March,0,0,1,0,0,0,0,0,0,0,0,0,1
2020-03-05 00:00:00,8758.646993191916,38832067216.87788,224.134877371802,250809031643.9412,159869936941.09732,24635535324.34428,250809031643.9412,0.6374169857170665,0.0982242751103074,0.264358739172626,41.0,0.0,1.0,0.0,0.0,0.0,1.4940399642909163,March,0,0,1,0,0,0,0,0,0,0,0,0,1
2020-03-06 00:00:00,9038.870323233425,38122635173.15044,228.0809351016884,258428361287.8148,165070261612.788,25072941968.371387,258428361287.8148,0.6387466947907752,0.0970208604172796,0.2642324447919452,39.0,0.0,1.0,0.0,0.0,0.0,1.4940399642909163,March,0,0,1,0,0,0,0,0,0,0,0,0,1
2020-03-07 00:00:00,9135.84506603321,41388087588.44269,244.23846951978683,263011496303.25464,166791067805.42844,26861442576.626507,263011496303.25464,0.6341588491368333,0.1021302983108199,0.2637108525523468,38.0,0.0,1.0,0.0,0.0,0.0,1.4940399642909163,March,0,0,1,0,0,0,0,0,0,0,0,0,1
2020-03-08 00:00:00,8902.20195010789,36764763103.12236,237.38079020191347,255625923344.61447,162543409238.00458,26199142579.509502,255625923344.61447,0.6358643407964399,0.1024901631130341,0.2616454960905259,33.0,0.0,1.0,0.0,0.0,0.0,1.4940399642909163,March,0,0,1,0,0,0,0,0,0,0,0,0,1
2020-03-09 00:00:00,8041.365538071835,39132209137.69724,198.81964228768572,227115853282.16864,147076617271.6885,22145350491.45419,227115853282.16864,0.6475841080497388,0.0975068458296515,0.2549090461206096,17.0,1.0,0.0,0.0,0.0,0.0,1.4940399642909163,March,0,0,1,0,0,0,0,0,0,0,0,0,1
2020-03-10 00:00:00,7921.33200691072,45678665163.11017,200.84687148188743,224833921168.55743,144664117909.4077,22001125399.41239,224833921168.55743,0.6434265664074479,0.0978550090887673,0.2587184245037847,16.0,1.0,0.0,0.0,0.0,0.0,1.4940399642909163,March,0,0,1,0,0,0,0,0,0,0,0,0,1
2020-03-11 00:00:00,7906.731528510632,40882213633.94649,200.7490385485177,224983315826.5559,144410718987.88852,22178131746.591427,224983315826.5559,0.6418730138159116,0.0985767840833539,0.2595502021007345,17.0,1.0,0.0,0.0,0.0,0.0,1.4940399642909163,March,0,0,1,0,0,0,0,0,0,0,0,0,1
2020-03-12 00:00:00,7935.522040170545,38689036552.81125,194.2179412402521,223739264398.39145,144948460093.29614,21375073649.951973,223739264398.39145,0.6478454306312551,0.0955356392514609,0.2566189301172839,14.0,1.0,0.0,0.0,0.0,0.0,1.4940399642909163,March,0,0,1,0,0,0,0,0,0,0,0,0,1
2020-03-13 00:00:00,5142.990459018316,50009548492.07486,110.5978978308351,135135467857.5175,93092131086.97026,11956631650.303354,135135467857.5175,0.6888800739205166,0.0884788563644153,0.222641069715068,10.0,1.0,0.0,0.0,0.0,0.0,1.4940399642909163,March,0,0,1,0,0,0,0,0,0,0,0,0,1
2020-03-14 00:00:00,5542.819542373153,74329688818.10397,132.57285770180832,158000618576.4275,101262945297.35812,14567054564.19822,158000618576.4275,0.6409022079136708,0.0921961869228499,0.2669016051634792,8.0,1.0,0.0,0.0,0.0,0.0,1.4940399642909163,March,0,0,1,0,0,0,0,0,0,0,0,0,1
2020-03-15 00:00:00,5214.189112383918,36054625746.82817,123.030844108903,147900936847.7712,95216478864.65564,13505998666.239887,147900936847.7712,0.6437855019313253,0.0913178709621095,0.2648966271065651,12.0,1.0,0.0,0.0,0.0,0.0,1.4940399642909163,March,0,0,1,0,0,0,0,0,0,0,0,0,1
2020-03-16 00:00:00,5397.93335743919,32985693209.74783,124.60342553062202,153129732374.85095,98632587514.00249,13756072458.523424,153129732374.85095,0.644111277309339,0.0898327989292733,0.2660559237613876,9.0,1.0,0.0,0.0,0.0,0.0,1.4940399642909163,March,0,0,1,0,0,0,0,0,0,0,0,0,1
2020-03-17 00:00:00,5032.501351487721,44034438467.96684,110.9915984533406,143398286208.9577,91962797384.28252,12178760413.015514,143398286208.9577,0.6413102960678051,0.0849296092372318,0.273760094694963,8.0,1.0,0.0,0.0,0.0,0.0,1.4940399642909163,March,0,0,1,0,0,0,0,0,0,0,0,0,1
2020-03-18 00:00:00,5389.41577503409,36007089253.82256,117.21704138518466,151287079585.47034,98079756006.79294,12991193734.51619,151287079585.47034,0.6483022626620426,0.0858711383028367,0.2658265990351207,11.0,1.0,0.0,0.0,0.0,0.0,1.4940399642909163,March,0,0,1,0,0,0,0,0,0,0,0,0,1
2020-03-19 00:00:00,5376.280747845438,37618067230.41405,117.7004246469663,151304989890.95276,98259998309.05324,12900856057.87349,151304989890.95276,0.6494167732331256,0.0852639167232441,0.2653193100436302,12.0,1.0,0.0,0.0,0.0,0.0,1.4940399642909163,March,0,0,1,0,0,0,0,0,0,0,0,0,1
2020-03-20 00:00:00,6170.200600237675,48056214948.15649,136.81187578973578,173695009768.84055,112778383593.4914,15068113354.89011,173695009768.84055,0.6492897161730832,0.0867504102446195,0.2639598735822973,9.0,1.0,0.0,0.0,0.0,0.0,1.4940399642909163,March,0,0,1,0,0,0,0,0,0,0,0,0,1
2020-03-21 00:00:00,6195.603505257629,50936770688.25396,131.96469397290025,173192911961.50656,113030383272.51408,14451395504.502293,173192911961.50656,0.6526270734314805,0.0834410331279274,0.263931893440592,9.0,1.0,0.0,0.0,0.0,0.0,1.4940399642909163,March,0,0,1,0,0,0,0,0,0,0,0,0,1
2020-03-22 00:00:00,6145.770891252399,40189198131.46317,131.94321845316688,172786381815.62698,112349835902.32983,14575207631.098148,172786381815.62698,0.650223904926799,0.0843539142260107,0.2654221808471901,11.0,1.0,0.0,0.0,0.0,0.0,1.4940399642909163,March,0,0,1,0,0,0,0,0,0,0,0,0,1
2020-03-23 00:00:00,5859.647430299388,37255748385.30394,122.5205987665882,163092112350.92087,107128564670.89128,13499834314.773165,163092112350.92087,0.6568592626992632,0.0827742931290627,0.260366444171674,10.0,1.0,0.0,0.0,0.0,0.0,1.4940399642909163,March,0,0,1,0,0,0,0,0,0,0,0,0,1
2020-03-24 00:00:00,6456.347485963419,45578824447.64577,135.58865798037067,179406932499.30502,118046727572.5451,14944699607.313162,179406932499.30502,0.6579830886579725,0.0833005692651874,0.2587163420768401,12.0,1.0,0.0,0.0,0.0,0.0,1.4940399642909163,March,0,0,1,0,0,0,0,0,0,0,0,0,1
2020-03-25 00:00:00,6730.173782371188,45846522059.373184,138.77657127268222,186060273985.9345,123064256188.85924,15385255695.77982,186060273985.9345,0.661421449901565,0.0826896325915487,0.2558889175068862,13.0,1.0,0.0,0.0,0.0,0.0,1.4940399642909163,March,0,0,1,0,0,0,0,0,0,0,0,0,1
2020-03-26 00:00:00,6695.900618397724,42082295491.03078,136.23392142176775,184148411919.2777,122445336599.19923,15020580578.564753,184148411919.2777,0.6649274643371549,0.0815677986142454,0.2535047370485997,14.0,1.0,0.0,0.0,0.0,0.0,1.4940399642909163,March,0,0,1,0,0,0,0,0,0,0,0,0,1
2020-03-27 00:00:00,6765.56207892991,34840544710.10888,138.76693759902926,186810210933.8782,123732739823.4625,15277363230.972204,186810210933.8782,0.6623446288343302,0.08178012944046,0.2558752417252097,12.0,1.0,0.0,0.0,0.0,0.0,1.4940399642909163,March,0,0,1,0,0,0,0,0,0,0,0,0,1
2020-03-28 00:00:00,6397.826328325604,32910551599.472366,130.2865618875773,176785946731.6623,117019679177.8136,14958737456.74538,176785946731.6623,0.6619286280454973,0.084614969307774,0.2534564026467286,8.0,1.0,0.0,0.0,0.0,0.0,1.4940399642909163,March,0,0,1,0,0,0,0,0,0,0,0,0,1
2020-03-29 00:00:00,6255.000398693634,35231848358.55144,131.42405214081143,175028393213.07812,114171796491.49911,14468066254.835968,175028393213.07812,0.6523044312730867,0.0826612527787001,0.2650343159482132,12.0,1.0,0.0,0.0,0.0,0.0,1.4940399642909163,March,0,0,1,0,0,0,0,0,0,0,0,0,1
2020-03-30 00:00:00,5915.337154791903,25923471292.176422,125.31887451568916,166139204246.82278,108551603303.50957,13819843925.360764,166139204246.82278,0.6533774120059053,0.0831823168289013,0.2634402711651934,10.0,1.0,0.0,0.0,0.0,0.0,1.4940399642909163,March,0,0,1,0,0,0,0,0,0,0,0,0,1
2020-03-31 00:00:00,6403.141235565223,34907149977.57921,132.36373895414985,178235939534.85168,117151628726.53436,14615131244.892357,178235939534.85168,0.6572839856668016,0.0819987892623337,0.2607172250708647,12.0,1.0,0.0,0.0,0.0,0.0,1.4940399642909163,March,0,0,1,0,0,0,0,0,0,0,0,0,1
2020-04-01 00:00:00,6421.70541388854,32287674952.1782,133.2364468438201,179303250133.0392,117750205634.39989,14699970260.177477,179303250133.0392,0.6567098228673028,0.0819838471933465,0.2613063299393506,12.0,1.0,0.0,0.0,0.0,0.0,0.3130472940411133,April,0,0,0,1,0,0,0,0,0,0,0,0,1
2020-04-02 00:00:00,6640.797666310131,35886963977.71526,136.21638557312852,184187635273.0593,120921617010.34784,14896572551.520117,184187635273.0593,0.6565132172476226,0.080877158390333,0.2626096243620444,14.0,1.0,0.0,0.0,0.0,0.0,0.3130472940411133,April,0,0,0,1,0,0,0,0,0,0,0,0,1
2020-04-03 00:00:00,6807.897017890566,47638672293.73783,141.4537053523866,189201349814.4587,124719708453.63536,15522802609.007648,189201349814.4587,0.6591903735144723,0.0820438259252915,0.2587658005602361,14.0,1.0,0.0,0.0,0.0,0.0,0.3130472940411133,April,0,0,0,1,0,0,0,0,0,0,0,0,1
2020-04-04 00:00:00,6732.852018394612,39867535857.25387,141.26154326644877,189625265324.97885,123234164427.70816,15597757554.270603,189625265324.97885,0.649882620949851,0.082255692708138,0.2678616863420109,12.0,1.0,0.0,0.0,0.0,0.0,0.3130472940411133,April,0,0,0,1,0,0,0,0,0,0,0,0,1
2020-04-05 00:00:00,6859.424923721944,35009177102.13241,144.200802681986,193013105924.4864,125564427826.17566,15898519073.8945,193013105924.4864,0.6505487139059922,0.0823701530408747,0.2670811330531331,12.0,1.0,0.0,0.0,0.0,0.0,0.3130472940411133,April,0,0,0,1,0,0,0,0,0,0,0,0,1
2020-04-06 00:00:00,6788.048272605917,31885662165.01491,142.8508834648482,191028123717.9233,124272363451.93964,15770466064.128723,191028123717.9233,0.6505448571302683,0.0825557292674652,0.2668994136022665,12.0,1.0,0.0,0.0,0.0,0.0,0.3130472940411133,April,0,0,0,1,0,0,0,0,0,0,0,0,1
2020-04-07 00:00:00,7297.635558289496,45370138560.82485,169.85504979336824,209934596748.6904,133484854333.44952,18679968361.1114,209934596748.6904,0.6358401921396608,0.0889799425650309,0.2751798652953082,20.0,1.0,0.0,0.0,0.0,0.0,0.3130472940411133,April,0,0,0,1,0,0,0,0,0,0,0,0,1
2020-04-08 00:00:00,7196.782202442051,43386074290.71468,164.5160197107307,203577224074.9332,131782164465.85344,18166748814.85624,203577224074.9332,0.6473325543399037,0.0892376290982795,0.2634298165618167,21.0,1.0,0.0,0.0,0.0,0.0,0.3130472940411133,April,0,0,0,1,0,0,0,0,0,0,0,0,1
2020-04-09 00:00:00,7342.291601148024,38922547592.862114,172.8035682674752,210948542417.7093,134518720640.0234,19089126835.76443,210948542417.7093,0.6376849970058407,0.0904918641152074,0.2718231388789518,22.0,1.0,0.0,0.0,0.0,0.0,0.3130472940411133,April,0,0,0,1,0,0,0,0,0,0,0,0,1
2020-04-10 00:00:00,7294.488875121554,34921486435.060486,170.09510352387568,209203787502.77484,133598651281.71776,18787453383.94849,209203787502.77484,0.6386053181754452,0.0898045566392974,0.2715901251852574,15.0,1.0,0.0,0.0,0.0,0.0,0.3130472940411133,April,0,0,0,1,0,0,0,0,0,0,0,0,1
2020-04-11 00:00:00,6864.694257006497,37828011010.9016,157.74015800780134,196023897096.68884,125740858699.27551,17375118634.991734,196023897096.68884,0.6414567844105956,0.0886377573976169,0.2699054581917874,15.0,1.0,0.0,0.0,0.0,0.0,0.3130472940411133,April,0,0,0,1,0,0,0,0,0,0,0,0,1
2020-04-12 00:00:00,6878.781212589853,30280054180.28837,158.32787794181905,196780824068.5482,125980543742.365,17489565908.771362,196780824068.5482,0.6402074203047343,0.088878405665579,0.2709141740296866,10.0,1.0,0.0,0.0,0.0,0.0,0.3130472940411133,April,0,0,0,1,0,0,0,0,0,0,0,0,1
2020-04-13 00:00:00,6913.158787469097,34544392366.04943,158.8638257195104,192546821104.4661,126655463658.31229,17790409219.818943,192546821104.4661,0.6577904684782901,0.0923952372611063,0.2498142942606035,11.0,1.0,0.0,0.0,0.0,0.0,0.3130472940411133,April,0,0,0,1,0,0,0,0,0,0,0,0,1
2020-04-14 00:00:00,6857.538537511484,38062368291.08157,156.70135879140688,195813825098.46823,125651103790.21223,17316641314.145325,195813825098.46823,0.6416865802352132,0.0884342119635187,0.269879207801268,15.0,1.0,0.0,0.0,0.0,0.0,0.3130472940411133,April,0,0,0,1,0,0,0,0,0,0,0,0,1
2020-04-15 00:00:00,6860.17853570111,33837365577.44977,158.26715118298955,197792505526.8389,125713883015.64565,17559917949.258163,197792505526.8389,0.6355846632348122,0.0887794909240149,0.2756358458411728,18.0,1.0,0.0,0.0,0.0,0.0,0.3130472940411133,April,0,0,0,1,0,0,0,0,0,0,0,0,1
2020-04-16 00:00:00,6629.431738031291,29692916171.011845,153.2228636800284,188044525395.74728,121499498109.80827,16933905371.155537,188044525395.74728,0.6461209006436517,0.0900526369247785,0.2638264624315697,13.0,1.0,0.0,0.0,0.0,0.0,0.3130472940411133,April,0,0,0,1,0,0,0,0,0,0,0,0,1
2020-04-17 00:00:00,7059.92622475854,45752002264.27432,171.7759907508837,203548470084.9847,129402884477.95892,18989526634.23506,203548470084.9847,0.6357349894299434,0.0932924066012711,0.2709726039687854,15.0,1.0,0.0,0.0,0.0,0.0,0.3130472940411133,April,0,0,0,1,0,0,0,0,0,0,0,0,1
2020-04-18 00:00:00,7035.261503989225,31701906839.621475,170.445890477055,202685157249.1411,128961704237.38852,18844786940.26037,202685157249.1411,0.636266147889993,0.0929756633195212,0.2707581887904857,18.0,1.0,0.0,0.0,0.0,0.0,0.3130472940411133,April,0,0,0,1,0,0,0,0,0,0,0,0,1
2020-04-19 00:00:00,7242.5109294929825,30035235468.3311,187.14354411560592,209638322945.6254,132775323305.43571,20686869606.075146,209638322945.6254,0.6333542524086786,0.0986788546836485,0.2679668929076729,16.0,1.0,0.0,0.0,0.0,0.0,0.3130472940411133,April,0,0,0,1,0,0,0,0,0,0,0,0,1
2020-04-20 00:00:00,7127.511949689152,29714765522.32532,180.05859654051866,205881561518.36667,130680700686.31036,19894212517.44348,205881561518.36667,0.6347372718690613,0.0966294036761943,0.2686333244547444,15.0,1.0,0.0,0.0,0.0,0.0,0.3130472940411133,April,0,0,0,1,0,0,0,0,0,0,0,0,1
2020-04-21 00:00:00,6856.456278354705,35276609104.457115,170.70405868653958,198048036852.0225,125724610427.89977,18894679854.84961,198048036852.0225,0.6348187663270738,0.0954045299068898,0.2697767037660363,17.0,1.0,0.0,0.0,0.0,0.0,0.3130472940411133,April,0,0,0,1,0,0,0,0,0,0,0,0,1
2020-04-22 00:00:00,6842.038597634602,30093303601.39072,170.45154288047368,197675941644.7653,125473149029.1152,18883297426.60788,197675941644.7653,0.6347416280661885,0.0955265333226145,0.269731838611197,19.0,1.0,0.0,0.0,0.0,0.0,0.3130472940411133,April,0,0,0,1,0,0,0,0,0,0,0,0,1
2020-04-23 00:00:00,7109.995291181778,30819547915.3444,182.2767576620704,207035020472.2497,130398643209.39326,20165266729.19022,207035020472.2497,0.6298385795405637,0.0974002692065959,0.2727611512528404,19.0,1.0,0.0,0.0,0.0,0.0,0.3130472940411133,April,0,0,0,1,0,0,0,0,0,0,0,0,1
2020-04-24 00:00:00,7382.793144116689,41032858925.23595,184.5937024802184,215475851561.33704,135414822709.73112,20371607313.859978,215475851561.33704,0.6284454695434126,0.0945424146893835,0.2770121157672038,20.0,1.0,0.0,0.0,0.0,0.0,0.3130472940411133,April,0,0,0,1,0,0,0,0,0,0,0,0,1
2020-04-25 00:00:00,7495.393587498606,33233126912.999897,187.3433686141964,216827724951.82587,137493716065.4006,20756708748.58927,216827724951.82587,0.634115015023787,0.0957290344359833,0.2701559505402297,24.0,1.0,0.0,0.0,0.0,0.0,0.3130472940411133,April,0,0,0,1,0,0,0,0,0,0,0,0,1
2020-04-26 00:00:00,7538.557687279841,31610167152.118294,194.11423682570447,219067451924.6272,138298135122.85803,21449928671.504494,219067451924.6272,0.6313038925127096,0.0979147220778584,0.270781385409432,21.0,1.0,0.0,0.0,0.0,0.0,0.3130472940411133,April,0,0,0,1,0,0,0,0,0,0,0,0,1
2020-04-27 00:00:00,7683.867415083342,33760863612.125053,197.22990444623989,223179447682.75684,140977260141.33173,21798344583.464844,223179447682.75684,0.631676713985451,0.0976718278040125,0.2706514582105365,28.0,0.0,1.0,0.0,0.0,0.0,0.3130472940411133,April,0,0,0,1,0,0,0,0,0,0,0,0,1
2020-04-28 00:00:00,7774.281554448049,35205525351.89531,196.46262535084685,223179447682.75684,142649802462.8293,21715118585.74493,236857386748.5193,0.6022603070187806,0.0916801408807263,0.306059552100493,26.0,0.0,1.0,0.0,0.0,0.0,0.3130472940411133,April,0,0,0,1,0,0,0,0,0,0,0,0,1
2020-04-29 00:00:00,7758.230255185947,32855687796.969097,197.15473156634303,223179447682.75684,142370212777.1421,21824818237.69873,250535325814.28177,0.5682640254998573,0.0871127381608338,0.3446232363393088,26.0,0.0,1.0,0.0,0.0,0.0,0.3130472940411133,April,0,0,0,1,0,0,0,0,0,0,0,0,1
2020-04-30 00:00:00,8744.430287016561,60399592065.54053,215.54817266567383,264213264880.04425,160483573440.17792,23796586177.48911,264213264880.04425,0.6074016515145038,0.0900658268928814,0.3025325215926147,44.0,0.0,1.0,0.0,0.0,0.0,0.3130472940411133,April,0,0,0,1,0,0,0,0,0,0,0,0,1
2020-05-01 00:00:00,8610.63580374089,65838312160.09067,205.5560054106368,243809258353.7286,158042623264.3916,22894189506.373463,243809258353.7286,0.6482224027567354,0.0939020513862423,0.2578755458570222,40.0,0.0,1.0,0.0,0.0,0.0,0.1982013035848551,May,0,0,0,0,1,0,0,0,0,0,0,0,1
2020-05-02 00:00:00,8824.818413551968,44773967197.55202,211.96829534904973,249798615148.3239,161989355178.82224,23540629181.114624,249798615148.3239,0.6484797967460195,0.094238429493041,0.2572817737609394,40.0,0.0,1.0,0.0,0.0,0.0,0.1982013035848551,May,0,0,0,0,1,0,0,0,0,0,0,0,1
2020-05-03 00:00:00,8966.307014689282,39177855720.33245,213.94301121407548,253986193584.68045,164603123455.99927,23700169401.049606,253986193584.68045,0.6480790200949236,0.0933128256562018,0.2586081542488746,45.0,0.0,1.0,0.0,0.0,0.0,0.1982013035848551,May,0,0,0,0,1,0,0,0,0,0,0,0,1
2020-05-04 00:00:00,8888.671912686868,45617019157.37323,210.0247094746477,250864691316.0856,163036842346.68604,23254687127.813503,250864691316.0856,0.6498995195033731,0.0926981274479674,0.2574023530486595,44.0,0.0,1.0,0.0,0.0,0.0,0.1982013035848551,May,0,0,0,0,1,0,0,0,0,0,0,0,1
2020-05-05 00:00:00,8884.407813577056,44698213713.39127,206.8325342346069,249744258316.8562,162341412439.88123,22819858077.111965,249744258316.8562,0.650030609448146,0.0913729037492421,0.2585964868026119,40.0,0.0,1.0,0.0,0.0,0.0,0.1982013035848551,May,0,0,0,0,1,0,0,0,0,0,0,0,1
2020-05-06 00:00:00,9003.240557621584,43436234291.97107,205.22517973985205,252094549143.06787,165335617639.04947,22740460359.466698,252094549143.06787,0.6558476500228442,0.0902060771911458,0.2539462727860099,42.0,0.0,1.0,0.0,0.0,0.0,0.1982013035848551,May,0,0,0,0,1,0,0,0,0,0,0,0,1
2020-05-07 00:00:00,9144.68703972007,48538811466.802704,200.2547945000944,254679607600.64893,167950864937.1468,22529347281.111214,254679607600.64893,0.659459414593188,0.0884615281661593,0.2520790572406526,49.0,0.0,0.0,1.0,0.0,0.0,0.1982013035848551,May,0,0,0,0,1,0,0,0,0,0,0,0,1
2020-05-08 00:00:00,9959.166416261767,61712313964.69186,212.29247620086525,273523703972.18845,182927847431.44943,23678773321.927563,273523703972.18845,0.668782430096257,0.0865693648413564,0.2446482050623865,55.0,0.0,0.0,0.0,1.0,0.0,0.1982013035848551,May,0,0,0,0,1,0,0,0,0,0,0,0,1
2020-05-09 00:00:00,9821.81131529702,50955646313.40579,211.68904835113835,271982758846.99225,180421762956.3486,23476076684.66088,271982758846.99225,0.6633573529484177,0.0863145766451603,0.2503280704064219,56.0,0.0,0.0,0.0,1.0,0.0,0.1982013035848551,May,0,0,0,0,1,0,0,0,0,0,0,0,1
2020-05-10 00:00:00,9566.777187205966,46706541180.09866,210.4318181376063,242586701934.74167,175752574354.63544,23328821609.133904,242586701934.74167,0.724493852931455,0.0961669432952248,0.1793392037733202,48.0,0.0,0.0,1.0,0.0,0.0,0.1982013035848551,May,0,0,0,0,1,0,0,0,0,0,0,0,1
2020-05-11 00:00:00,8752.617087745832,61704475184.53314,188.13722615896583,243078805028.0174,160814678353.7077,20859785783.852856,243078805028.0174,0.6615742509313888,0.0858149100307143,0.2526108390378969,40.0,0.0,1.0,0.0,0.0,0.0,0.1982013035848551,May,0,0,0,0,1,0,0,0,0,0,0,0,1
2020-05-12 00:00:00,8604.75159101983,57996080837.490005,185.6747180974029,239129498739.93723,158113540964.46692,20616754314.25829,239129498739.93723,0.6612046685901418,0.0862158555213626,0.2525794758884956,39.0,0.0,1.0,0.0,0.0,0.0,0.1982013035848551,May,0,0,0,0,1,0,0,0,0,0,0,0,1
2020-05-13 00:00:00,8788.466749414652,39515455755.72524,189.3057818185128,244112994618.7768,161474125336.405,20993946147.95032,244112994618.7768,0.6614728789369604,0.0860009364955596,0.2525261845674799,41.0,0.0,1.0,0.0,0.0,0.0,0.1982013035848551,May,0,0,0,0,1,0,0,0,0,0,0,0,1
2020-05-14 00:00:00,9283.08601265873,44239951916.52319,199.36937254304945,256048785022.3336,170593350055.82486,22169692740.7452,256048785022.3336,0.666253308098865,0.0865838622855073,0.2471628296156277,40.0,0.0,1.0,0.0,0.0,0.0,0.1982013035848551,May,0,0,0,0,1,0,0,0,0,0,0,0,1
2020-05-15 00:00:00,9796.494527024528,52076585310.72393,203.21124699378416,264897223520.5705,179398095871.3398,22562017222.46954,264897223520.5705,0.6772366032647704,0.0851727206597825,0.2375906760754469,44.0,0.0,1.0,0.0,0.0,0.0,0.1982013035848551,May,0,0,0,0,1,0,0,0,0,0,0,0,1
2020-05-16 00:00:00,9309.29535940684,44866846516.37974,194.27309778153105,257102358974.1654,170983863891.47488,21656663418.09443,257102358974.1654,0.6650419878436665,0.0842336239329121,0.2507243882234213,41.0,0.0,1.0,0.0,0.0,0.0,0.1982013035848551,May,0,0,0,0,1,0,0,0,0,0,0,0,1
2020-05-17 00:00:00,9375.29710843331,34146492788.29056,200.58339090310048,260414692627.3741,172309401206.74423,22256509489.00485,260414692627.3741,0.6616731163218227,0.0854656442939322,0.2528612393842451,40.0,0.0,1.0,0.0,0.0,0.0,0.1982013035848551,May,0,0,0,0,1,0,0,0,0,0,0,0,1
2020-05-18 00:00:00,9666.32719340344,35650032953.969925,206.76889403683904,264474253827.07657,177224284369.1316,22938430778.9383,264474253827.07657,0.6701003284993012,0.0867321882830089,0.2431674832176898,50.0,0.0,0.0,1.0,0.0,0.0,0.1982013035848551,May,0,0,0,0,1,0,0,0,0,0,0,0,1
2020-05-19 00:00:00,9708.439858793108,38922896809.95441,214.35764164526785,265282029657.3789,178446153576.46417,23793534838.638046,265282029657.3789,0.6726658183629463,0.0896914686206534,0.2376427130164003,50.0,0.0,0.0,1.0,0.0,0.0,0.1982013035848551,May,0,0,0,0,1,0,0,0,0,0,0,0,1
2020-05-20 00:00:00,9760.198937162191,37077538114.72087,213.68672021176667,268852542754.1611,179127815802.66245,23656360817.218487,268852542754.1611,0.6662678878453346,0.0879900951461332,0.2457420170085321,52.0,0.0,0.0,1.0,0.0,0.0,0.1982013035848551,May,0,0,0,0,1,0,0,0,0,0,0,0,1
2020-05-21 00:00:00,9526.50759300584,34829170074.82492,209.9207882888633,263420965015.62524,175227227252.9058,23303624068.60854,263420965015.62524,0.6651984865460951,0.0884653355788376,0.2463361778750672,49.0,0.0,0.0,1.0,0.0,0.0,0.1982013035848551,May,0,0,0,0,1,0,0,0,0,0,0,0,1
2020-05-22 00:00:00,9059.962506871729,35965016693.72406,198.9175157507187,251605603235.16687,166569335290.8396,22089212414.44277,251605603235.16687,0.6620255397696891,0.0877930067153423,0.2501814535149685,42.0,0.0,1.0,0.0,0.0,0.0,0.1982013035848551,May,0,0,0,0,1,0,0,0,0,0,0,0,1
2020-05-23 00:00:00,9131.767275081991,27700943119.83718,206.22772963994552,256096396143.6365,168309812992.5134,22960218146.427925,256096396143.6365,0.6572127352315948,0.0896545929273844,0.2531326718410207,40.0,0.0,1.0,0.0,0.0,0.0,0.1982013035848551,May,0,0,0,0,1,0,0,0,0,0,0,0,1
2020-05-24 00:00:00,9170.361063506129,26159735072.083897,206.4112069583191,256104437887.36075,168614573110.75775,22943289960.014706,256104437887.36075,0.6583820823320423,0.0895856789881383,0.2520322386798194,43.0,0.0,1.0,0.0,0.0,0.0,0.1982013035848551,May,0,0,0,0,1,0,0,0,0,0,0,0,1
2020-05-25 00:00:00,8731.848525870651,29437505507.203728,200.69072858230612,246165084451.64465,161407638875.36517,22417907964.48714,246165084451.64465,0.6556885970848202,0.0910685933158436,0.2532428095993361,41.0,0.0,1.0,0.0,0.0,0.0,0.1982013035848551,May,0,0,0,0,1,0,0,0,0,0,0,0,1
2020-05-26 00:00:00,8883.691769863415,29130957734.103832,203.81011834234977,249465224017.5932,163333743988.58344,22639118588.39778,249465224017.5932,0.6547355232850595,0.0907505993172066,0.2545138773977339,39.0,0.0,1.0,0.0,0.0,0.0,0.1982013035848551,May,0,0,0,0,1,0,0,0,0,0,0,0,1
2020-05-27 00:00:00,8839.130663273247,26860828302.61543,200.96361540675863,250097714893.6967,162547226896.53772,22325672542.330963,250097714893.6967,0.649934874317536,0.0892677989953663,0.2607973266870975,39.0,0.0,1.0,0.0,0.0,0.0,0.1982013035848551,May,0,0,0,0,1,0,0,0,0,0,0,0,1
2020-05-28 00:00:00,9174.118563996424,28916177009.89064,207.8458938908541,257162540220.5174,168615778509.82266,23085068545.91044,257162540220.5174,0.6556778384800301,0.0897683952185063,0.2545537663014635,41.0,0.0,1.0,0.0,0.0,0.0,0.1982013035848551,May,0,0,0,0,1,0,0,0,0,0,0,0,1
2020-05-29 00:00:00,9546.04563503715,31771100326.33337,219.59156405880168,266653544809.2371,175534414971.32306,24328143646.44253,266653544809.2371,0.6582864484209264,0.0912350280730255,0.250478523506048,48.0,0.0,0.0,1.0,0.0,0.0,0.1982013035848551,May,0,0,0,0,1,0,0,0,0,0,0,0,1
2020-05-30 00:00:00,9427.120373393418,28880265574.93268,220.49116734603788,263120007134.2237,173355014878.4796,24504031642.684784,263120007134.2237,0.6588439122002879,0.0931287282543463,0.2480273595453657,48.0,0.0,0.0,1.0,0.0,0.0,0.1982013035848551,May,0,0,0,0,1,0,0,0,0,0,0,0,1
2020-05-31 00:00:00,9662.70587254818,30231487421.644287,242.7097702678268,273887007835.6719,177978616382.68933,27012940828.46696,273887007835.6719,0.6498249690232617,0.098628047536575,0.2515469834401632,51.0,0.0,0.0,1.0,0.0,0.0,0.1982013035848551,May,0,0,0,0,1,0,0,0,0,0,0,0,1
2020-06-01 00:00:00,9466.961781429516,27396663221.15232,232.3310030389668,267547225555.0713,174105710752.04755,25671662155.409367,267547225555.0713,0.650747584434248,0.095951890744332,0.2533005248214199,50.0,0.0,0.0,1.0,0.0,0.0,0.7166562831830481,June,0,0,0,0,0,1,0,0,0,0,0,0,1
2020-06-02 00:00:00,10167.93069332851,33702539853.50912,248.0445665844865,286307051373.03955,186932702065.96875,27559451838.43636,286307051373.03955,0.6529098782914974,0.0962583761254562,0.2508317455830464,56.0,0.0,0.0,0.0,1.0,0.0,0.7166562831830481,June,0,0,0,0,0,1,0,0,0,0,0,0,1
2020-06-03 00:00:00,9515.243858655718,36841150778.6441,237.2653201286792,270829778322.8926,175463166971.51956,26414164713.757725,270829778322.8926,0.6478725052247627,0.0975305037626469,0.2545969910125903,48.0,0.0,0.0,1.0,0.0,0.0,0.7166562831830481,June,0,0,0,0,0,1,0,0,0,0,0,0,1
2020-06-04 00:00:00,9645.227869360308,25222025158.95508,244.1253366100756,275266863182.54645,177416480472.83005,27137533088.4328,275266863182.54645,0.6445253831921434,0.0985862692467862,0.2568883475610704,54.0,0.0,0.0,1.0,0.0,0.0,0.7166562831830481,June,0,0,0,0,0,1,0,0,0,0,0,0,1
2020-06-05 00:00:00,9776.20299178848,24903069188.39716,243.70782131595865,277986861808.27136,179830985954.85498,27105225697.6403,277986861808.27136,0.6469046227043821,0.0975054199372015,0.2555899573584164,53.0,0.0,0.0,1.0,0.0,0.0,0.7166562831830481,June,0,0,0,0,0,1,0,0,0,0,0,0,1
2020-06-06 00:00:00,9636.965527050055,23447982002.19483,240.24696898765103,274082820081.9731,177373937377.29663,26722521046.76495,274082820081.9731,0.6471545254979767,0.0974979790370397,0.2553474954649836,54.0,0.0,0.0,1.0,0.0,0.0,0.7166562831830481,June,0,0,0,0,0,1,0,0,0,0,0,0,1
2020-06-07 00:00:00,9662.85870900224,19374357195.06036,242.02164036721496,276090840455.4818,177901732349.93213,26923196533.750423,276090840455.4818,0.6443594146638046,0.0975157179764956,0.2581248673596997,54.0,0.0,0.0,1.0,0.0,0.0,0.7166562831830481,June,0,0,0,0,0,1,0,0,0,0,0,0,1
2020-06-08 00:00:00,9738.603356828591,23856639264.76249,244.22674439497985,277865329440.39874,179167717944.46164,27129407338.340355,277865329440.39874,0.6448005525025121,0.0976350932049603,0.2575643542925275,53.0,0.0,0.0,1.0,0.0,0.0,0.7166562831830481,June,0,0,0,0,0,1,0,0,0,0,0,0,1
2020-06-09 00:00:00,9773.02951309516,21154971285.09144,246.21278326044265,276846280448.9195,179810911053.20026,27441367803.298782,276846280448.9195,0.6494972977842731,0.099121316561672,0.2513813856540549,52.0,0.0,0.0,1.0,0.0,0.0,0.7166562831830481,June,0,0,0,0,0,1,0,0,0,0,0,0,1
2020-06-10 00:00:00,9767.00531665552,22844271951.20621,243.8495266518988,278857534525.9802,179709840753.7975,27188436885.46926,278857534525.9802,0.6444503680321197,0.097499380576845,0.2580502513910352,54.0,0.0,0.0,1.0,0.0,0.0,0.7166562831830481,June,0,0,0,0,0,1,0,0,0,0,0,0,1
2020-06-11 00:00:00,9874.898681832236,24398738299.650776,247.5419715295243,282018465431.2836,181705166673.57465,27480866985.686268,282018465431.2836,0.6443023735899619,0.097443502302803,0.258254124107235,52.0,0.0,0.0,1.0,0.0,0.0,0.7166562831830481,June,0,0,0,0,0,1,0,0,0,0,0,0,1
2020-06-12 00:00:00,9325.996856202635,31225155444.61979,232.00078536182025,264702479354.4569,171615707160.27472,25655172292.438347,264702479354.4569,0.6483343396661885,0.0969207857629625,0.2547448745708489,38.0,0.0,1.0,0.0,0.0,0.0,0.7166562831830481,June,0,0,0,0,0,1,0,0,0,0,0,0,1
2020-06-13 00:00:00,9469.533297509908,23601462338.138702,237.5934108774424,269685210741.69308,174266571295.67957,26414947184.76374,269685210741.69308,0.6461851238205036,0.0979473331597119,0.2558675430197844,38.0,0.0,1.0,0.0,0.0,0.0,0.7166562831830481,June,0,0,0,0,0,1,0,0,0,0,0,0,1
2020-06-14 00:00:00,9469.473456163696,19693461096.502857,238.29362910089247,270540449224.883,174275005803.05463,26503078976.085632,270540449224.883,0.6441735655513418,0.0979634618483808,0.2578629726002774,40.0,0.0,1.0,0.0,0.0,0.0,0.7166562831830481,June,0,0,0,0,0,1,0,0,0,0,0,0,1
2020-06-15 00:00:00,9345.960907722065,18836155988.901707,232.11252047744927,266290700668.2169,172116372679.33923,25856836267.17579,266290700668.2169,0.6463476653425704,0.0971000346699749,0.2565522999874546,37.0,0.0,1.0,0.0,0.0,0.0,0.7166562831830481,June,0,0,0,0,0,1,0,0,0,0,0,0,1
2020-06-16 00:00:00,9431.719262201745,29160908896.896835,231.0170115525279,266681761038.27216,173598215783.88248,25743924409.197376,266681761038.27216,0.6509564625192683,0.0965342523199507,0.2525092851607809,39.0,0.0,1.0,0.0,0.0,0.0,0.7166562831830481,June,0,0,0,0,0,1,0,0,0,0,0,0,1
2020-06-17 00:00:00,9524.92661691022,26391020757.045525,235.28847948297147,270711637560.2985,175075304218.30185,26206196967.82947,270711637560.2985,0.646722489642897,0.0968048407671143,0.2564726695899886,38.0,0.0,1.0,0.0,0.0,0.0,0.7166562831830481,June,0,0,0,0,0,1,0,0,0,0,0,0,1
2020-06-18 00:00:00,9463.361414311788,23643218251.13749,233.8636184621818,269428299669.18228,174231189757.1904,26079437153.80169,269428299669.18228,0.6466699673758113,0.0967954635271177,0.2565345690970709,40.0,0.0,1.0,0.0,0.0,0.0,0.7166562831830481,June,0,0,0,0,0,1,0,0,0,0,0,0,1
2020-06-19 00:00:00,9399.767217129216,20601074385.50321,231.68485732135008,268384681976.56653,173034439845.62103,25847377552.22144,268384681976.56653,0.6447254685747273,0.0963072011482319,0.2589673302770408,39.0,0.0,1.0,0.0,0.0,0.0,0.7166562831830481,June,0,0,0,0,0,1,0,0,0,0,0,0,1
2020-06-20 00:00:00,9312.780104497786,23738525501.71876,228.9592128032193,266586324308.63605,171101646024.0128,25534271650.26011,266586324308.63605,0.6418245439549352,0.0957823763708832,0.2623930796741816,38.0,0.0,1.0,0.0,0.0,0.0,0.7166562831830481,June,0,0,0,0,0,1,0,0,0,0,0,0,1
2020-06-21 00:00:00,9360.247968201687,19774464252.766605,228.8691487972198,268055184765.9445,172323213442.3655,25501270877.342503,268055184765.9445,0.6428646906898351,0.0951344063708718,0.262000902939293,37.0,0.0,1.0,0.0,0.0,0.0,0.7166562831830481,June,0,0,0,0,0,1,0,0,0,0,0,0,1
2020-06-22 00:00:00,9298.360829121417,18986237382.053703,227.79190590968685,266806102820.93268,171192409474.1401,25381090910.620564,266806102820.93268,0.6416360332995686,0.0951293491500646,0.2632346175503667,38.0,0.0,1.0,0.0,0.0,0.0,0.7166562831830481,June,0,0,0,0,0,1,0,0,0,0,0,0,1
2020-06-23 00:00:00,9678.683208975835,24768621256.83892,243.36470999245492,277400516993.2079,178128652479.62244,27083046206.889904,277400516993.2079,0.6421352577507413,0.0976315635617688,0.2602331786874898,41.0,0.0,1.0,0.0,0.0,0.0,0.7166562831830481,June,0,0,0,0,0,1,0,0,0,0,0,0,1
2020-06-24 00:00:00,9624.684291831398,17756804210.055347,243.07948223903705,276883672005.52313,177187041226.59833,27097142032.576195,276883672005.52313,0.6399331529490258,0.0978647163854272,0.262202130665547,50.0,0.0,0.0,1.0,0.0,0.0,0.7166562831830481,June,0,0,0,0,0,1,0,0,0,0,0,0,1
2020-06-25 00:00:00,9288.061774486938,23183760291.75444,234.5649846444734,267455911422.27176,171028279701.5032,26239099771.42649,267455911422.27176,0.6394634494785043,0.0981062621943658,0.2624302883271298,43.0,0.0,1.0,0.0,0.0,0.0,0.7166562831830481,June,0,0,0,0,0,1,0,0,0,0,0,0,1
2020-06-26 00:00:00,9258.667161007706,23499175984.21671,232.6487034996157,268238722348.8636,170495281892.45944,25963410301.57377,268238722348.8636,0.6356102519408744,0.0967921785274778,0.2675975695316477,40.0,0.0,1.0,0.0,0.0,0.0,0.7166562831830481,June,0,0,0,0,0,1,0,0,0,0,0,0,1
2020-06-27 00:00:00,9166.486360416233,22429204010.63552,229.6365260272679,264282565079.06024,168807143703.19455,25643178437.809326,264282565079.06024,0.6387373440722275,0.0970293989319278,0.2642332569958446,43.0,0.0,1.0,0.0,0.0,0.0,0.7166562831830481,June,0,0,0,0,0,1,0,0,0,0,0,0,1
2020-06-28 00:00:00,9013.90556467614,21515626881.09779,221.0260852973422,257374463647.8932,166004979429.79742,24650756780.212147,257374463647.8932,0.6449939791109354,0.0957777878614102,0.2592282330276544,40.0,0.0,1.0,0.0,0.0,0.0,0.7166562831830481,June,0,0,0,0,0,1,0,0,0,0,0,0,1
2020-06-29 00:00:00,9139.903276297824,19665935216.70147,225.12294616525017,262295171053.72336,168334049772.4726,25059706534.523754,262295171053.72336,0.6417733467841632,0.095540098713411,0.2626865545024258,41.0,0.0,1.0,0.0,0.0,0.0,0.7166562831830481,June,0,0,0,0,0,1,0,0,0,0,0,0,1
2020-06-30 00:00:00,9185.166540651147,19754459582.74716,228.20576377381224,264611287801.5943,169175896894.16483,25465535919.172665,264611287801.5943,0.6393374156472608,0.0962375268672088,0.2644250574855303,44.0,0.0,1.0,0.0,0.0,0.0,0.7166562831830481,June,0,0,0,0,0,1,0,0,0,0,0,0,1
2020-07-01 00:00:00,9149.721996758017,19741435780.48584,225.59281496891896,263068087017.7332,168558715595.07886,25169333234.47631,263068087017.7332,0.6407417847825703,0.0956761176158158,0.2635820976016139,42.0,0.0,1.0,0.0,0.0,0.0,0.9968647625897996,July,0,0,0,0,0,0,1,0,0,0,0,0,1
2020-07-02 00:00:00,9230.672998590804,20005031554.019035,230.66194359094905,266419977131.5792,170031996602.76715,25738012877.807854,266419977131.5792,0.6382103865987194,0.0966069179755855,0.265182695425695,42.0,0.0,1.0,0.0,0.0,0.0,0.9968647625897996,July,0,0,0,0,0,0,1,0,0,0,0,0,1
2020-07-03 00:00:00,9094.318072166903,19379463385.296654,226.57442434030435,263137840170.7172,167604994105.34857,25284990219.958416,263137840170.7172,0.6369475176835482,0.0960902856219924,0.2669621966944593,41.0,0.0,1.0,0.0,0.0,0.0,0.9968647625897996,July,0,0,0,0,0,0,1,0,0,0,0,0,1
2020-07-04 00:00:00,9071.3850427828,17420495829.39433,225.1764054804081,262929032911.45853,167116284671.21997,25132071680.625286,262929032911.45853,0.6355946424809483,0.0955850002654082,0.2688203572536435,40.0,0.0,1.0,0.0,0.0,0.0,0.9968647625897996,July,0,0,0,0,0,0,1,0,0,0,0,0,1
2020-07-05 00:00:00,9132.908369533492,16643732672.69214,229.0947164621886,265813702857.8621,168258822207.29507,25572481115.80829,265813702857.8621,0.6329952910564122,0.0962045253531666,0.2708001835904212,38.0,0.0,1.0,0.0,0.0,0.0,0.9968647625897996,July,0,0,0,0,0,0,1,0,0,0,0,0,1
2020-07-06 00:00:00,9087.407312582163,17324463886.377956,227.8993750381917,264244821816.9815,167429736492.90482,25442148685.628662,264244821816.9815,0.6336159601601133,0.0962824872430239,0.2701015525968627,40.0,0.0,1.0,0.0,0.0,0.0,0.9968647625897996,July,0,0,0,0,0,0,1,0,0,0,0,0,1
2020-07-07 00:00:00,9342.376492626678,21987059041.689262,241.52685187431663,274930756424.8696,172136257752.3712,26966777214.595856,274930756424.8696,0.6261076788598983,0.0980857055255113,0.2758066156145903,43.0,0.0,1.0,0.0,0.0,0.0,0.9968647625897996,July,0,0,0,0,0,0,1,0,0,0,0,0,1
2020-07-08 00:00:00,9253.630980242331,18945747769.31741,238.96448054067795,273380492520.10403,170510411872.0138,26667827703.348965,273380492520.10403,0.623710968914414,0.0975483929285402,0.2787406381570457,44.0,0.0,1.0,0.0,0.0,0.0,0.9968647625897996,July,0,0,0,0,0,0,1,0,0,0,0,0,1
2020-07-09 00:00:00,9432.17251582794,20708592426.03485,246.85900786802029,281365113257.04767,173809293389.63837,27538955079.081337,281365113257.04767,0.6177357646711902,0.0978762248108651,0.2843880105179446,44.0,0.0,1.0,0.0,0.0,0.0,0.9968647625897996,July,0,0,0,0,0,0,1,0,0,0,0,0,1
2020-07-10 00:00:00,9235.716302064242,19480413474.236183,241.97512857897888,275465628776.99194,170198606143.6283,27017961197.637337,275465628776.99194,0.6178578681459224,0.0980810612111255,0.284061070642952,41.0,0.0,1.0,0.0,0.0,0.0,0.9968647625897996,July,0,0,0,0,0,0,1,0,0,0,0,0,1
2020-07-11 00:00:00,9282.913638839902,18224423467.7428,240.95495378293265,276905590836.86993,171104767641.88345,26917385878.316235,276905590836.86993,0.6179173454922561,0.097207809336626,0.2848748451711179,44.0,0.0,1.0,0.0,0.0,0.0,0.9968647625897996,July,0,0,0,0,0,0,1,0,0,0,0,0,1
2020-07-12 00:00:00,9234.314674712628,16167064476.282871,239.1020255467136,277055132357.82513,170191069703.26535,26712364780.153114,277055132357.82513,0.6142859302222144,0.0964153399824165,0.2892987297953691,41.0,0.0,1.0,0.0,0.0,0.0,0.9968647625897996,July,0,0,0,0,0,0,1,0,0,0,0,0,1
2020-07-13 00:00:00,9297.479635872663,17173962879.687658,241.7715226007061,278973983474.9337,171364106456.32056,26889793823.339703,278973983474.9337,0.6142655466355267,0.0963881774508044,0.2893462759136688,43.0,0.0,1.0,0.0,0.0,0.0,0.9968647625897996,July,0,0,0,0,0,0,1,0,0,0,0,0,1
2020-07-14 00:00:00,9240.76251972468,18245667827.00536,239.63878681174097,277286096208.4561,170370727819.23874,26757968884.421734,277286096208.4561,0.6144221803719963,0.0964994972712437,0.28907832235676,43.0,0.0,1.0,0.0,0.0,0.0,0.9968647625897996,July,0,0,0,0,0,0,1,0,0,0,0,0,1
2020-07-15 00:00:00,9247.060695963812,19147263017.229504,240.25147066847245,278439751262.4044,170451532161.73575,26870705032.69441,278439751262.4044,0.6121666586359665,0.0965045576677418,0.2913287836962916,44.0,0.0,1.0,0.0,0.0,0.0,0.9968647625897996,July,0,0,0,0,0,0,1,0,0,0,0,0,1
2020-07-16 00:00:00,9203.3714351797,16565948994.90621,238.66359720631723,278099134350.56433,169758848797.9732,26686755678.99533,278099134350.56433,0.6104256641949116,0.0959613043791597,0.2936130314259286,43.0,0.0,1.0,0.0,0.0,0.0,0.9968647625897996,July,0,0,0,0,0,0,1,0,0,0,0,0,1
2020-07-17 00:00:00,9136.483376363976,18760484380.276333,233.837074562722,274864351153.9515,168496782960.8989,26142878196.66504,274864351153.9515,0.6130179568703832,0.0951119273449266,0.2918701157846902,41.0,0.0,1.0,0.0,0.0,0.0,0.9968647625897996,July,0,0,0,0,0,0,1,0,0,0,0,0,1
2020-07-18 00:00:00,9156.276583115488,16500659021.756384,232.7814774382605,275759224441.6566,168760444137.05035,26015174195.367386,275759224441.6566,0.6119847648931709,0.0943401775517812,0.2936750575550478,44.0,0.0,1.0,0.0,0.0,0.0,0.9968647625897996,July,0,0,0,0,0,0,1,0,0,0,0,0,1
2020-07-19 00:00:00,9168.402736564132,15638459042.903372,235.6811447764246,277045007906.34,169031588403.36658,26352655621.66684,277045007906.34,0.6101232059034635,0.0951204853710117,0.2947563087255248,41.0,0.0,1.0,0.0,0.0,0.0,0.9968647625897996,July,0,0,0,0,0,0,1,0,0,0,0,0,1
2020-07-20 00:00:00,9202.615839500108,16085385661.984406,238.89523167867927,278706275324.7234,169692625141.8043,26715274452.48371,278706275324.7234,0.6088582861799353,0.0958545853384804,0.2952871284815843,44.0,0.0,1.0,0.0,0.0,0.0,0.9968647625897996,July,0,0,0,0,0,0,1,0,0,0,0,0,1
2020-07-21 00:00:00,9163.159654576915,17080393205.34609,236.06009844538684,275944410158.7979,168936986921.46805,26401433618.61543,275944410158.7979,0.612213839824658,0.0956766386513217,0.2921095215240202,44.0,0.0,1.0,0.0,0.0,0.0,0.9968647625897996,July,0,0,0,0,0,0,1,0,0,0,0,0,1
2020-07-22 00:00:00,9384.379751903269,20048075731.25112,245.2337350263425,283059552559.8975,173036757675.6725,27404691587.94453,283059552559.8975,0.6113086667126579,0.0968159927481885,0.2918753405391535,50.0,0.0,0.0,1.0,0.0,0.0,0.9968647625897996,July,0,0,0,0,0,0,1,0,0,0,0,0,1
2020-07-23 00:00:00,9514.304987626969,19702428931.32856,263.7624639660021,289226460582.8605,175370017196.6754,29528105819.948067,289226460582.8605,0.6063415388870814,0.1020933761054983,0.2915650850074202,55.0,0.0,0.0,0.0,1.0,0.0,0.9968647625897996,July,0,0,0,0,0,0,1,0,0,0,0,0,1
2020-07-24 00:00:00,9589.81771944117,26966148756.408127,274.7236202591814,292041697264.08984,176821599773.56787,30714049723.16856,292041697264.08984,0.6054669638961528,0.1051700836247168,0.2893629524791303,53.0,0.0,0.0,1.0,0.0,0.0,0.9968647625897996,July,0,0,0,0,0,0,1,0,0,0,0,0,1
2020-07-25 00:00:00,9535.93879573746,35810926084.94321,279.42705624758224,291362019357.193,175865705417.72916,31236557399.18939,291362019357.193,0.6035985946477395,0.1072087483059869,0.2891926570462736,55.0,0.0,0.0,0.0,1.0,0.0,0.9968647625897996,July,0,0,0,0,0,0,1,0,0,0,0,0,1
2020-07-26 00:00:00,9691.825138917147,36726067828.3661,305.0381394111965,300604981823.92914,178740874539.49573,34136825749.9608,300604981823.92914,0.5946038334261144,0.1135604125481708,0.2918357540257147,55.0,0.0,0.0,0.0,1.0,0.0,0.9968647625897996,July,0,0,0,0,0,0,1,0,0,0,0,0,1
2020-07-27 00:00:00,9925.751397476346,19713211084.56171,310.51799095173624,308828556030.7619,183064851468.0001,34754323492.16516,308828556030.7619,0.5927717754499534,0.1125359776921125,0.294692246857934,58.0,0.0,0.0,0.0,1.0,0.0,0.9968647625897996,July,0,0,0,0,0,0,1,0,0,0,0,0,1
2020-07-28 00:00:00,10962.258481207356,34694788843.590096,320.47619130968184,326639256956.20844,202191797991.40768,35873239729.40686,326639256956.20844,0.6190064227904943,0.109825255126074,0.2711683220834315,76.0,0.0,0.0,0.0,0.0,1.0,0.9968647625897996,July,0,0,0,0,0,0,1,0,0,0,0,0,1
2020-07-29 00:00:00,10904.916526918994,27637575180.45096,316.4067660520556,327549260130.5788,201144184191.06567,35422047874.02414,327549260130.5788,0.6140883484544546,0.1081426587863547,0.2777689927591906,71.0,0.0,0.0,0.0,1.0,0.0,0.9968647625897996,July,0,0,0,0,0,0,1,0,0,0,0,0,1
2020-07-30 00:00:00,11093.612240442404,23642111784.048485,317.5390729161191,331788349436.00354,204969785090.6761,35553131948.946304,331788349436.00354,0.6177727019019736,0.1071560590038256,0.2750712390942007,76.0,0.0,0.0,0.0,0.0,1.0,0.9968647625897996,July,0,0,0,0,0,0,1,0,0,0,0,0,1
2020-07-31 00:00:00,11116.307163685276,22265381996.186665,334.7419220365616,334324746213.0087,205200775318.2176,37564052087.124535,334324746213.0087,0.6137768072587656,0.112357976825297,0.2738652159159374,75.0,0.0,0.0,0.0,1.0,0.0,0.9968647625897996,July,0,0,0,0,0,0,1,0,0,0,0,0,1
2020-08-01 00:00:00,11325.5515272739,22329797905.441616,346.00350607288686,341763704358.371,208933774575.1489,38794882275.39032,341763704358.371,0.6113398582432921,0.1135137575484326,0.2751463842082753,75.0,0.0,0.0,0.0,1.0,0.0,1.2810698495523851,August,0,0,0,0,0,0,0,1,0,0,0,0,1
2020-08-02 00:00:00,11812.094307268517,26198946496.27784,387.9424211712469,361256519554.9258,217741425308.62857,43411673380.48453,361256519554.9258,0.6027335522605647,0.120168553453287,0.2770978942861483,80.0,0.0,0.0,0.0,0.0,1.0,1.2810698495523851,August,0,0,0,0,0,0,0,1,0,0,0,0,1
2020-08-03 00:00:00,11066.306240590267,27584591853.069736,370.7323024312388,340264643968.2073,204126077224.646,41469942047.79405,340264643968.2073,0.5999038714222644,0.1218755541691507,0.2782205744085848,75.0,0.0,0.0,0.0,1.0,0.0,1.2810698495523851,August,0,0,0,0,0,0,0,1,0,0,0,0,1
2020-08-04 00:00:00,11230.907762749295,20583344056.841503,386.2474477178088,348578412393.24603,207218525401.74573,43272376856.193855,348578412393.24603,0.5944674656673051,0.1241395775461174,0.2813929567865775,72.0,0.0,0.0,0.0,1.0,0.0,1.2810698495523851,August,0,0,0,0,0,0,0,1,0,0,0,0,1
2020-08-05 00:00:00,11181.917508034883,20527193170.963608,389.3830083498991,349248652558.0163,206583502227.5565,43787281284.31828,349248652558.0163,0.5915083729442288,0.1253756627652112,0.2831159642905599,75.0,0.0,0.0,0.0,1.0,0.0,1.2810698495523851,August,0,0,0,0,0,0,0,1,0,0,0,0,1
2020-08-06 00:00:00,11719.26352395155,22359870185.20913,400.18436250318,361747981944.62445,216249264843.7021,44844619093.01642,361747981944.62445,0.5977898305920751,0.1239664665216601,0.2782437028862646,79.0,0.0,0.0,0.0,0.0,1.0,1.2810698495523851,August,0,0,0,0,0,0,0,1,0,0,0,0,1
2020-08-07 00:00:00,11768.127742240007,21793317050.968628,394.5417454611831,363434599904.1442,217128467890.1089,44217734699.09528,363434599904.1442,0.5974347735393838,0.1216662769883706,0.2808989494722455,77.0,0.0,0.0,0.0,0.0,1.0,1.2810698495523851,August,0,0,0,0,0,0,0,1,0,0,0,0,1
2020-08-08 00:00:00,11571.487980683192,21624736673.079872,379.1351558498163,357044620753.3933,213579066889.2504,42541561650.30221,357044620753.3933,0.5981859254414228,0.119149146010199,0.2826649285483781,77.0,0.0,0.0,0.0,0.0,1.0,1.2810698495523851,August,0,0,0,0,0,0,0,1,0,0,0,0,1
2020-08-09 00:00:00,11739.131006414418,17286825185.217506,391.47843864211467,365911327357.5923,216526346494.0801,43821378072.89572,365911327357.5923,0.591745404706962,0.119759555926703,0.2884950393663349,79.0,0.0,0.0,0.0,0.0,1.0,1.2810698495523851,August,0,0,0,0,0,0,0,1,0,0,0,0,1
2020-08-10 00:00:00,11682.85146915494,17051550190.814676,389.6229311129114,366282807306.2878,215621627427.59085,43682388559.8162,366282807306.2878,0.5886752616463563,0.1192586375567683,0.2920661007968753,78.0,0.0,0.0,0.0,0.0,1.0,1.2810698495523851,August,0,0,0,0,0,0,0,1,0,0,0,0,1
2020-08-11 00:00:00,11862.938012702563,24145919191.344177,395.2099136571893,372044214186.1428,218920276229.41245,44298575284.6648,372044214186.1428,0.588425428704238,0.1190680397532029,0.292506531542559,84.0,0.0,0.0,0.0,0.0,1.0,1.2810698495523851,August,0,0,0,0,0,0,0,1,0,0,0,0,1
2020-08-12 00:00:00,11398.671060896631,24448699831.26472,379.1747639527544,357108147513.8246,210825577055.42203,42639702440.41078,357108147513.8246,0.5903689919235473,0.1194027712256553,0.2902282368507973,75.0,0.0,0.0,0.0,1.0,0.0,1.2810698495523851,August,0,0,0,0,0,0,0,1,0,0,0,0,1
2020-08-13 00:00:00,11579.867951602137,22803776234.97776,387.50053082397886,364956100389.49554,213770877597.9049,43436076387.69582,364956100389.49554,0.5857440863976796,0.1190172635594777,0.2952386500428426,75.0,0.0,0.0,0.0,1.0,0.0,1.2810698495523851,August,0,0,0,0,0,0,0,1,0,0,0,0,1
2020-08-14 00:00:00,11817.164038803396,24755770184.13853,427.49026536796873,375327497463.2117,217185020504.7804,47693538253.1255,375327497463.2117,0.5786547001557436,0.1270717935016212,0.2942735063426351,78.0,0.0,0.0,0.0,0.0,1.0,1.2810698495523851,August,0,0,0,0,0,0,0,1,0,0,0,0,1
2020-08-15 00:00:00,11777.391322489924,21650925951.996807,438.7625874702974,377946041321.2264,216916952670.3025,49022330904.64755,377946041321.2264,0.5739363003036166,0.129707221521027,0.2963564781753563,79.0,0.0,0.0,0.0,0.0,1.0,1.2810698495523851,August,0,0,0,0,0,0,0,1,0,0,0,0,1
2020-08-16 00:00:00,11864.905810156475,21285690552.515503,432.6546652389318,382016530527.9528,219049736823.3334,48462771178.61529,382016530527.9528,0.5734038171610093,0.1268604034271474,0.2997357794118432,82.0,0.0,0.0,0.0,0.0,1.0,1.2810698495523851,August,0,0,0,0,0,0,0,1,0,0,0,0,1
2020-08-17 00:00:00,11901.77648830246,19209711614.40851,433.4318609321125,383341082778.4741,219750735622.69547,48635333662.57019,383341082778.4741,0.5732511997668808,0.1268722186259271,0.2998765816071921,83.0,0.0,0.0,0.0,0.0,1.0,1.2810698495523851,August,0,0,0,0,0,0,0,1,0,0,0,0,1
2020-08-18 00:00:00,12272.465808160425,25481896190.555748,430.0325050897228,393050476025.4175,226536103501.8635,48259667903.08671,393050476025.4175,0.5763537187198675,0.1227823672702177,0.3008639140099148,82.0,0.0,0.0,0.0,0.0,1.0,1.2810698495523851,August,0,0,0,0,0,0,0,1,0,0,0,0,1
2020-08-19 00:00:00,11949.610970628191,24825715158.705486,422.1066528659943,383236909196.8509,220980135332.214,47400903599.29812,383236909196.8509,0.5766149606918649,0.1236856431668759,0.2996993961412592,80.0,0.0,0.0,0.0,0.0,1.0,1.2810698495523851,August,0,0,0,0,0,0,0,1,0,0,0,0,1
2020-08-20 00:00:00,11733.278970862082,23384200655.888924,406.5744691821068,374377686680.2632,216660276172.5052,45642757811.590775,374377686680.2632,0.5787211254327335,0.121916341265744,0.2993625333015224,75.0,0.0,0.0,0.0,1.0,0.0,1.2810698495523851,August,0,0,0,0,0,0,0,1,0,0,0,0,1
2020-08-21 00:00:00,11861.83657727968,20353349054.591465,416.46977582279794,381714048045.3073,219044968220.8876,46754739209.41609,381714048045.3073,0.5738457081749534,0.1224862942530911,0.3036679975719554,81.0,0.0,0.0,0.0,0.0,1.0,1.2810698495523851,August,0,0,0,0,0,0,0,1,0,0,0,0,1
2020-08-22 00:00:00,11515.124298729215,23406354443.011192,386.8238914189483,366179580071.6616,212896669545.7498,43434501400.18814,366179580071.6616,0.5813996222948471,0.118615301791782,0.2999850759133709,78.0,0.0,0.0,0.0,0.0,1.0,1.2810698495523851,August,0,0,0,0,0,0,0,1,0,0,0,0,1
2020-08-23 00:00:00,11676.385305081289,19572783953.57896,395.88501828908585,378275987891.19104,215641597239.98148,44454504740.72998,378275987891.19104,0.5700641968900484,0.1175187063512925,0.312417096758659,76.0,0.0,0.0,0.0,0.0,1.0,1.2810698495523851,August,0,0,0,0,0,0,0,1,0,0,0,0,1
2020-08-24 00:00:00,11647.928120934364,18467219109.18413,390.7891350477376,376558604943.20526,215347356765.4613,44021875258.78832,376558604943.20526,0.5718827134436119,0.1169057742431034,0.3112115123132847,78.0,0.0,0.0,0.0,0.0,1.0,1.2810698495523851,August,0,0,0,0,0,0,0,1,0,0,0,0,1
2020-08-25 00:00:00,11758.828120368864,20061559392.103256,408.2691456317229,383222431221.0188,217410678530.3584,45914782850.88361,383222431221.0188,0.5673224237883129,0.1198123572897089,0.3128652189219781,75.0,0.0,0.0,0.0,1.0,0.0,1.2810698495523851,August,0,0,0,0,0,0,0,1,0,0,0,0,1
2020-08-26 00:00:00,11350.753473213,23423332918.936924,383.6621431182992,368962870941.44055,209658632328.37,43097616381.47341,368962870941.44055,0.5682377519272005,0.1168074616058416,0.3149547864669579,76.0,0.0,0.0,0.0,0.0,1.0,1.2810698495523851,August,0,0,0,0,0,0,0,1,0,0,0,0,1
2020-08-27 00:00:00,11465.002564032086,20869928785.800804,385.7524998749212,373597175859.7302,211778947737.22385,43337732292.52325,373597175859.7302,0.566864423559609,0.1160012309857361,0.3171343454546549,75.0,0.0,0.0,0.0,1.0,0.0,1.2810698495523851,August,0,0,0,0,0,0,0,1,0,0,0,0,1
2020-08-28 00:00:00,11300.398363810944,21595917446.04397,381.8376513210842,366488479963.2529,208747591910.15524,42903096293.90094,366488479963.2529,0.5695884136142176,0.1170653339450199,0.3133462524407625,74.0,0.0,0.0,0.0,1.0,0.0,1.2810698495523851,August,0,0,0,0,0,0,0,1,0,0,0,0,1
2020-08-29 00:00:00,11519.118388160729,19271253870.82992,395.1382132386204,376435661750.3027,212799723684.94672,44402928843.0099,376435661750.3027,0.5653017110427254,0.1179562229480352,0.3167420660092392,79.0,0.0,0.0,0.0,0.0,1.0,1.2810698495523851,August,0,0,0,0,0,0,0,1,0,0,0,0,1
2020-08-30 00:00:00,11481.481823317012,18415439613.538937,399.374543834064,379040807686.5595,212114842611.5429,44884412904.61814,379040807686.5595,0.5596095151500078,0.1184157800279236,0.3219747048220686,75.0,0.0,0.0,0.0,1.0,0.0,1.2810698495523851,August,0,0,0,0,0,0,0,1,0,0,0,0,1
2020-08-31 00:00:00,11701.004008657852,19909556666.601448,428.2956791635218,389323037573.2256,216179629567.1804,48092923342.6494,389323037573.2256,0.5552705817634036,0.123529610891839,0.3211998073447573,75.0,0.0,0.0,0.0,1.0,0.0,1.2810698495523851,August,0,0,0,0,0,0,0,1,0,0,0,0,1
2020-09-01 00:00:00,11672.324104943627,21077276617.8664,435.6930232991007,390155106452.5865,215921598551.3304,49098776608.15353,390155106452.5865,0.5534250224598053,0.1258442496231181,0.3207307279170766,75.0,0.0,0.0,0.0,1.0,0.0,1.3910228912373812,September,0,0,0,0,0,0,0,0,1,0,0,0,1
2020-09-02 00:00:00,11895.225345345636,25232603061.53493,475.6846642626859,403489004875.737,221315690777.34525,54146717970.58548,403489004875.737,0.5485048863859477,0.134196266357397,0.3172988472566552,83.0,0.0,0.0,0.0,0.0,1.0,1.3910228912373812,September,0,0,0,0,0,0,0,0,1,0,0,0,1
2020-09-03 00:00:00,11418.254756916149,26038738388.79888,439.3537602153149,383800770911.91626,210746091569.71368,49401551509.00041,383800770911.91626,0.5491028354866977,0.1287166552365739,0.3221805092767283,79.0,0.0,0.0,0.0,0.0,1.0,1.3910228912373812,September,0,0,0,0,0,0,0,0,1,0,0,0,1
2020-09-04 00:00:00,10197.459822768922,49411126240.51858,383.6915311779978,339804288640.26794,188438095255.46017,43135808902.68998,339804288640.26794,0.5545489022798921,0.1269430973790783,0.3185080003410295,40.0,0.0,1.0,0.0,0.0,0.0,1.3910228912373812,September,0,0,0,0,0,0,0,0,1,0,0,0,1
2020-09-05 00:00:00,10484.470392265588,27623487077.06882,387.9040290939166,348641968853.26056,194040447575.9313,43627087090.32896,348641968853.26056,0.5565607841596395,0.1251343526822816,0.3183048631580789,41.0,0.0,1.0,0.0,0.0,0.0,1.3910228912373812,September,0,0,0,0,0,0,0,0,1,0,0,0,1
2020-09-06 00:00:00,10177.789718049991,56430042198.69171,334.4685930135432,327907689560.08527,188092098308.3525,37655618254.05087,327907689560.08527,0.5736129535745054,0.1148360329840661,0.3115510134414285,41.0,0.0,1.0,0.0,0.0,0.0,1.3910228912373812,September,0,0,0,0,0,0,0,0,1,0,0,0,1
2020-09-07 00:00:00,10260.0177277544,28801019507.333485,352.99300214607035,336920899901.3145,189621410257.03525,39710363028.2121,336920899901.3145,0.5628069090180399,0.1178625696412523,0.3193305213407078,41.0,0.0,1.0,0.0,0.0,0.0,1.3910228912373812,September,0,0,0,0,0,0,0,0,1,0,0,0,1
2020-09-08 00:00:00,10359.44521698998,26560146962.23275,351.8778602923998,337579455420.7692,191501904758.6869,39639961273.34071,337579455420.7692,0.5672795002290444,0.1174240927189489,0.3152964070520066,41.0,0.0,1.0,0.0,0.0,0.0,1.3910228912373812,September,0,0,0,0,0,0,0,0,1,0,0,0,1
2020-09-09 00:00:00,10125.014956069688,47780699209.09236,337.84505193506857,329579008275.6766,186825391248.7263,37835807856.34224,329579008275.6766,0.5668607118705087,0.1148004178248344,0.3183388703046569,38.0,0.0,1.0,0.0,0.0,0.0,1.3910228912373812,September,0,0,0,0,0,0,0,0,1,0,0,0,1
2020-09-10 00:00:00,10230.154699360752,21357083446.312523,351.2322670832359,339195553870.9134,188757938083.84296,39580368571.35996,339195553870.9134,0.5564870645553273,0.1166889368674417,0.3268239985772309,38.0,0.0,1.0,0.0,0.0,0.0,1.3910228912373812,September,0,0,0,0,0,0,0,0,1,0,0,0,1
2020-09-11 00:00:00,10342.15939120568,77545788530.61436,367.6389288100068,343483694674.4918,191180566587.0585,41300327191.46368,343483694674.4918,0.5565928442927517,0.1202395567294763,0.323167598977772,41.0,0.0,1.0,0.0,0.0,0.0,1.3910228912373812,September,0,0,0,0,0,0,0,0,1,0,0,0,1
2020-09-12 00:00:00,10378.223044584596,20796810115.947914,373.9149059897517,345340331344.766,192111562749.9339,42135842526.32081,345340331344.766,0.556296341066928,0.122012515486513,0.3216911434465589,41.0,0.0,1.0,0.0,0.0,0.0,1.3910228912373812,September,0,0,0,0,0,0,0,0,1,0,0,0,1
2020-09-13 00:00:00,10439.38467226404,19955498078.251053,387.7235162900226,350785689218.1606,192997988416.4807,43393172173.54062,350785689218.1606,0.5501877480995282,0.1237028006195359,0.3261094512809358,38.0,0.0,1.0,0.0,0.0,0.0,1.3910228912373812,September,0,0,0,0,0,0,0,0,1,0,0,0,1
2020-09-14 00:00:00,10328.866065987391,21057424433.480133,365.695506306262,343794530959.50684,190922719938.2308,41170490544.06533,343794530959.50684,0.5553396076586171,0.1197531863847901,0.3249072059565927,39.0,0.0,1.0,0.0,0.0,0.0,1.3910228912373812,September,0,0,0,0,0,0,0,0,1,0,0,0,1
2020-09-15 00:00:00,10661.096235144483,23526143436.490395,376.394561113407,353123186373.8738,197010021430.2403,42353184458.585205,353123186373.8738,0.5579073508406026,0.1199388374734,0.3221538116859973,47.0,0.0,0.0,1.0,0.0,0.0,1.3910228912373812,September,0,0,0,0,0,0,0,0,1,0,0,0,1
2020-09-16 00:00:00,10787.58020807624,23802088944.396893,364.6900450860686,346375148088.19684,199044338127.62628,41019180031.929504,346375148088.19684,0.5746495937316611,0.1184241428934297,0.3069262633749091,43.0,0.0,1.0,0.0,0.0,0.0,1.3910228912373812,September,0,0,0,0,0,0,0,0,1,0,0,0,1
2020-09-17 00:00:00,10952.2499691071,24459086808.776905,365.13055081164816,353518180144.8017,202524001250.4926,41136175614.140686,353518180144.8017,0.5728814319182635,0.1163622634549975,0.310756304626739,48.0,0.0,0.0,1.0,0.0,0.0,1.3910228912373812,September,0,0,0,0,0,0,0,0,1,0,0,0,1
2020-09-18 00:00:00,10937.996396960929,23547167125.34241,388.7974562319938,357474873776.2642,202358479464.18542,43828530075.491394,357474873776.2642,0.5660774905003175,0.1226059040527774,0.311316605446905,49.0,0.0,0.0,1.0,0.0,0.0,1.3910228912373812,September,0,0,0,0,0,0,0,0,1,0,0,0,1
2020-09-19 00:00:00,10927.150310293277,20681771888.39928,383.17286599152135,356204090590.80664,202091264904.96927,43009572687.415535,356204090590.80664,0.5673468391948475,0.1207441852115708,0.3119089755935816,48.0,0.0,0.0,1.0,0.0,0.0,1.3910228912373812,September,0,0,0,0,0,0,0,0,1,0,0,0,1
2020-09-20 00:00:00,11083.99836119821,18334274060.30012,385.4721234936851,360205018534.12885,204994315602.9869,43455110863.06883,360205018534.12885,0.5691045517278489,0.1206399373332205,0.3102555109389306,52.0,0.0,0.0,1.0,0.0,0.0,1.3910228912373812,September,0,0,0,0,0,0,0,0,1,0,0,0,1
2020-09-21 00:00:00,10923.32666818137,20161733906.963223,370.9678951624775,354054801795.5625,202032519471.2685,41929980576.65271,354054801795.5625,0.570624994906652,0.1184279393020739,0.310947065791274,48.0,0.0,0.0,1.0,0.0,0.0,1.3910228912373812,September,0,0,0,0,0,0,0,0,1,0,0,0,1
2020-09-22 00:00:00,10439.522488792423,23757059692.35704,341.2771308718308,333791869675.7736,193677795064.08533,38695806846.97656,333791869675.7736,0.5802352084016094,0.1159279490077558,0.3038368425906348,39.0,0.0,1.0,0.0,0.0,0.0,1.3910228912373812,September,0,0,0,0,0,0,0,0,1,0,0,0,1
2020-09-23 00:00:00,10527.58784673943,19866578108.97796,343.9175471009491,337505151291.74274,194731087415.28983,38679912764.2938,337505151291.74274,0.5769721933724276,0.1146053996990952,0.3084224069284771,43.0,0.0,1.0,0.0,0.0,0.0,1.3910228912373812,September,0,0,0,0,0,0,0,0,1,0,0,0,1
2020-09-24 00:00:00,10223.784106392732,19981974722.35128,321.0774351739628,325130057082.85297,189120580778.4633,36239170986.342445,325130057082.85297,0.581676706470327,0.111460537704478,0.3068627558251949,39.0,0.0,1.0,0.0,0.0,0.0,1.3910228912373812,September,0,0,0,0,0,0,0,0,1,0,0,0,1
2020-09-25 00:00:00,10726.530083321984,21348447554.09249,348.8210199785493,343611287022.91034,198514026300.1792,39314719146.84341,343611287022.91034,0.5777284792363157,0.1144162623046259,0.3078552584590585,46.0,0.0,1.0,0.0,0.0,0.0,1.3910228912373812,September,0,0,0,0,0,0,0,0,1,0,0,0,1
2020-09-26 00:00:00,10681.9938481137,19119761059.475536,351.3315670221176,345454138559.49194,197616950282.06653,39598389061.56603,345454138559.49194,0.5720497403971155,0.1146270507184751,0.3133232088844093,45.0,0.0,1.0,0.0,0.0,0.0,1.3910228912373812,September,0,0,0,0,0,0,0,0,1,0,0,0,1
2020-09-27 00:00:00,10743.19287975935,16886146730.050009,354.2615819143104,347843559729.56433,198687083452.04324,39946698187.61045,347843559729.56433,0.5711966713039482,0.1148409883416198,0.3139623403544319,47.0,0.0,0.0,1.0,0.0,0.0,1.3910228912373812,September,0,0,0,0,0,0,0,0,1,0,0,0,1
2020-09-28 00:00:00,10765.300521660893,17639951627.948776,357.0664364067552,352531918719.79333,199236216251.43555,40273903426.08249,352531918719.79333,0.5651579493140778,0.1142418637504816,0.3206001869354405,43.0,0.0,1.0,0.0,0.0,0.0,1.3910228912373812,September,0,0,0,0,0,0,0,0,1,0,0,0,1
2020-09-29 00:00:00,10672.02854425897,19869963340.485493,354.4295835375506,346605618508.0148,197720212770.89465,39794887269.46124,346605618508.0148,0.5704472236254954,0.1148131626970179,0.3147396136774866,45.0,0.0,1.0,0.0,0.0,0.0,1.3910228912373812,September,0,0,0,0,0,0,0,0,1,0,0,0,1
2020-09-30 00:00:00,10837.516586513004,18308943800.63904,359.4260895383702,351784520841.98016,200532996047.58585,40574256067.82458,351784520841.98016,0.5700449683448814,0.1153383780807408,0.3146166535743777,49.0,0.0,0.0,1.0,0.0,0.0,1.3910228912373812,September,0,0,0,0,0,0,0,0,1,0,0,0,1
2020-10-01 00:00:00,10770.881347466417,18558607662.6852,359.59898475085777,350327310865.8174,199310441688.8357,40586538615.954575,350327310865.8174,0.5689263597412642,0.1158531960173098,0.315220444241426,45.0,0.0,1.0,0.0,0.0,0.0,1.2303863428671624,October,0,0,0,0,0,0,0,0,0,1,0,0,1
2020-10-02 00:00:00,10627.97606396318,20889752499.95891,353.1978481381707,344384694899.2548,196617081790.5188,39782583382.89109,344384694899.2548,0.5709228217822994,0.1155178611945253,0.3135593170231752,41.0,0.0,1.0,0.0,0.0,0.0,1.2303863428671624,October,0,0,0,0,0,0,0,0,0,1,0,0,1
2020-10-03 00:00:00,10572.674843011133,21258724984.47584,345.9125682279143,340673194221.4003,195660035179.73257,39005631807.605095,340673194221.4003,0.5743335210946329,0.1144957468601292,0.3111707320452379,40.0,0.0,1.0,0.0,0.0,0.0,1.2303863428671624,October,0,0,0,0,0,0,0,0,0,1,0,0,1
2020-10-04 00:00:00,10546.65625537982,16039831144.937496,345.99246319342933,341363825241.3037,195188285650.34625,39098719406.98244,341363825241.3037,0.5717896016438511,0.1145367977387301,0.3136736006174188,42.0,0.0,1.0,0.0,0.0,0.0,1.2303863428671624,October,0,0,0,0,0,0,0,0,0,1,0,0,1
2020-10-05 00:00:00,10670.700811335208,16029160487.55924,352.4588065039611,346959253454.7213,197494664453.7935,39758373727.61445,346959253454.7213,0.5692157291881158,0.1145909017607538,0.3161933690511304,42.0,0.0,1.0,0.0,0.0,0.0,1.2303863428671624,October,0,0,0,0,0,0,0,0,0,1,0,0,1
2020-10-06 00:00:00,10784.94940309411,17853484006.269306,353.6044273109067,348364728487.61725,199530129891.0881,39890007481.293,348364728487.61725,0.572762147182132,0.1145064474651913,0.3127314053526766,47.0,0.0,0.0,1.0,0.0,0.0,1.2303863428671624,October,0,0,0,0,0,0,0,0,0,1,0,0,1
2020-10-07 00:00:00,10605.95779130622,19419734685.095844,340.6160218128092,339548275730.4296,196314284797.01337,38419834420.75508,339548275730.4296,0.5781631032427006,0.1131498439746368,0.3086870527826625,43.0,0.0,1.0,0.0,0.0,0.0,1.2303863428671624,October,0,0,0,0,0,0,0,0,0,1,0,0,1
2020-10-08 00:00:00,10668.011010796896,17222472599.6063,341.4437964782809,341811410597.9469,197575523784.584,38556379197.91778,341811410597.9469,0.5780249507731641,0.1128001523719447,0.3091748968548912,46.0,0.0,1.0,0.0,0.0,0.0,1.2303863428671624,October,0,0,0,0,0,0,0,0,0,1,0,0,1
2020-10-09 00:00:00,10888.666546835811,19767968267.462948,350.0556765681245,349366880798.69727,201518932273.67853,39539898845.29083,349366880798.69727,0.5768117796769417,0.1131758647382304,0.3100123555848278,48.0,0.0,0.0,1.0,0.0,0.0,1.2303863428671624,October,0,0,0,0,0,0,0,0,0,1,0,0,1
2020-10-10 00:00:00,11063.2523862591,19254933802.105747,365.3394448193936,356779146784.7058,204809205392.1796,41261693685.49925,356779146784.7058,0.5740503816938867,0.1156505195366649,0.3102990987694484,53.0,0.0,0.0,1.0,0.0,0.0,1.2303863428671624,October,0,0,0,0,0,0,0,0,0,1,0,0,1
2020-10-11 00:00:00,11286.541942043945,19496631246.27072,370.4718109734285,362507996535.5551,209268690952.5854,41919449520.12781,362507996535.5551,0.5772802060990125,0.1156373098545325,0.3070824840464549,55.0,0.0,0.0,0.0,1.0,0.0,1.2303863428671624,October,0,0,0,0,0,0,0,0,0,1,0,0,1
2020-10-12 00:00:00,11377.814876756858,16270141989.732689,374.4970150925736,365717121457.0632,210799352797.1382,42273071872.95007,365717121457.0632,0.5764000109081221,0.1155895346231776,0.3080104544687002,52.0,0.0,0.0,1.0,0.0,0.0,1.2303863428671624,October,0,0,0,0,0,0,0,0,0,1,0,0,1
2020-10-13 00:00:00,11543.183760771468,20957733313.86495,387.25555835657167,371647842610.4844,213726225963.2052,43787622889.79302,371647842610.4844,0.5750772679372359,0.1178201993107917,0.3071025327519723,56.0,0.0,0.0,0.0,1.0,0.0,1.2303863428671624,October,0,0,0,0,0,0,0,0,0,1,0,0,1
2020-10-14 00:00:00,11426.105544220429,19556025069.397404,381.16877389892255,368415389534.0048,211576163357.66504,43068111158.10915,368415389534.0048,0.5742869852024368,0.1169009557732765,0.3088120590242866,53.0,0.0,0.0,1.0,0.0,0.0,1.2303863428671624,October,0,0,0,0,0,0,0,0,0,1,0,0,1
2020-10-15 00:00:00,11435.57243757972,20441486195.023685,379.2102537609277,367309660330.0558,211756280001.1405,42827891085.95138,367309660330.0558,0.5765061550814137,0.1165988693231407,0.3068949755954456,56.0,0.0,0.0,0.0,1.0,0.0,1.2303863428671624,October,0,0,0,0,0,0,0,0,0,1,0,0,1
2020-10-16 00:00:00,11495.584995733889,20511481706.663586,377.15868107868175,368148720145.0765,212878404236.874,42625398559.3636,368148720145.0765,0.5782402398492243,0.115783095871055,0.3059766642797206,52.0,0.0,0.0,1.0,0.0,0.0,1.2303863428671624,October,0,0,0,0,0,0,0,0,0,1,0,0,1
2020-10-17 00:00:00,11319.097785677624,20436703034.239178,365.9906423831468,360092286458.2571,209993205751.0232,41424753265.12099,360092286458.2571,0.5831649653383125,0.1150392686068355,0.301795766054852,56.0,0.0,0.0,0.0,1.0,0.0,1.2303863428671624,October,0,0,0,0,0,0,0,0,0,1,0,0,1
2020-10-18 00:00:00,11365.814131026178,15650920221.099894,368.6504703636898,361390042050.30206,210421523306.6905,41654901940.043465,361390042050.30206,0.5822560082532707,0.1152630042148352,0.302480987531894,55.0,0.0,0.0,0.0,1.0,0.0,1.2303863428671624,October,0,0,0,0,0,0,0,0,0,1,0,0,1
2020-10-19 00:00:00,11495.899975689872,15569792414.423223,378.0493653237596,366125936882.1013,212752326976.49207,42730815492.78595,366125936882.1013,0.5810905635046606,0.1167107030348029,0.3021987334605364,55.0,0.0,0.0,0.0,1.0,0.0,1.2303863428671624,October,0,0,0,0,0,0,0,0,0,1,0,0,1
2020-10-20 00:00:00,11752.146863919786,18121468516.27194,379.6394773321801,369352262537.3274,217391050812.65872,42919073937.74135,369352262537.3274,0.5885737624003016,0.1162009233215509,0.2952253142781474,56.0,0.0,0.0,0.0,1.0,0.0,1.2303863428671624,October,0,0,0,0,0,0,0,0,0,1,0,0,1
2020-10-21 00:00:00,11908.708923246451,21431994055.82887,368.2270142350454,369212454867.8768,220404884318.9781,41623179886.79757,369212454867.8768,0.5969595050574615,0.1127350373423683,0.2903054576001701,61.0,0.0,0.0,0.0,1.0,0.0,1.2303863428671624,October,0,0,0,0,0,0,0,0,0,1,0,0,1
2020-10-22 00:00:00,12806.435726727444,29314287990.069,391.16674217757225,391801506181.7642,236717318526.1569,44137912522.42472,391801506181.7642,0.6041766424867677,0.1126537591765874,0.2831695983366448,73.0,0.0,0.0,0.0,1.0,0.0,1.2303863428671624,October,0,0,0,0,0,0,0,0,0,1,0,0,1
2020-10-23 00:00:00,12951.044060038126,25070864646.764915,413.2018903361906,400162608814.1501,240257678153.83536,46776265907.29224,400162608814.1501,0.6004001195059673,0.1168931451289513,0.2827067353650814,74.0,0.0,0.0,0.0,1.0,0.0,1.2303863428671624,October,0,0,0,0,0,0,0,0,0,1,0,0,1
2020-10-24 00:00:00,12928.072296348406,21379873277.585674,408.8894886437192,399009171372.7428,239590543523.72256,46233128841.054825,399009171372.7428,0.600463750493354,0.1158698399888787,0.2836664095177672,73.0,0.0,0.0,0.0,1.0,0.0,1.2303863428671624,October,0,0,0,0,0,0,0,0,0,1,0,0,1
2020-10-25 00:00:00,13106.04601925958,19302801174.758503,411.9592177530503,404362028633.9376,242785151288.0792,46625376044.79527,404362028633.9376,0.6004153063240977,0.115306019712856,0.2842786739630463,76.0,0.0,0.0,0.0,0.0,1.0,1.2303863428671624,October,0,0,0,0,0,0,0,0,0,1,0,0,1
2020-10-26 00:00:00,13021.410842124118,18998745579.318,406.157094148215,401309162736.4485,241326618198.73065,45985592948.88831,401309162736.4485,0.6013483882430487,0.1145889434353344,0.2840626683216168,75.0,0.0,0.0,0.0,1.0,0.0,1.2303863428671624,October,0,0,0,0,0,0,0,0,0,1,0,0,1
2020-10-27 00:00:00,13060.79221208406,21507619985.694366,393.38290839224464,399030735371.57153,242141178089.608,44537523611.830605,399030735371.57153,0.6068233763099218,0.1116142684356329,0.2815623552544453,61.0,0.0,0.0,0.0,1.0,0.0,1.2303863428671624,October,0,0,0,0,0,0,0,0,0,1,0,0,1
2020-10-28 00:00:00,13655.18541588308,23918511528.069115,403.529837833562,412286503522.72125,253004886697.3608,45687568527.06391,412286503522.72125,0.6136627916160191,0.110815096144776,0.2755221122392048,70.0,0.0,0.0,0.0,1.0,0.0,1.2303863428671624,October,0,0,0,0,0,0,0,0,0,1,0,0,1
2020-10-29 00:00:00,13282.999348292438,26825856788.112816,388.8773398820777,400501298801.2688,245661872194.4421,43943405500.51123,400501298801.2688,0.6133859563744911,0.1097210062290365,0.2768930373964723,67.0,0.0,0.0,0.0,1.0,0.0,1.2303863428671624,October,0,0,0,0,0,0,0,0,0,1,0,0,1
2020-10-30 00:00:00,13441.878496031612,22860841953.831577,386.4460129872924,401871415538.1279,249545455596.3296,43798925859.1192,401871415538.1279,0.6209584607110573,0.1089874128033466,0.270054126485596,74.0,0.0,0.0,0.0,1.0,0.0,1.2303863428671624,October,0,0,0,0,0,0,0,0,0,1,0,0,1
2020-10-31 00:00:00,13537.174271524887,23482756915.113663,382.9007710380906,401395407709.19855,250845436637.92023,43341298725.501526,401395407709.19855,0.6249334990390617,0.1079765684736016,0.2670899324873366,73.0,0.0,0.0,0.0,1.0,0.0,1.2303863428671624,October,0,0,0,0,0,0,0,0,0,1,0,0,1
2020-11-01 00:00:00,13778.637638352931,22691200479.405403,385.8445887975079,407131921456.3751,255329261020.6163,43692767478.3082,407131921456.3751,0.6271413455060543,0.1073184517735977,0.2655402027203479,72.0,0.0,0.0,0.0,1.0,0.0,1.1757452138405844,November,0,0,0,0,0,0,0,0,0,0,1,0,1
2020-11-02 00:00:00,13720.361465146289,19771957707.937115,394.9363420491719,407964200461.771,254260250527.50497,44687833549.98935,407964200461.771,0.6232415742354601,0.1095386151515441,0.2672198106129957,71.0,0.0,0.0,0.0,1.0,0.0,1.1757452138405844,November,0,0,0,0,0,0,0,0,0,0,1,0,1
2020-11-03 00:00:00,13558.361795524168,22630851230.49477,383.8498034220404,400751103287.1445,251266177558.48047,43437224863.28803,400751103287.1445,0.6269881118167361,0.108389532822233,0.2646223553610309,71.0,0.0,0.0,0.0,1.0,0.0,1.1757452138405844,November,0,0,0,0,0,0,0,0,0,0,1,0,1
2020-11-04 00:00:00,13989.976358180447,22602862338.46403,387.616373722075,408787160118.313,259277183164.55063,43903834507.36285,408787160118.313,0.6342596061224366,0.107400228751451,0.2583401651261124,74.0,0.0,0.0,0.0,1.0,0.0,1.1757452138405844,November,0,0,0,0,0,0,0,0,0,0,1,0,1
2020-11-05 00:00:00,14101.716050813722,25857225138.46526,401.7330968324722,412006741011.2157,261103557610.74823,45360338717.11154,412006741011.2157,0.6337361300689021,0.1100961081505138,0.2561677617805841,72.0,0.0,0.0,0.0,1.0,0.0,1.1757452138405844,November,0,0,0,0,0,0,0,0,0,0,1,0,1
2020-11-06 00:00:00,15553.331701081444,36313255719.023285,415.9277704309719,444975189442.8134,288118007577.42645,47077208350.069885,444975189442.8134,0.6474922971282971,0.1057973780718398,0.246710324799863,90.0,0.0,0.0,0.0,0.0,1.0,1.1757452138405844,November,0,0,0,0,0,0,0,0,0,0,1,0,1
2020-11-07 00:00:00,15548.312145063144,34523587704.57108,454.6515430984697,454340995891.5895,288563189165.38806,51546745852.67799,454340995891.5895,0.6351247009949379,0.1134538734536242,0.2514214255514378,88.0,0.0,0.0,0.0,0.0,1.0,1.1757452138405844,November,0,0,0,0,0,0,0,0,0,0,1,0,1
2020-11-08 00:00:00,14818.45891122149,30369855794.73288,435.4183540833094,434853083835.1736,274687727889.983,49463138492.48698,434853083835.1736,0.6316793834537929,0.1137467809961201,0.2545738355500869,82.0,0.0,0.0,0.0,0.0,1.0,1.1757452138405844,November,0,0,0,0,0,0,0,0,0,0,1,0,1
2020-11-09 00:00:00,15496.316149147417,24082570971.89149,455.3583669721691,453519851705.9638,287116472704.3936,51682115129.3641,453519851705.9638,0.6330846855421522,0.1139577792128751,0.2529575352449726,90.0,0.0,0.0,0.0,0.0,1.0,1.1757452138405844,November,0,0,0,0,0,0,0,0,0,0,1,0,1
2020-11-10 00:00:00,15335.342198178862,29501754042.78257,445.0512933420698,448212460208.8985,284292217075.7686,50377035452.20988,448212460208.8985,0.6342800397455896,0.1123954372636821,0.2533245229907283,90.0,0.0,0.0,0.0,0.0,1.0,1.1757452138405844,November,0,0,0,0,0,0,0,0,0,0,1,0,1
2020-11-11 00:00:00,15278.70965979927,21918753732.66584,449.8161845012962,449539088083.196,283242342238.5137,51000796202.07293,449539088083.196,0.6300727784234286,0.1134513050234115,0.2564759165531599,86.0,0.0,0.0,0.0,0.0,1.0,1.1757452138405844,November,0,0,0,0,0,0,0,0,0,0,1,0,1
2020-11-12 00:00:00,15686.905986213233,23990613793.268227,463.1808717203231,458369361081.3454,291215273242.1888,52569790942.69943,458369361081.3454,0.635328837327126,0.1146887104728844,0.2499824521999896,87.0,0.0,0.0,0.0,0.0,1.0,1.1757452138405844,November,0,0,0,0,0,0,0,0,0,0,1,0,1
2020-11-13 00:00:00,16265.149252483356,28001128791.21136,462.2056195794902,469084927204.8241,301529322417.4614,52548309254.49251,469084927204.8241,0.6428032642494177,0.1120230180228056,0.2451737177277766,89.0,0.0,0.0,0.0,0.0,1.0,1.1757452138405844,November,0,0,0,0,0,0,0,0,0,0,1,0,1
2020-11-14 00:00:00,16326.81487507908,24826304419.55837,475.9690936576015,474256191949.34015,302672502422.09,53963588841.12772,474256191949.34015,0.6382046403611772,0.1137857338653199,0.2480096257735028,90.0,0.0,0.0,0.0,0.0,1.0,1.1757452138405844,November,0,0,0,0,0,0,0,0,0,0,1,0,1
2020-11-15 00:00:00,16095.561510630652,22096608221.167004,462.7183970607933,468566625725.27466,298290647831.24426,52476765553.11609,468566625725.27466,0.6366024199216763,0.1119942451554023,0.2514033349229213,86.0,0.0,0.0,0.0,0.0,1.0,1.1757452138405844,November,0,0,0,0,0,0,0,0,0,0,1,0,1
2020-11-16 00:00:00,15984.673784156614,19184714602.510406,449.2068016397434,463431154577.399,296277008765.18964,50978678612.60896,463431154577.399,0.6393118068105789,0.110002700744399,0.2506854924450221,90.0,0.0,0.0,0.0,0.0,1.0,1.1757452138405844,November,0,0,0,0,0,0,0,0,0,0,1,0,1
2020-11-17 00:00:00,16714.40386322188,24606359052.384533,461.3711967052673,482082936266.7246,309857769717.0289,52356872782.26836,482082936266.7246,0.6427478477387804,0.1086055299690188,0.2486466222922008,86.0,0.0,0.0,0.0,0.0,1.0,1.1757452138405844,November,0,0,0,0,0,0,0,0,0,0,1,0,1
2020-11-18 00:00:00,17651.82042768171,31572384445.72333,482.1983847235396,506428771336.55066,327448838765.29767,54716609289.54231,506428771336.55066,0.6465841936687466,0.1080440377530999,0.2453717685781534,91.0,0.0,0.0,0.0,0.0,1.0,1.1757452138405844,November,0,0,0,0,0,0,0,0,0,0,1,0,1
2020-11-19 00:00:00,17829.934958345126,40089857655.31074,479.4376613624741,507287374903.5624,330792375072.03064,54435713128.05311,507287374903.5624,0.6520808351181927,0.1073074470627257,0.2406117178190815,94.0,0.0,0.0,0.0,0.0,1.0,1.1757452138405844,November,0,0,0,0,0,0,0,0,0,0,1,0,1
2020-11-20 00:00:00,17819.75743096837,30586797551.711708,471.3179583944116,507189839427.29663,330526082018.5286,53447508889.231575,507189839427.29663,0.651681197698575,0.1053796916546729,0.242939110646752,86.0,0.0,0.0,0.0,0.0,1.0,1.1757452138405844,November,0,0,0,0,0,0,0,0,0,0,1,0,1
2020-11-21 00:00:00,18628.8134890362,28731271104.013725,508.79221458524455,531833708527.6697,345552251091.15924,57875755337.83428,531833708527.6697,0.6497374001504856,0.1088230294729864,0.2414395703765279,91.0,0.0,0.0,0.0,0.0,1.0,1.1757452138405844,November,0,0,0,0,0,0,0,0,0,0,1,0,1
2020-11-22 00:00:00,18689.52865582585,31201880851.778336,548.842116249849,549456274759.1266,346623937352.1668,62062910159.27977,549456274759.1266,0.6308489924955749,0.1129533195093408,0.2561976879950843,94.0,0.0,0.0,0.0,0.0,1.0,1.1757452138405844,November,0,0,0,0,0,0,0,0,0,0,1,0,1
2020-11-23 00:00:00,18390.61184379203,33010231293.95878,560.5088874583059,544457637417.7211,342078349285.0962,64219272617.02369,544457637417.7211,0.6282919473910242,0.1179509078458442,0.2537571447631315,90.0,0.0,0.0,0.0,0.0,1.0,1.1757452138405844,November,0,0,0,0,0,0,0,0,0,0,1,0,1
2020-11-24 00:00:00,18360.693300385865,33389683851.4282,608.2733109189421,561973498524.7681,340635146714.39825,68705033455.82259,561973498524.7681,0.6061409436718933,0.1222567143044638,0.2716023420236428,88.0,0.0,0.0,0.0,0.0,1.0,1.1757452138405844,November,0,0,0,0,0,0,0,0,0,0,1,0,1
2020-11-25 00:00:00,19091.524181728702,49429532567.3455,602.6662623938871,585154357151.9281,354209935573.8031,68461935305.63655,585154357151.9281,0.6053273486637251,0.1169980783170708,0.277674573019204,94.0,0.0,0.0,0.0,0.0,1.0,1.1757452138405844,November,0,0,0,0,0,0,0,0,0,0,1,0,1
2020-11-26 00:00:00,18753.288921684914,32146102840.277466,568.2751530404493,566683220024.0929,348158099247.1633,64369854808.74336,566683220024.0929,0.6143786986181824,0.1135905432421426,0.2720307581396749,93.0,0.0,0.0,0.0,0.0,1.0,1.1757452138405844,November,0,0,0,0,0,0,0,0,0,0,1,0,1
2020-11-27 00:00:00,17138.029512395206,48738957776.520256,518.4670452162002,516607201793.2503,317999016791.45123,58947811751.58192,516607201793.2503,0.615552813990225,0.1141056716727174,0.2703415143370575,86.0,0.0,0.0,0.0,0.0,1.0,1.1757452138405844,November,0,0,0,0,0,0,0,0,0,0,1,0,1
2020-11-28 00:00:00,17140.27555252362,30680336583.3428,517.5530264056014,518612370919.566,318057301370.37897,58773961397.8997,518612370919.566,0.6132852187972738,0.1133292699780492,0.2733855112246769,87.0,0.0,0.0,0.0,0.0,1.0,1.1757452138405844,November,0,0,0,0,0,0,0,0,0,0,1,0,1
2020-11-29 00:00:00,17718.972832629497,24501260966.046284,537.3926120944484,538836782403.5216,328812520405.74207,61290956964.36442,538836782403.5216,0.6102265679396446,0.1137467948846616,0.2760266371756938,89.0,0.0,0.0,0.0,0.0,1.0,1.1757452138405844,November,0,0,0,0,0,0,0,0,0,0,1,0,1
2020-11-30 00:00:00,18169.95420978285,23940328528.71234,574.7511196548439,552116517235.3442,336495192223.0139,65121266717.86392,552116517235.3442,0.6094640926664762,0.1179484124908102,0.2725874948427136,88.0,0.0,0.0,0.0,0.0,1.0,1.1757452138405844,November,0,0,0,0,0,0,0,0,0,0,1,0,1
2020-12-01 00:00:00,19609.52143957559,36160827241.44173,612.2637856122055,591551237759.3912,363927715778.6875,69576210026.93625,591551237759.3912,0.6152091189211782,0.1176165403532395,0.2671743407255822,95.0,0.0,0.0,0.0,0.0,1.0,1.3204191315779434,December,0,0,0,0,0,0,0,0,0,0,0,1,1
2020-12-02 00:00:00,18857.417371118165,38614628143.57325,589.5818443540976,567888751870.0055,349587593227.14185,66950738084.67838,567888751870.0055,0.6155916842444616,0.1178941084221438,0.2665142073333945,92.0,0.0,0.0,0.0,0.0,1.0,1.3204191315779434,December,0,0,0,0,0,0,0,0,0,0,0,1,1
2020-12-03 00:00:00,19208.398191994624,28923102074.82652,598.760610095824,579919052689.3934,356517705143.29443,68153602806.21818,579919052689.3934,0.6147714986943988,0.1175226136995389,0.2677058876060622,92.0,0.0,0.0,0.0,0.0,1.0,1.3204191315779434,December,0,0,0,0,0,0,0,0,0,0,0,1,1
2020-12-04 00:00:00,19435.20484740911,24342606870.70896,616.506661565682,587471377918.3788,360661550057.2975,70109767421.9594,587471377918.3788,0.6139219094132727,0.1193415884708858,0.2667365021158414,92.0,0.0,0.0,0.0,0.0,1.0,1.3204191315779434,December,0,0,0,0,0,0,0,0,0,0,0,1,1
2020-12-05 00:00:00,18711.226549886927,26369871383.262005,571.1904316349736,560334166233.9192,347850442856.6359,64944263291.91259,560334166233.9192,0.6207910632945787,0.1159027366266306,0.2633062000787907,93.0,0.0,0.0,0.0,0.0,1.0,1.3204191315779434,December,0,0,0,0,0,0,0,0,0,0,0,1,1
2020-12-06 00:00:00,19139.111575237486,23333284386.26552,595.9194139680376,576190305884.3976,355244908734.6481,67764042948.9772,576190305884.3976,0.616540932929062,0.1176070514497216,0.2658520156212163,95.0,0.0,0.0,0.0,0.0,1.0,1.3204191315779434,December,0,0,0,0,0,0,0,0,0,0,0,1,1
2020-12-07 00:00:00,19325.55411859109,21832193872.6986,601.9689349244918,582088480060.4722,358762118305.1145,68483582708.01654,582088480060.4722,0.6163360564494307,0.1176514998216455,0.2660124437289238,94.0,0.0,0.0,0.0,0.0,1.0,1.3204191315779434,December,0,0,0,0,0,0,0,0,0,0,0,1,1
2020-12-08 00:00:00,19198.806493935343,22034483383.94943,592.3865066820175,577065671166.4567,356587934226.10187,67474119685.86511,577065671166.4567,0.6179330222595113,0.1169262409068204,0.2651407368336683,95.0,0.0,0.0,0.0,0.0,1.0,1.3204191315779434,December,0,0,0,0,0,0,0,0,0,0,0,1,1
2020-12-09 00:00:00,18336.514581297808,26799991795.55794,554.329674302381,548684260526.5303,340435142947.90857,63305670197.47529,548684260526.5303,0.620457278328376,0.1153772301336394,0.2641654915379844,86.0,0.0,0.0,0.0,0.0,1.0,1.3204191315779434,December,0,0,0,0,0,0,0,0,0,0,0,1,1
2020-12-10 00:00:00,18564.986455688137,29806757748.847992,573.8953091099941,558667324112.9379,344693077429.9694,65276424697.152855,558667324112.9379,0.6169916559506669,0.1168431047955058,0.2661652392538273,94.0,0.0,0.0,0.0,0.0,1.0,1.3204191315779434,December,0,0,0,0,0,0,0,0,0,0,0,1,1
2020-12-11 00:00:00,18262.058384653155,24092658533.60422,560.4542654076048,548313963446.0031,339714540194.3479,63759073874.73225,548313963446.0031,0.6195620809277499,0.1162820539422777,0.2641558651299723,89.0,0.0,0.0,0.0,0.0,1.0,1.3204191315779434,December,0,0,0,0,0,0,0,0,0,0,0,1,1
2020-12-12 00:00:00,18058.027339569555,26080197328.2524,545.9828352633687,539868778537.5943,335310805699.2893,62124158560.85701,539868778537.5943,0.6210968647003164,0.1150727010536523,0.2638304342460312,90.0,0.0,0.0,0.0,0.0,1.0,1.3204191315779434,December,0,0,0,0,0,0,0,0,0,0,0,1,1
2020-12-13 00:00:00,18807.09540322016,21918803313.73088,568.3587534073821,558449870337.8428,349235537025.78625,64655118180.3175,558449870337.8428,0.6253659559711436,0.1157760465432705,0.2588579974855858,91.0,0.0,0.0,0.0,0.0,1.0,1.3204191315779434,December,0,0,0,0,0,0,0,0,0,0,0,1,1
2020-12-14 00:00:00,19151.13442340493,23550581096.07456,590.3244403029342,570972220075.257,355642790361.31714,67134794851.681,570972220075.257,0.6228723182266935,0.117579791960513,0.2595478898127934,95.0,0.0,0.0,0.0,0.0,1.0,1.3204191315779434,December,0,0,0,0,0,0,0,0,0,0,0,1,1
2020-12-15 00:00:00,19259.97047153096,21638023119.81534,585.5418949360015,572678313571.5652,357681110300.36426,66629545532.42207,572678313571.5652,0.6245759649420816,0.1163472475793265,0.2590767874785919,91.0,0.0,0.0,0.0,0.0,1.0,1.3204191315779434,December,0,0,0,0,0,0,0,0,0,0,0,1,1
2020-12-16 00:00:00,19432.362456862407,24173322660.107285,589.0668316450424,575659648841.6804,360542942204.959,67041487308.61978,575659648841.6804,0.6263126882880001,0.1164602859406908,0.257227025771309,92.0,0.0,0.0,0.0,0.0,1.0,1.3204191315779434,December,0,0,0,0,0,0,0,0,0,0,0,1,1
2020-12-17 00:00:00,21317.66213678684,39062639738.04841,635.9618893796135,625640274030.5961,396179736655.63983,72301103108.2225,625640274030.5961,0.6332388644089514,0.1155633774060503,0.2511977581849983,92.0,0.0,0.0,0.0,0.0,1.0,1.3204191315779434,December,0,0,0,0,0,0,0,0,0,0,0,1,1
2020-12-18 00:00:00,22805.65580598891,60693764158.56218,644.0652701929779,656208673180.7494,423587689809.2768,72955533475.1786,656208673180.7494,0.6455076062254387,0.1111773380280869,0.2433150557464743,95.0,0.0,0.0,0.0,0.0,1.0,1.3204191315779434,December,0,0,0,0,0,0,0,0,0,0,0,1,1
2020-12-19 00:00:00,23120.57055156752,37000188847.409645,654.4204162965752,665901333163.4749,429459534590.4159,74135277407.04251,665901333163.4749,0.6449296813241041,0.1113307238098632,0.2437395948660327,93.0,0.0,0.0,0.0,0.0,1.0,1.3204191315779434,December,0,0,0,0,0,0,0,0,0,0,0,1,1
2020-12-20 00:00:00,23863.85484171969,35252972899.69343,659.3188076372094,682533837712.6481,443289431125.4617,75092677592.1047,682533837712.6481,0.6494761235736562,0.1100204465228569,0.2405034299034868,92.0,0.0,0.0,0.0,0.0,1.0,1.3204191315779434,December,0,0,0,0,0,0,0,0,0,0,0,1,1
2020-12-21 00:00:00,23518.31842054723,32907758817.840942,639.5154368778184,671196325537.055,436893169132.7113,72618785345.5407,671196325537.055,0.6509171050409625,0.1081930615270205,0.240889833432017,92.0,0.0,0.0,0.0,0.0,1.0,1.3204191315779434,December,0,0,0,0,0,0,0,0,0,0,0,1,1
2020-12-22 00:00:00,22840.99170718836,38423396405.393135,610.4270278980672,648562200828.5175,424329939581.7774,69545799024.42459,648562200828.5175,0.6542625195235083,0.1072307312013898,0.2385067492751018,88.0,0.0,0.0,0.0,0.0,1.0,1.3204191315779434,December,0,0,0,0,0,0,0,0,0,0,0,1,1
2020-12-23 00:00:00,23794.79330262859,38733771616.273865,634.9797234431858,670488985511.9089,441752551013.19135,72327947935.45154,670488985511.9089,0.658851316813086,0.1078734319255523,0.2332752512613617,93.0,0.0,0.0,0.0,0.0,1.0,1.3204191315779434,December,0,0,0,0,0,0,0,0,0,0,0,1,1
2020-12-24 00:00:00,23308.12723217715,42917744239.8244,587.9588954992439,636823782867.7388,433051601800.6929,67468061368.13851,636823782867.7388,0.6800179475876027,0.1059446320681005,0.2140374203442968,86.0,0.0,0.0,0.0,0.0,1.0,1.3204191315779434,December,0,0,0,0,0,0,0,0,0,0,0,1,1
2020-12-25 00:00:00,23760.28704854296,36826373658.97133,612.8796570505974,660048383194.3743,441614502954.1632,69867514814.01097,660048383194.3743,0.6690638356190237,0.1058521111374892,0.225084053243487,94.0,0.0,0.0,0.0,0.0,1.0,1.3204191315779434,December,0,0,0,0,0,0,0,0,0,0,0,1,1
2020-12-26 00:00:00,24671.10771441541,36622874229.82892,626.4567387784558,677823099347.018,458416319552.32434,71422858091.1277,677823099347.018,0.6763067236775208,0.1053709414151465,0.2183223349073326,93.0,0.0,0.0,0.0,0.0,1.0,1.3204191315779434,December,0,0,0,0,0,0,0,0,0,0,0,1,1
2020-12-27 00:00:00,26476.13013701949,41995154622.74047,636.7423171944997,712080236544.3104,491978602969.93176,72391403990.8806,712080236544.3104,0.6909033248240103,0.1016618637559616,0.2074348114200281,91.0,0.0,0.0,0.0,0.0,1.0,1.3204191315779434,December,0,0,0,0,0,0,0,0,0,0,0,1,1
2020-12-28 00:00:00,26423.22879190229,56654980595.93094,689.6598573269875,714542641096.7988,493427450341.2601,78833072066.0927,714542641096.7988,0.6905500413297457,0.1103266166804077,0.1991233419898465,92.0,0.0,0.0,0.0,0.0,1.0,1.3204191315779434,December,0,0,0,0,0,0,0,0,0,0,0,1,1
2020-12-29 00:00:00,27125.384120651503,42186521237.4668,732.9570292975275,740608535680.7762,503712223153.6673,83575563402.66385,740608535680.7762,0.6801328892201451,0.1128471511955235,0.2070199595843313,91.0,0.0,0.0,0.0,0.0,1.0,1.3204191315779434,December,0,0,0,0,0,0,0,0,0,0,0,1,1
2020-12-30 00:00:00,27424.538954606684,38081840205.60215,735.5908981625738,745811343590.9293,509680257177.0481,83885243123.81543,745811343590.9293,0.6833903259275217,0.1124751505118239,0.2041345235606543,91.0,0.0,0.0,0.0,0.0,1.0,1.3204191315779434,December,0,0,0,0,0,0,0,0,0,0,0,1,1
2020-12-31 00:00:00,28837.28852895899,43341140482.282166,752.8559324490188,771945793070.3025,535967306917.8413,85790178023.44371,771945793070.3025,0.6943069211972891,0.1111349770846288,0.194558101718082,95.0,0.0,0.0,0.0,0.0,1.0,1.3204191315779434,December,0,0,0,0,0,0,0,0,0,0,0,1,1
2021-01-01 00:00:00,29022.41839530417,43503516563.29488,738.6169381520413,776420293316.9976,539438036435.6701,84037694047.35515,776420293316.9976,0.6947758077408055,0.1082373744873824,0.1969868177718121,94.0,0.0,0.0,0.0,0.0,1.0,1.3553199782346148,January,1,0,0,0,0,0,0,0,0,0,0,0,0
2021-01-02 00:00:00,29352.12679194895,34089717988.090446,730.1473402196374,783414531340.4802,545593282215.2498,83294083323.20639,783414531340.4802,0.696429872549976,0.106321851320123,0.1972482761299009,94.0,0.0,0.0,0.0,0.0,1.0,1.3553199782346148,January,1,0,0,0,0,0,0,0,0,0,0,0,0
2021-01-03 00:00:00,32163.82493533521,57273436641.22308,777.6960653039432,845520743644.2034,597887713053.5825,88595346035.55156,845520743644.2034,0.7071236484118416,0.1047819899174852,0.1880943616706731,93.0,0.0,0.0,0.0,0.0,1.0,1.3553199782346148,January,1,0,0,0,0,0,0,0,0,0,0,0,0
2021-01-04 00:00:00,33008.226203489285,178894068361.35312,967.0005967288458,889041617627.8184,613616917625.6967,112525376104.65454,889041617627.8184,0.6902004422053688,0.126569301001791,0.1832302567928401,94.0,0.0,0.0,0.0,0.0,1.0,1.3553199782346148,January,1,0,0,0,0,0,0,0,0,0,0,0,0
2021-01-05 00:00:00,31515.575966658354,74657165356.22716,1025.6547675669035,864140219433.17,585726270248.7891,116693162132.74934,864140219433.17,0.6778139207928481,0.1350396145307226,0.1871464646764292,93.0,0.0,0.0,0.0,0.0,1.0,1.3553199782346148,January,1,0,0,0,0,0,0,0,0,0,0,0,0
2021-01-06 00:00:00,34082.20604904424,67420500715.520256,1103.3582516225742,934333911132.3296,633651671519.3958,125112930227.72488,934333911132.3296,0.6781854580783291,0.1339060144740964,0.1879085274475744,95.0,0.0,0.0,0.0,0.0,1.0,1.3553199782346148,January,1,0,0,0,0,0,0,0,0,0,0,0,0
2021-01-07 00:00:00,36933.520137309126,71027195897.95125,1208.5750928728885,1016900148326.4584,682743683563.0741,137306782958.13136,1016900148326.4584,0.6713969750979827,0.135024843082284,0.1935781818197333,91.0,0.0,0.0,0.0,0.0,1.0,1.3553199782346148,January,1,0,0,0,0,0,0,0,0,0,0,0,0
2021-01-08 00:00:00,39547.08408135567,78642959829.4919,1229.4713150147782,1068560382762.2574,735339707368.3339,139084939665.71393,1068560382762.2574,0.6881592460572615,0.1301610483688115,0.1816797055739269,93.0,0.0,0.0,0.0,0.0,1.0,1.3553199782346148,January,1,0,0,0,0,0,0,0,0,0,0,0,0
2021-01-09 00:00:00,40815.96185478254,82846468856.35208,1223.7296883535275,1090259115876.3164,758971014787.3597,139145700786.27826,1090259115876.3164,0.6961381966316534,0.1276262667837794,0.1762355365845671,93.0,0.0,0.0,0.0,0.0,1.0,1.3553199782346148,January,1,0,0,0,0,0,0,0,0,0,0,0,0
2021-01-10 00:00:00,40296.5290038294,55921808671.54423,1282.979575527323,1102843349250.498,749347201462.6359,147397891905.5662,1102843349250.498,0.679468395916699,0.1336526098704218,0.1868789942128791,94.0,0.0,0.0,0.0,0.0,1.0,1.3553199782346148,January,1,0,0,0,0,0,0,0,0,0,0,0,0
2021-01-11 00:00:00,38397.895985418174,73381123612.69325,1267.7310031512136,1064493725768.0538,714078952009.0243,144775179901.584,1064493725768.0538,0.6708155574085717,0.1360037888406771,0.1931806537507512,90.0,0.0,0.0,0.0,0.0,1.0,1.3553199782346148,January,1,0,0,0,0,0,0,0,0,0,0,0,0
2021-01-12 00:00:00,35669.90668663349,111691569520.1052,1092.9143378806064,971284227900.1996,663380898829.0051,124728988376.03725,971284227900.1996,0.6829935870194818,0.128416569314305,0.1885898436662131,84.0,0.0,0.0,0.0,0.0,1.0,1.3553199782346148,January,1,0,0,0,0,0,0,0,0,0,0,0,0
2021-01-13 00:00:00,33938.33587810088,68954134557.3671,1045.406815230412,935363645672.0824,629751630408.4126,119330774034.78914,935363645672.0824,0.673269303679127,0.1275768783477221,0.1991538179731509,78.0,0.0,0.0,0.0,0.0,1.0,1.3553199782346148,January,1,0,0,0,0,0,0,0,0,0,0,0,0
2021-01-14 00:00:00,37456.00772548642,65278944793.97605,1132.0155910164729,1023392396637.7502,696668634091.3435,128582223216.0304,1023392396637.7502,0.6807443912815614,0.1256431293006221,0.1936124794178165,83.0,0.0,0.0,0.0,0.0,1.0,1.3553199782346148,January,1,0,0,0,0,0,0,0,0,0,0,0,0
2021-01-15 00:00:00,39232.74997140346,57519444621.68669,1216.9147884634556,1074370018460.3508,729751433670.0881,138240285220.32953,1074370018460.3508,0.6792365955221593,0.1286710191507742,0.1920923853270664,88.0,0.0,0.0,0.0,0.0,1.0,1.3553199782346148,January,1,0,0,0,0,0,0,0,0,0,0,0,0
2021-01-16 00:00:00,36787.52121668496,63450740093.03335,1171.8600177046465,1021185658082.394,684304915288.2261,133962341262.37856,1021185658082.394,0.6701082314191815,0.1311831401098367,0.1987086284709817,84.0,0.0,0.0,0.0,0.0,1.0,1.3553199782346148,January,1,0,0,0,0,0,0,0,0,0,0,0,0
2021-01-17 00:00:00,36254.713079410845,55054325262.44017,1234.6318700828049,1027276644937.9327,674660879866.02,141369013157.282,1027276644937.9327,0.6567470244656273,0.1376153286983599,0.2056376468360128,79.0,0.0,0.0,0.0,0.0,1.0,1.3553199782346148,January,1,0,0,0,0,0,0,0,0,0,0,0,0
2021-01-18 00:00:00,35804.263885674685,50749258739.19448,1229.379698072007,1019623004027.201,672291934493.4396,142087383372.707,1019623004027.201,0.6593534392987317,0.1393528616081679,0.2012936990931003,79.0,0.0,0.0,0.0,0.0,1.0,1.3553199782346148,January,1,0,0,0,0,0,0,0,0,0,0,0,0
2021-01-19 00:00:00,36595.4647692826,46769030146.76761,1255.976691513213,1043642230082.0282,682647247200.097,143378258827.21744,1043642230082.0282,0.6541008283523007,0.1373825768011976,0.2085165948465016,80.0,0.0,0.0,0.0,0.0,1.0,1.3553199782346148,January,1,0,0,0,0,0,0,0,0,0,0,0,0
2021-01-20 00:00:00,36104.86385775514,51736994549.00597,1383.4840902277117,1045394438637.3835,671734819189.1033,157929393133.71045,1045394438637.3835,0.642565900833253,0.1510715834107201,0.2063625157560268,78.0,0.0,0.0,0.0,0.0,1.0,1.3553199782346148,January,1,0,0,0,0,0,0,0,0,0,0,0,0
2021-01-21 00:00:00,35587.489202735545,58406615612.06859,1385.8529958752583,1040358708438.5168,662434464441.264,156457140894.28006,1040358708438.5168,0.6367365977409056,0.1503876880399337,0.2128757142191606,75.0,0.0,0.0,0.0,1.0,0.0,1.3553199782346148,January,1,0,0,0,0,0,0,0,0,0,0,0,0
2021-01-22 00:00:00,30913.695736053804,69415314297.66626,1122.912432537305,901082589004.0992,575205510268.1292,130713677392.4996,901082589004.0992,0.638349378056302,0.1450629265148357,0.2165876954288622,40.0,0.0,1.0,0.0,0.0,0.0,1.3553199782346148,January,1,0,0,0,0,0,0,0,0,0,0,0,0
2021-01-23 00:00:00,32957.908782655926,69549742252.37038,1236.6834427536564,964163822865.3944,613271077002.4795,140271927461.8329,964163822865.3944,0.636065223003184,0.1454855742719731,0.2184492027248428,74.0,0.0,0.0,0.0,1.0,0.0,1.3553199782346148,January,1,0,0,0,0,0,0,0,0,0,0,0,0
2021-01-24 00:00:00,32068.08737440817,43575409684.64115,1231.176379704471,951910569784.9678,596744391345.3533,140773242456.76056,951910569784.9678,0.6268912335747623,0.1478849452092548,0.2252238212159828,70.0,0.0,0.0,0.0,1.0,0.0,1.3553199782346148,January,1,0,0,0,0,0,0,0,0,0,0,0,0
2021-01-25 00:00:00,32273.51735032927,42810544126.17814,1392.5397634449737,979348292154.8666,600595408892.1986,158167202909.14236,979348292154.8666,0.6132602810494564,0.1615025054683314,0.2252372134822121,74.0,0.0,0.0,0.0,1.0,0.0,1.3553199782346148,January,1,0,0,0,0,0,0,0,0,0,0,0,0
2021-01-26 00:00:00,32375.320062981456,50410553261.41445,1323.4295031020106,969379699887.1454,602517850752.0305,151940348541.692,969379699887.1454,0.6215498950743195,0.1567397672546483,0.2217103376710322,71.0,0.0,0.0,0.0,1.0,0.0,1.3553199782346148,January,1,0,0,0,0,0,0,0,0,0,0,0,0
2021-01-27 00:00:00,32582.10944502123,48489676580.41073,1355.233724240999,979823175100.966,606573549809.8268,155446593758.92108,979823175100.966,0.6190643018290748,0.1586475985760421,0.222288099594883,78.0,0.0,0.0,0.0,0.0,1.0,1.3553199782346148,January,1,0,0,0,0,0,0,0,0,0,0,0,0
2021-01-28 00:00:00,30445.52586511351,51514291052.43235,1253.141671558609,916040005093.6152,566661443732.4073,141774137750.6659,916040005093.6152,0.6185990137783306,0.1547685002427128,0.2266324859789565,55.0,0.0,0.0,0.0,1.0,0.0,1.3553199782346148,January,1,0,0,0,0,0,0,0,0,0,0,0,0
2021-01-29 00:00:00,33128.34752861149,51075972572.459564,1328.773619066556,992690832282.488,616625386428.2396,152877389472.9714,992690832282.488,0.621165589905204,0.1540030234000059,0.22483138669479,77.0,0.0,0.0,0.0,0.0,1.0,1.3553199782346148,January,1,0,0,0,0,0,0,0,0,0,0,0,0
2021-01-30 00:00:00,34150.81876737221,97468515525.42249,1380.2842591352105,1024395005577.8466,635688668063.594,158354114909.26474,1024395005577.8466,0.6205503390803933,0.1545830602912198,0.2248666006283869,76.0,0.0,0.0,0.0,0.0,1.0,1.3553199782346148,January,1,0,0,0,0,0,0,0,0,0,0,0,0
2021-01-31 00:00:00,34199.51981036302,52001249491.10806,1372.427228964234,1032576614992.9626,636624676861.2642,157410718624.21973,1032576614992.9626,0.6165398941032603,0.1524445899109312,0.2310155159858085,78.0,0.0,0.0,0.0,0.0,1.0,1.3553199782346148,January,1,0,0,0,0,0,0,0,0,0,0,0,0
2021-02-01 00:00:00,33064.78676701507,42488649643.23183,1317.0474362291775,1007250429915.1284,615013848827.3505,150322722005.1637,1007250429915.1284,0.610586831796311,0.1492406630373242,0.2401725051663647,77.0,0.0,0.0,0.0,0.0,1.0,1.667502410800381,February,0,1,0,0,0,0,0,0,0,0,0,0,0
2021-02-02 00:00:00,33405.99035714327,49268860242.66622,1368.6644548123777,1022658912942.6724,621908231690.1377,155894407853.50046,1022658912942.6724,0.6081286964982432,0.1524402768904821,0.2394310266112746,76.0,0.0,0.0,0.0,0.0,1.0,1.667502410800381,February,0,1,0,0,0,0,0,0,0,0,0,0,0
2021-02-03 00:00:00,35485.98593382442,50730704376.60918,1514.2251957516528,1087233665114.9822,660664104637.4851,174557101587.54166,1087233665114.9822,0.6076560410476395,0.1605515973137946,0.2317923616385659,78.0,0.0,0.0,0.0,0.0,1.0,1.667502410800381,February,0,1,0,0,0,0,0,0,0,0,0,0,0
2021-02-04 00:00:00,37494.71762460426,49762137494.206696,1661.000824367477,1155244352202.0134,695794870715.5251,189023794263.7008,1155244352202.0134,0.6022923802996909,0.1636223487294287,0.2340852709708804,80.0,0.0,0.0,0.0,0.0,1.0,1.667502410800381,February,0,1,0,0,0,0,0,0,0,0,0,0,0
2021-02-05 00:00:00,36816.50808203406,54494811707.23047,1587.8008991859367,1140373997258.8071,686453802173.3838,183982328605.4526,1140373997258.8071,0.601954976019673,0.1613350787090052,0.2367099452713217,81.0,0.0,0.0,0.0,0.0,1.0,1.667502410800381,February,0,1,0,0,0,0,0,0,0,0,0,0,0
2021-02-06 00:00:00,38007.83222908396,47446256481.71452,1724.8569083393102,1204718080993.5562,706320162928.6615,196424150368.4788,1204718080993.5562,0.586294979773313,0.1630457394700042,0.2506592807566827,84.0,0.0,0.0,0.0,0.0,1.0,1.667502410800381,February,0,1,0,0,0,0,0,0,0,0,0,0,0
2021-02-07 00:00:00,39279.41286897885,57076868562.48764,1683.941297865053,1219827909782.4055,732453192636.7231,192164042318.95844,1219827909782.4055,0.6004561682535852,0.1575337314205549,0.2420101003258598,86.0,0.0,0.0,0.0,0.0,1.0,1.667502410800381,February,0,1,0,0,0,0,0,0,0,0,0,0,0
2021-02-08 00:00:00,38833.34026455532,53802559038.8092,1608.6405479857196,1203698962160.2734,723434796637.7434,184109385158.1494,1203698962160.2734,0.6010097369689494,0.1529530147867944,0.2460372482442561,83.0,0.0,0.0,0.0,0.0,1.0,1.667502410800381,February,0,1,0,0,0,0,0,0,0,0,0,0,0
2021-02-09 00:00:00,46307.57412159395,86994225365.2278,1750.997553719215,1386485627803.0283,862413737410.9171,198719063426.16904,1386485627803.0283,0.6220141919375426,0.1433257290528511,0.2346600790096062,95.0,0.0,0.0,0.0,0.0,1.0,1.667502410800381,February,0,1,0,0,0,0,0,0,0,0,0,0,0
2021-02-10 00:00:00,46569.56483,78828431117.05534,1769.053533934599,1412281750818.361,867164581003.3563,203102939465.473,1412281750818.361,0.6140167006341822,0.1438119124231286,0.242171386942689,92.0,0.0,0.0,0.0,0.0,1.0,1.667502410800381,February,0,1,0,0,0,0,0,0,0,0,0,0,0
2021-02-11 00:00:00,44848.69344950499,70000356395.81508,1739.164209004836,1394450391059.0,839561451461.0575,199919369275.37125,1394450391059.0,0.6020733737422252,0.1433678605974248,0.2545587656603499,93.0,0.0,0.0,0.0,0.0,1.0,1.667502410800381,February,0,1,0,0,0,0,0,0,0,0,0,0,0
2021-02-12 00:00:00,47815.96175554316,66187179918.887886,1782.5088691218525,1473786296468.564,890629045243.5952,203774834938.25632,1473786296468.564,0.6043135611843385,0.1382662027910929,0.2574202360245685,92.0,0.0,0.0,0.0,0.0,1.0,1.667502410800381,February,0,1,0,0,0,0,0,0,0,0,0,0,0
2021-02-13 00:00:00,47414.1862550079,61942185128.99905,1841.1977507032907,1498012659749.4148,880620921496.0787,210344318124.7324,1498012659749.4148,0.5878594655157238,0.1404155811072507,0.2717249533770254,92.0,0.0,0.0,0.0,0.0,1.0,1.667502410800381,February,0,1,0,0,0,0,0,0,0,0,0,0,0
2021-02-14 00:00:00,46941.29208582354,55312381649.33813,1810.8425457323729,1498064253304.3955,874425017687.0778,207890872554.91016,1498064253304.3955,0.5837032795878356,0.138773001289063,0.2775237191231013,95.0,0.0,0.0,0.0,0.0,1.0,1.667502410800381,February,0,1,0,0,0,0,0,0,0,0,0,0,0
2021-02-15 00:00:00,48607.8745224845,57738376570.13191,1804.9841464366496,1517232838308.088,905515462576.995,207057026271.0305,1517232838308.088,0.5968203691048255,0.1364701719097551,0.2667094589854193,93.0,0.0,0.0,0.0,0.0,1.0,1.667502410800381,February,0,1,0,0,0,0,0,0,0,0,0,0,0
2021-02-16 00:00:00,47898.487027633135,61061855793.76279,1775.758351701864,1491766933339.7815,892345220938.2782,203972439068.6013,1491766933339.7815,0.5981800514511255,0.1367321090915629,0.2650878394573115,95.0,0.0,0.0,0.0,0.0,1.0,1.667502410800381,February,0,1,0,0,0,0,0,0,0,0,0,0,0
2021-02-17 00:00:00,49238.13690672487,64141133353.97562,1782.5753090505934,1522678743504.1082,917339726314.6964,204528599567.24704,1522678743504.1082,0.6024512591563747,0.1343215700880999,0.2632271707555254,95.0,0.0,0.0,0.0,0.0,1.0,1.667502410800381,February,0,1,0,0,0,0,0,0,0,0,0,0,0
2021-02-18 00:00:00,52143.6788446198,68478739131.4286,1845.573922156752,1602652542695.9004,971516568847.578,211713928319.0353,1602652542695.9004,0.606192885211003,0.1321022009941724,0.2617049137948246,91.0,0.0,0.0,0.0,0.0,1.0,1.667502410800381,February,0,1,0,0,0,0,0,0,0,0,0,0,0
2021-02-19 00:00:00,51733.075539032034,58486508605.55778,1938.5694368074617,1619830668449.4036,963911356673.4604,221863277318.4042,1619830668449.4036,0.5950692102873769,0.1369669568799957,0.2679638328326273,93.0,0.0,0.0,0.0,0.0,1.0,1.667502410800381,February,0,1,0,0,0,0,0,0,0,0,0,0,0
2021-02-20 00:00:00,56038.72775892988,71397235196.83829,1969.9797177628184,1750224064788.3838,1044189900351.5892,226038410300.1425,1750224064788.3838,0.5966035557155022,0.1291482701259009,0.2742481741585969,91.0,0.0,0.0,0.0,0.0,1.0,1.667502410800381,February,0,1,0,0,0,0,0,0,0,0,0,0,0
2021-02-21 00:00:00,56377.63347790987,77351787996.10461,1929.367692879665,1737838111855.8052,1050555931433.1448,221404545098.43417,1737838111855.8052,0.6045188698913246,0.1274022842449924,0.2680788458636829,91.0,0.0,0.0,0.0,0.0,1.0,1.667502410800381,February,0,1,0,0,0,0,0,0,0,0,0,0,0
2021-02-22 00:00:00,57669.3035269179,61223272210.96276,1941.4267676797988,1788938667002.154,1075380337357.9144,223004310602.4685,1788938667002.154,0.6011275608235369,0.1246573259977503,0.2742151131787127,94.0,0.0,0.0,0.0,0.0,1.0,1.667502410800381,February,0,1,0,0,0,0,0,0,0,0,0,0,0
2021-02-23 00:00:00,54410.85629451601,101532021847.06648,1788.6152102806425,1688995184291.245,1012091985973.4642,204731064486.9056,1688995184291.245,0.599227277488165,0.1212147117949404,0.2795580107168945,94.0,0.0,0.0,0.0,0.0,1.0,1.667502410800381,February,0,1,0,0,0,0,0,0,0,0,0,0,0
2021-02-24 00:00:00,48691.894831704405,116689607925.81471,1563.9246059011416,1504925292659.3586,904133801444.5278,179691686731.1511,1504925292659.3586,0.6007831789755024,0.1194023966555956,0.2798144243689019,76.0,0.0,0.0,0.0,0.0,1.0,1.667502410800381,February,0,1,0,0,0,0,0,0,0,0,0,0,0
2021-02-25 00:00:00,49849.37871358314,73140585468.96529,1628.391533792655,1554320732464.2534,929081504353.552,185843232352.3912,1554320732464.2534,0.597741177189708,0.1195655622876182,0.2826932605226737,79.0,0.0,0.0,0.0,0.0,1.0,1.667502410800381,February,0,1,0,0,0,0,0,0,0,0,0,0,0
2021-02-26 00:00:00,46992.665450048495,60355381275.54549,1468.8601037286776,1461760559282.9858,875883932252.4404,168658293547.98462,1461760559282.9858,0.5991979511898131,0.1153802464274408,0.285421802382746,55.0,0.0,0.0,0.0,1.0,0.0,1.667502410800381,February,0,1,0,0,0,0,0,0,0,0,0,0,0
2021-02-27 00:00:00,46551.48747675472,74357197463.7094,1450.988746804119,1449496524559.7612,869070614247.8623,167151176870.9801,1449496524559.7612,0.5995672287050258,0.1153167144859122,0.2851160568090619,56.0,0.0,0.0,0.0,1.0,0.0,1.667502410800381,February,0,1,0,0,0,0,0,0,0,0,0,0,0
2021-02-28 00:00:00,46653.52639939581,50989764248.82767,1480.1295768477528,1461849973986.5012,869649724200.5775,167833687528.28204,1461849973986.5012,0.5948966991660718,0.114809105253527,0.2902941955804011,55.0,0.0,0.0,0.0,1.0,0.0,1.667502410800381,February,0,1,0,0,0,0,0,0,0,0,0,0,0
2021-03-01 00:00:00,44970.163459946736,59679588927.08056,1416.661552837565,1413981836276.839,838307614585.1935,163289758568.53607,1413981836276.839,0.592870143786673,0.1154822179318052,0.2916476382815217,38.0,0.0,1.0,0.0,0.0,0.0,2.623645747764214,March,0,0,1,0,0,0,0,0,0,0,0,0,0
2021-03-02 00:00:00,49787.33995949672,63218569171.59831,1570.399689634054,1555412321624.2913,928146793676.4288,179885012253.05722,1555412321624.2913,0.5967207413576231,0.1156510140444344,0.2876282445979425,78.0,0.0,0.0,0.0,0.0,1.0,2.623645747764214,March,0,0,1,0,0,0,0,0,0,0,0,0,0
2021-03-03 00:00:00,48532.23678981703,53499537416.81648,1497.0891042633873,1520676911437.2012,905413239164.9064,172017777678.2973,1520676911437.2012,0.595401450732355,0.1131192144659592,0.2914793348016857,78.0,0.0,0.0,0.0,0.0,1.0,2.623645747764214,March,0,0,1,0,0,0,0,0,0,0,0,0,0
2021-03-04 00:00:00,50577.45746915202,59212268141.16633,1579.427168760309,1581848336867.5886,942969910364.1804,182133382817.636,1581848336867.5886,0.5961190389664476,0.1151395987672879,0.2887413622662644,84.0,0.0,0.0,0.0,0.0,1.0,2.623645747764214,March,0,0,1,0,0,0,0,0,0,0,0,0,0
2021-03-05 00:00:00,48727.45120080115,60749587836.169136,1546.4996211167372,1527647070114.1367,908517236707.5374,177647949967.0106,1527647070114.1367,0.5947167081200623,0.116288607128175,0.2889946847517626,77.0,0.0,0.0,0.0,0.0,1.0,2.623645747764214,March,0,0,1,0,0,0,0,0,0,0,0,0,0
2021-03-06 00:00:00,49091.81488232977,56568112294.26829,1539.0484290947377,1534254387685.2258,911379300053.3456,176268279969.45792,1534254387685.2258,0.5940209833314344,0.1148885617563062,0.2910904549122594,77.0,0.0,0.0,0.0,0.0,1.0,2.623645747764214,March,0,0,1,0,0,0,0,0,0,0,0,0,0
2021-03-07 00:00:00,49019.36859236582,41478786533.38212,1661.9279698998157,1555312482053.396,916504852500.393,191505024384.2956,1555312482053.396,0.5892737717184527,0.1231296132411036,0.2875966150404436,76.0,0.0,0.0,0.0,0.0,1.0,2.623645747764214,March,0,0,1,0,0,0,0,0,0,0,0,0,0
2021-03-08 00:00:00,51313.09262027362,46146324828.48082,1727.463096224567,1620628148081.0854,955040794770.14,198695961501.5439,1620628148081.0854,0.5893028551311797,0.1226042887980262,0.2880928560707939,81.0,0.0,0.0,0.0,0.0,1.0,2.623645747764214,March,0,0,1,0,0,0,0,0,0,0,0,0,0
2021-03-09 00:00:00,52328.5359126325,53568946625.62234,1837.5330305439447,1661512430631.2085,974195000547.444,211132676701.59903,1661512430631.2085,0.5863302510336004,0.1270725832736561,0.2865971656927435,81.0,0.0,0.0,0.0,0.0,1.0,2.623645747764214,March,0,0,1,0,0,0,0,0,0,0,0,0,0
2021-03-10 00:00:00,54700.27343927744,57418251743.06042,1869.3311016255,1743893050188.7595,1018978819157.4176,214412034435.93903,1743893050188.7595,0.584312678490876,0.1229502201483806,0.2927371013607434,68.0,0.0,0.0,0.0,1.0,0.0,2.623645747764214,March,0,0,1,0,0,0,0,0,0,0,0,0,0
2021-03-11 00:00:00,56020.4877195857,63560545036.79726,1802.3110916881176,1749064486119.112,1044805904677.554,207916309215.61444,1749064486119.112,0.5973512771937913,0.1188728665327524,0.2837758562734562,73.0,0.0,0.0,0.0,1.0,0.0,2.623645747764214,March,0,0,1,0,0,0,0,0,0,0,0,0,0
2021-03-12 00:00:00,57788.86810329514,64605228617.76096,1826.0574768119816,1790009892085.169,1077836070933.286,210018342198.0977,1790009892085.169,0.6021397287797795,0.1173280344017814,0.2805322368184391,70.0,0.0,0.0,0.0,1.0,0.0,2.623645747764214,March,0,0,1,0,0,0,0,0,0,0,0,0,0
2021-03-13 00:00:00,57353.86147197248,59984971691.807,1770.9361793697751,1766986936525.0366,1069776383193.8628,203771682506.1516,1766986936525.0366,0.6054240476150261,0.1153215557478256,0.2792543966371483,74.0,0.0,0.0,0.0,1.0,0.0,2.623645747764214,March,0,0,1,0,0,0,0,0,0,0,0,0,0
2021-03-14 00:00:00,61315.197932766816,67332756651.27568,1927.7207203999008,1886962909326.392,1145191373521.5942,222405459430.7676,1886962909326.392,0.606896599748431,0.1178642454133674,0.2752391548382016,78.0,0.0,0.0,0.0,0.0,1.0,2.623645747764214,March,0,0,1,0,0,0,0,0,0,0,0,0,0
2021-03-15 00:00:00,59428.96756602776,48104078384.27405,1866.0715447008808,1835415642775.0825,1111684638819.0725,215367930757.887,1835415642775.0825,0.6056854986471867,0.1173401412403015,0.2769743601125118,76.0,0.0,0.0,0.0,0.0,1.0,2.623645747764214,March,0,0,1,0,0,0,0,0,0,0,0,0,0
2021-03-16 00:00:00,55805.32924923426,70594488699.70683,1791.047851830107,1756077126160.1038,1049197142851.5632,207264868908.9888,1756077126160.1038,0.5974664365373134,0.1180272015513356,0.284506361911351,71.0,0.0,0.0,0.0,1.0,0.0,2.623645747764214,March,0,0,1,0,0,0,0,0,0,0,0,0,0
2021-03-17 00:00:00,56830.253335076224,63219904254.35453,1808.5512173614395,1782168404391.6982,1060221966894.7418,207059072434.72623,1782168404391.6982,0.5949056016715906,0.1161837859567491,0.2889106123716602,71.0,0.0,0.0,0.0,1.0,0.0,2.623645747764214,March,0,0,1,0,0,0,0,0,0,0,0,0,0
2021-03-18 00:00:00,59014.92563205099,63368268626.27834,1828.7548332342565,1848143546359.3533,1101028543248.462,210150824167.5641,1848143546359.3533,0.5957483905497336,0.1137091459056516,0.2905424635446147,72.0,0.0,0.0,0.0,1.0,0.0,2.623645747764214,March,0,0,1,0,0,0,0,0,0,0,0,0,0
2021-03-19 00:00:00,57922.40959262911,58387006275.72827,1780.1596459528505,1814931030111.6887,1081065767945.8684,205022936620.9864,1814931030111.6887,0.5956511569915363,0.1129645883063498,0.2913842547021139,71.0,0.0,0.0,0.0,1.0,0.0,2.623645747764214,March,0,0,1,0,0,0,0,0,0,0,0,0,0
2021-03-20 00:00:00,58243.27060892363,51948388930.75819,1817.1329628084293,1843998144321.815,1086741150606.8164,209188785173.5874,1843998144321.815,0.5893396118391961,0.1134430562296052,0.2972173319311986,75.0,0.0,0.0,0.0,1.0,0.0,2.623645747764214,March,0,0,1,0,0,0,0,0,0,0,0,0,0
2021-03-21 00:00:00,58376.15847137206,54549112635.67172,1817.8601431294944,1847743829295.198,1090022321077.5006,209455699202.5177,1847743829295.198,0.5899206934401063,0.1133575422532528,0.2967217643066407,73.0,0.0,0.0,0.0,1.0,0.0,2.623645747764214,March,0,0,1,0,0,0,0,0,0,0,0,0,0
2021-03-22 00:00:00,57573.539344778685,55664123837.60256,1790.3780747526928,1830739554415.424,1074356788297.177,206013222508.0891,1830739554415.424,0.5868430524189069,0.1125300548683843,0.3006268927127088,70.0,0.0,0.0,0.0,1.0,0.0,2.623645747764214,March,0,0,1,0,0,0,0,0,0,0,0,0,0
2021-03-23 00:00:00,54370.13755789519,62001716794.84347,1686.8911971580417,1743347291161.4685,1020641820438.662,195434685366.63263,1743347291161.4685,0.5854495117600353,0.1121031284801712,0.3024473597597934,66.0,0.0,0.0,0.0,1.0,0.0,2.623645747764214,March,0,0,1,0,0,0,0,0,0,0,0,0,0
2021-03-24 00:00:00,54584.86994699455,60383378707.04851,1673.8591835627929,1740847699737.4338,1017637245492.0176,192388701720.41965,1740847699737.4338,0.58456420147811,0.1105143785693814,0.3049214199525086,65.0,0.0,0.0,0.0,1.0,0.0,2.623645747764214,March,0,0,1,0,0,0,0,0,0,0,0,0,0
2021-03-25 00:00:00,52526.86659704657,73029051195.05199,1581.631055931366,1673338981648.615,982797427007.2563,183005042939.6772,1673338981648.615,0.5873271571304578,0.1093651943489514,0.3033076485205908,60.0,0.0,0.0,0.0,1.0,0.0,2.623645747764214,March,0,0,1,0,0,0,0,0,0,0,0,0,0
2021-03-26 00:00:00,51416.90830498005,63401640502.561295,1587.2979641585232,1644162500222.1946,959155260366.7408,182810172113.9428,1644162500222.1946,0.583370111066953,0.1111874112742734,0.3054424776587735,54.0,0.0,0.0,1.0,0.0,0.0,2.623645747764214,March,0,0,1,0,0,0,0,0,0,0,0,0,0
2021-03-27 00:00:00,55033.10048044704,55442557956.15464,1700.3668693581185,1766535395615.963,1027209990794.894,195511706252.9431,1766535395615.963,0.5814828241450108,0.1106752271922472,0.3078419486627419,65.0,0.0,0.0,0.0,1.0,0.0,2.623645747764214,March,0,0,1,0,0,0,0,0,0,0,0,0,0
2021-03-28 00:00:00,55832.41810961832,47285749218.66506,1713.837875683446,1789956230827.721,1042184275332.6416,197943394049.89084,1789956230827.721,0.5822400891058154,0.1105856057487823,0.3071743051454022,74.0,0.0,0.0,0.0,1.0,0.0,2.623645747764214,March,0,0,1,0,0,0,0,0,0,0,0,0,0
2021-03-29 00:00:00,55728.10132780653,49315845081.42435,1689.0367982059097,1790487917221.5745,1039333584621.1438,194647792269.71985,1790487917221.5745,0.5804750619227582,0.108712150692292,0.3108127873849498,72.0,0.0,0.0,0.0,1.0,0.0,2.623645747764214,March,0,0,1,0,0,0,0,0,0,0,0,0,0
2021-03-30 00:00:00,57634.92869447539,57387039705.47129,1817.626388088868,1858210121180.3489,1075942162536.995,209088522651.80023,1858210121180.3489,0.5790207201398454,0.112521463675478,0.3084578161846766,72.0,0.0,0.0,0.0,1.0,0.0,2.623645747764214,March,0,0,1,0,0,0,0,0,0,0,0,0,0
2021-03-31 00:00:00,58668.628336761,52387542500.62196,1840.294951985396,1895229414300.4355,1095293012032.8431,212080597430.12268,1895229414300.4355,0.5779210705407589,0.11190233532145,0.3101765941377911,76.0,0.0,0.0,0.0,0.0,1.0,2.623645747764214,March,0,0,1,0,0,0,0,0,0,0,0,0,0
2021-04-01 00:00:00,58817.3738884188,57495844477.9185,1915.832535846224,1913867932710.9456,1098127310946.8978,221210690537.73203,1913867932710.9456,0.5737738180248562,0.1155830487343986,0.3106431332407451,74.0,0.0,0.0,0.0,1.0,0.0,4.137373453318349,April,0,0,0,1,0,0,0,0,0,0,0,0,0
2021-04-02 00:00:00,58801.194843878126,54320681400.56781,1970.471199523276,1934694928438.3064,1098583823874.2308,227187483748.8278,1934694928438.3064,0.5678331026385706,0.1174280660011935,0.3147388313602359,74.0,0.0,0.0,0.0,1.0,0.0,4.137373453318349,April,0,0,0,1,0,0,0,0,0,0,0,0,0
2021-04-03 00:00:00,59060.02678333801,52224918752.08043,2134.101788297294,1977293341984.361,1103133931136.5508,246446284273.6916,1977293341984.361,0.5579009991655935,0.1246382006356044,0.3174608001988021,73.0,0.0,0.0,0.0,1.0,0.0,4.137373453318349,April,0,0,0,1,0,0,0,0,0,0,0,0,0
2021-04-04 00:00:00,57060.40665471088,52067853987.600494,2016.6672472930368,1910020570238.727,1067101827372.9528,233519912234.63,1910020570238.727,0.5586860393024874,0.1222604174390871,0.3190535432584255,74.0,0.0,0.0,0.0,1.0,0.0,4.137373453318349,April,0,0,0,1,0,0,0,0,0,0,0,0,0
2021-04-05 00:00:00,58228.8026234662,46156767978.17735,2077.755212422407,1976080674447.7173,1087344280109.6896,239721240194.1402,1976080674447.7173,0.5502529801388725,0.1213114643009898,0.3284355555601377,71.0,0.0,0.0,0.0,1.0,0.0,4.137373453318349,April,0,0,0,1,0,0,0,0,0,0,0,0,0
2021-04-06 00:00:00,58706.81559311396,54670173277.08731,2097.79638277926,2021691992108.407,1096202611389.954,242118495324.8364,2021691992108.407,0.5422203855329776,0.1197603276215843,0.338019286845438,75.0,0.0,0.0,0.0,1.0,0.0,4.137373453318349,April,0,0,0,1,0,0,0,0,0,0,0,0,0
2021-04-07 00:00:00,58062.17872433649,61497704158.13829,2115.055451746108,2027632508499.696,1084341670320.8142,244306254505.299,2027632508499.696,0.5347821490212494,0.1204884284904606,0.3447294224882899,72.0,0.0,0.0,0.0,1.0,0.0,4.137373453318349,April,0,0,0,1,0,0,0,0,0,0,0,0,0
2021-04-08 00:00:00,56134.41738866435,67617613532.43307,1989.148061904172,1935246962308.5005,1050759681844.61,229324263726.2656,1935246962308.5005,0.5429589619875641,0.1184987074996936,0.3385423305127423,73.0,0.0,0.0,0.0,1.0,0.0,4.137373453318349,April,0,0,0,1,0,0,0,0,0,0,0,0,0
2021-04-09 00:00:00,58065.64402481532,48714359354.07226,2081.3540625398964,2025606141313.133,1083362883828.12,240116470865.1621,2025606141313.133,0.5348339253779177,0.1185405523649837,0.3466255222570985,70.0,0.0,0.0,0.0,1.0,0.0,4.137373453318349,April,0,0,0,1,0,0,0,0,0,0,0,0,0
2021-04-10 00:00:00,58152.99326214184,45880879041.76103,2069.667796085529,2032933695302.7708,1085794662404.731,238825167325.6829,2032933695302.7708,0.534102349188039,0.1174780898548262,0.3484195609571347,70.0,0.0,0.0,0.0,1.0,0.0,4.137373453318349,April,0,0,0,1,0,0,0,0,0,0,0,0,0
2021-04-11 00:00:00,59979.39281571831,61788197398.73793,2142.7960653929085,2099864791188.136,1116221525334.327,246336623343.4781,2099864791188.136,0.5315682847859702,0.117310707040379,0.3511210081736508,76.0,0.0,0.0,0.0,0.0,1.0,4.137373453318349,April,0,0,0,1,0,0,0,0,0,0,0,0,0
2021-04-12 00:00:00,59988.02095852983,46792500386.96501,2150.2651427927744,2120955502284.677,1120606689450.4702,247431817683.18903,2120955502284.677,0.5283499291915182,0.1166605416363791,0.3549895291721026,74.0,0.0,0.0,0.0,1.0,0.0,4.137373453318349,April,0,0,0,1,0,0,0,0,0,0,0,0,0
2021-04-13 00:00:00,59911.02059484732,55994558888.5224,2142.476275865736,2137391556989.8345,1118532902101.5269,247289165411.2008,2137391556989.8345,0.5233167963275747,0.1156967073265073,0.3609864963459179,74.0,0.0,0.0,0.0,1.0,0.0,4.137373453318349,April,0,0,0,1,0,0,0,0,0,0,0,0,0
2021-04-14 00:00:00,63576.67604104828,71993120011.18321,2304.343516311013,2257905767732.786,1187737045885.1743,265314823430.1463,2257905767732.786,0.5260348163589695,0.1175048255873649,0.3564603580536655,75.0,0.0,0.0,0.0,1.0,0.0,4.137373453318349,April,0,0,0,1,0,0,0,0,0,0,0,0,0
2021-04-15 00:00:00,62807.12323259299,80157135507.58896,2429.661527751573,2281110204919.622,1173412921929.8884,281118122172.1276,2281110204919.622,0.51440431040956,0.1232374137671411,0.3623582758232988,79.0,0.0,0.0,0.0,0.0,1.0,4.137373453318349,April,0,0,0,1,0,0,0,0,0,0,0,0,0
2021-04-16 00:00:00,63179.772446084695,60495376851.28074,2514.1684155812304,2328416991994.6577,1179561609816.9358,290591950682.4659,2328416991994.6577,0.5065937990799726,0.1248023664496314,0.3686038344703959,78.0,0.0,0.0,0.0,0.0,1.0,4.137373453318349,April,0,0,0,1,0,0,0,0,0,0,0,0,0
2021-04-17 00:00:00,61497.2995694412,86260673269.76614,2424.5538447081194,2309422828666.145,1149602869702.2644,280617563098.8275,2309422828666.145,0.4977879561215914,0.1215098247127417,0.3807022191656668,76.0,0.0,0.0,0.0,0.0,1.0,4.137373453318349,April,0,0,0,1,0,0,0,0,0,0,0,0,0
2021-04-18 00:00:00,60273.86667694734,63808212132.53643,2345.266962776132,2253220345461.8994,1125592412523.221,271060261616.9552,2253220345461.8994,0.4995483086198033,0.1202990476110711,0.3801526437691255,79.0,0.0,0.0,0.0,0.0,1.0,4.137373453318349,April,0,0,0,1,0,0,0,0,0,0,0,0,0
2021-04-19 00:00:00,56288.94534001195,102065957642.22952,2245.7607533508544,2122960759138.692,1053618163309.5768,259329079995.4421,2122960759138.692,0.4962965795642125,0.1221544387380267,0.3815489816977607,74.0,0.0,0.0,0.0,1.0,0.0,4.137373453318349,April,0,0,0,1,0,0,0,0,0,0,0,0,0
2021-04-20 00:00:00,55721.166052695626,66156275209.79711,2168.032726735651,2088114425282.785,1043148020633.034,251090482814.8267,2088114425282.785,0.4995645870756171,0.1202474729232439,0.380187940001139,73.0,0.0,0.0,0.0,1.0,0.0,4.137373453318349,April,0,0,0,1,0,0,0,0,0,0,0,0,0
2021-04-21 00:00:00,56294.728558586925,68166802215.75954,2324.2846872281943,2136190761281.4763,1055145534127.332,269456185695.19864,2136190761281.4763,0.4939378791687884,0.1261386345166828,0.3799234863145286,73.0,0.0,0.0,0.0,1.0,0.0,4.137373453318349,April,0,0,0,1,0,0,0,0,0,0,0,0,0
2021-04-22 00:00:00,54190.07026283405,56115370322.140594,2373.501344298211,2072355868663.317,1012699264345.6595,274296843910.2084,2072355868663.317,0.4886705414156774,0.1323599136895014,0.3789695448948212,65.0,0.0,0.0,0.0,1.0,0.0,4.137373453318349,April,0,0,0,1,0,0,0,0,0,0,0,0,0
2021-04-23 00:00:00,51965.5664304852,77897442831.71704,2426.0711497906045,2000005661660.8208,971174701492.849,280712855517.3182,2000005661660.8208,0.4855859761348764,0.1403560304345398,0.3740579934305837,55.0,0.0,0.0,0.0,1.0,0.0,4.137373453318349,April,0,0,0,1,0,0,0,0,0,0,0,0,0
2021-04-24 00:00:00,51191.1246964079,91138220375.4599,2364.2312036020908,1962950278364.6245,956744203682.2198,273323480799.64493,1962950278364.6245,0.4874011401242948,0.1392411635751449,0.3733576963005602,37.0,0.0,1.0,0.0,0.0,0.0,4.137373453318349,April,0,0,0,1,0,0,0,0,0,0,0,0,0
2021-04-25 00:00:00,50133.1073963654,49296256745.65119,2212.8437976342047,1900954862808.2031,937014999515.3856,258340689899.58817,1900954862808.2031,0.4929180686232452,0.1359004860946314,0.3711814452821233,31.0,0.0,1.0,0.0,0.0,0.0,4.137373453318349,April,0,0,0,1,0,0,0,0,0,0,0,0,0
2021-04-26 00:00:00,48981.4413932161,46233432154.22527,2307.35532084471,1884727166137.9548,915533819859.1392,266776799157.9336,1884727166137.9548,0.4857646434497912,0.1415466407822799,0.3726887157679287,27.0,0.0,1.0,0.0,0.0,0.0,4.137373453318349,April,0,0,0,1,0,0,0,0,0,0,0,0,0
2021-04-27 00:00:00,53978.80554728962,60226926859.91649,2532.3868028851084,2084903147563.984,1008389773189.793,292829223558.3116,2084903147563.984,0.4836626460888617,0.1404521950578162,0.375885158853322,50.0,0.0,0.0,1.0,0.0,0.0,4.137373453318349,April,0,0,0,1,0,0,0,0,0,0,0,0,0
2021-04-28 00:00:00,54991.81484262107,48468560013.13787,2647.158189660288,2159874204030.901,1027617870421.6592,306136280873.3804,2159874204030.901,0.4757767227849891,0.1417380143260419,0.3824852628889689,59.0,0.0,0.0,0.0,1.0,0.0,4.137373453318349,April,0,0,0,1,0,0,0,0,0,0,0,0,0
2021-04-29 00:00:00,54810.6138506792,48072930663.01449,2748.7845851218613,2167119583248.234,1024625833392.2412,317353332381.2044,2167119583248.234,0.4728053963023391,0.1464401571719141,0.3807544465257467,52.0,0.0,0.0,1.0,0.0,0.0,4.137373453318349,April,0,0,0,1,0,0,0,0,0,0,0,0,0
2021-04-30 00:00:00,53596.70402266675,46958036373.36031,2757.497552304977,2153078214998.56,1001973605935.3958,318971242360.58826,2153078214998.56,0.46536795503087,0.1481466117387665,0.3864854332303634,51.0,0.0,0.0,1.0,0.0,0.0,4.137373453318349,April,0,0,0,1,0,0,0,0,0,0,0,0,0
2021-05-01 00:00:00,57828.511814425874,53879045974.4321,2776.70371169874,2281318529371.7925,1082721727348.0432,321155845972.33514,2281318529371.7925,0.4746034862769438,0.1407764158478877,0.3846200978751685,68.0,0.0,0.0,0.0,1.0,0.0,4.926466563983079,May,0,0,0,0,1,0,0,0,0,0,0,0,0
2021-05-02 00:00:00,57812.96915967891,43967070045.82312,2944.9169473185057,2324306288454.2046,1080897634123.2936,340730211563.77893,2324306288454.2046,0.465040962756312,0.1465943680728859,0.3883646691708021,66.0,0.0,0.0,0.0,1.0,0.0,4.926466563983079,May,0,0,0,0,1,0,0,0,0,0,0,0,0
2021-05-03 00:00:00,56600.74528738432,39072664393.929405,2953.297348080473,2295280844216.862,1057850321948.5464,341953594507.36664,2295280844216.862,0.4608805604829937,0.1489811564318786,0.3901382830851276,61.0,0.0,0.0,0.0,1.0,0.0,4.926466563983079,May,0,0,0,0,1,0,0,0,0,0,0,0,0
2021-05-04 00:00:00,57200.30029871162,54132470274.07509,3439.8550695192603,2397776332059.293,1069571255195.5188,398258027094.341,2397776332059.293,0.4460679842798073,0.1660947360975505,0.3878372796226421,68.0,0.0,0.0,0.0,1.0,0.0,4.926466563983079,May,0,0,0,0,1,0,0,0,0,0,0,0,0
2021-05-05 00:00:00,53464.37021950372,71296763919.13268,3245.663148933579,2272777339825.439,999775008412.3738,380565712269.779,2272777339825.439,0.4398913131055599,0.1674452246602425,0.3926634622341975,48.0,0.0,0.0,1.0,0.0,0.0,4.926466563983079,May,0,0,0,0,1,0,0,0,0,0,0,0,0
2021-05-06 00:00:00,57432.100227087576,72158368257.54709,3524.562728476055,2473803920663.7915,1070969079353.5304,409191426695.66266,2473803920663.7915,0.4329239962826799,0.1654098060390595,0.4016661976782605,65.0,0.0,0.0,0.0,1.0,0.0,4.926466563983079,May,0,0,0,0,1,0,0,0,0,0,0,0,0
2021-05-07 00:00:00,56507.7594398696,87510802710.77629,3495.0758690360576,2458657330190.3223,1056801053574.5112,405355930465.5294,2458657330190.3223,0.4298285249423942,0.1648688190452922,0.4053026560123136,64.0,0.0,0.0,0.0,1.0,0.0,4.926466563983079,May,0,0,0,0,1,0,0,0,0,0,0,0,0
2021-05-08 00:00:00,57361.56904328887,68154805947.0942,3493.534500000208,2458657330190.3223,1072831991777.4056,404284565609.9548,2452850590770.0225,0.4373817124509862,0.1648223365627165,0.3977959509862972,67.0,0.0,0.0,0.0,1.0,0.0,4.926466563983079,May,0,0,0,0,1,0,0,0,0,0,0,0,0
2021-05-09 00:00:00,58771.88168950936,66812167538.22713,3912.742916596813,2458657330190.3223,1099271802311.4956,450716254202.5674,2447043851349.723,0.4492243985350598,0.1841880577472955,0.3665875437176446,73.0,0.0,0.0,0.0,1.0,0.0,4.926466563983079,May,0,0,0,0,1,0,0,0,0,0,0,0,0
2021-05-10 00:00:00,58213.92629374439,67906284080.6139,3932.754068170969,2458657330190.3223,1088903483393.3052,455448294000.9345,2441237111929.424,0.4460457683820372,0.1865645462193438,0.367389685398619,72.0,0.0,0.0,0.0,1.0,0.0,4.926466563983079,May,0,0,0,0,1,0,0,0,0,0,0,0,0
2021-05-11 00:00:00,55901.66759456145,76672978747.69038,3979.608651921282,2435430372509.124,1045714370754.1616,461040789541.0576,2435430372509.124,0.4293755972488776,0.1893056745720331,0.3813187281790892,61.0,0.0,0.0,0.0,1.0,0.0,4.926466563983079,May,0,0,0,0,1,0,0,0,0,0,0,0,0
2021-05-12 00:00:00,56928.97235660158,67726708140.56509,4182.790285752286,2555049610548.6226,1064993057463.8884,481380994613.09344,2555049610548.6226,0.4168189349698036,0.1884037760463409,0.3947772889838553,68.0,0.0,0.0,0.0,1.0,0.0,4.926466563983079,May,0,0,0,0,1,0,0,0,0,0,0,0,0
2021-05-13 00:00:00,50004.76218313686,75523928654.34041,3906.108903329409,2261359861790.6035,935512493150.826,465647015108.638,2261359861790.6035,0.4136946573421812,0.2059146016414771,0.3803907410163415,31.0,0.0,1.0,0.0,0.0,0.0,4.926466563983079,May,0,0,0,0,1,0,0,0,0,0,0,0,0
2021-05-14 00:00:00,49972.79539837245,104203551167.93764,3750.3415950592753,2288536004332.9453,934964766185.9642,431105320829.47766,2288536004332.9453,0.4085427384213186,0.1883760273000969,0.4030812342785843,26.0,0.0,1.0,0.0,0.0,0.0,4.926466563983079,May,0,0,0,0,1,0,0,0,0,0,0,0,0
2021-05-15 00:00:00,49913.26314398822,56820196964.51265,4088.73170832043,2393399825226.1987,935962705739.4398,473724804234.6842,2393399825226.1987,0.391059903938525,0.1979296560656817,0.4110104399957933,27.0,0.0,1.0,0.0,0.0,0.0,4.926466563983079,May,0,0,0,0,1,0,0,0,0,0,0,0,0
2021-05-16 00:00:00,46780.90230468821,62896879696.14898,3659.9218442136175,2249437581264.8843,875321252276.1078,425715131137.0613,2249437581264.8843,0.3891289358577821,0.1892540316222852,0.4216170325199326,20.0,1.0,0.0,0.0,0.0,0.0,4.926466563983079,May,0,0,0,0,1,0,0,0,0,0,0,0,0
2021-05-17 00:00:00,46585.06413538846,70636455913.96016,3602.0048969299023,2246926825791.7217,871695620615.745,414265118099.5364,2246926825791.7217,0.3879501595734416,0.1843696525157497,0.4276801879108086,27.0,0.0,1.0,0.0,0.0,0.0,4.926466563983079,May,0,0,0,0,1,0,0,0,0,0,0,0,0
2021-05-18 00:00:00,43780.82559782485,84054878923.85199,3288.229887237864,2097613637716.1465,819256623328.7307,381161976477.9278,2097613637716.1465,0.3905660263635234,0.1817121940973514,0.4277217795391252,21.0,1.0,0.0,0.0,0.0,0.0,4.926466563983079,May,0,0,0,0,1,0,0,0,0,0,0,0,0
2021-05-19 00:00:00,43091.04144756922,65037066859.11668,3399.0492796569383,2120046170659.136,800545278567.6873,390227141901.1161,2120046170659.136,0.3776074736706288,0.1840653978681002,0.438327128461271,23.0,1.0,0.0,0.0,0.0,0.0,4.926466563983079,May,0,0,0,0,1,0,0,0,0,0,0,0,0
2021-05-20 00:00:00,37287.39140242737,141151477374.61298,2505.014945945662,1650014830365.5889,697785056487.6051,295232973801.7795,1650014830365.5889,0.4228962332011276,0.1789274668133531,0.3981762999855192,11.0,1.0,0.0,0.0,0.0,0.0,4.926466563983079,May,0,0,0,0,1,0,0,0,0,0,0,0,0
2021-05-21 00:00:00,40437.73009625558,95001812130.50996,2778.279660560299,1819997899122.6755,759679496751.2783,322162621074.79614,1819997899122.6755,0.4174067987207455,0.1770126334926505,0.405580567786604,19.0,1.0,0.0,0.0,0.0,0.0,4.926466563983079,May,0,0,0,0,1,0,0,0,0,0,0,0,0
2021-05-22 00:00:00,37339.63420134628,88706010988.29123,2419.10321711502,1650516768006.78,698762712553.7339,279623071718.589,1650516768006.78,0.4233599598007013,0.1694154686209406,0.407224571578358,12.0,1.0,0.0,0.0,0.0,0.0,4.926466563983079,May,0,0,0,0,1,0,0,0,0,0,0,0,0
2021-05-23 00:00:00,37520.31767547438,61178935273.653305,2306.371266867117,1612986134319.4631,702143968883.5249,268503273693.00333,1612986134319.4631,0.4353068845069566,0.1664634729214754,0.398229642571568,14.0,1.0,0.0,0.0,0.0,0.0,4.926466563983079,May,0,0,0,0,1,0,0,0,0,0,0,0,0
2021-05-24 00:00:00,34977.527801962424,84358034875.51308,2120.0373745099428,1467527465974.816,654558962027.5841,244070264760.9288,1467527465974.816,0.4460284234563123,0.1663139330743655,0.3876576434693221,10.0,1.0,0.0,0.0,0.0,0.0,4.926466563983079,May,0,0,0,0,1,0,0,0,0,0,0,0,0
2021-05-25 00:00:00,38642.4422973396,71163197727.3351,2640.1596323488234,1713704200846.994,723143072419.7241,306046123107.58295,1713704200846.994,0.4219766001987464,0.1785874849091928,0.3994359148920607,22.0,1.0,0.0,0.0,0.0,0.0,4.926466563983079,May,0,0,0,0,1,0,0,0,0,0,0,0,0
2021-05-26 00:00:00,38210.80521759389,48724794157.985054,2695.477807149633,1712361869016.706,715248689989.8947,312566215516.573,1712361869016.706,0.4176971602390409,0.1825351411825461,0.399767698578413,22.0,1.0,0.0,0.0,0.0,0.0,4.926466563983079,May,0,0,0,0,1,0,0,0,0,0,0,0,0
2021-05-27 00:00:00,39406.934244116186,47026386118.47242,2882.483407624011,1804768448943.684,737668726732.3829,334435114557.1313,1804768448943.684,0.4087331686035038,0.1853063836265939,0.4059604477699022,27.0,0.0,1.0,0.0,0.0,0.0,4.926466563983079,May,0,0,0,0,1,0,0,0,0,0,0,0,0
2021-05-28 00:00:00,38642.89555434217,40836817155.71973,2742.990862697615,1750962226390.663,723137484747.1467,319404492002.5219,1750962226390.663,0.4129943375407832,0.1824165519897734,0.4045891104694433,21.0,1.0,0.0,0.0,0.0,0.0,4.926466563983079,May,0,0,0,0,1,0,0,0,0,0,0,0,0
2021-05-29 00:00:00,35710.220936529884,49991590067.73797,2433.328865728611,1607308830721.4143,668521654364.6696,282228507934.91974,1607308830721.4143,0.4159260756780727,0.175590715698517,0.4084832086234102,18.0,1.0,0.0,0.0,0.0,0.0,4.926466563983079,May,0,0,0,0,1,0,0,0,0,0,0,0,0
2021-05-30 00:00:00,34775.07941347281,43184025044.7728,2294.626285512794,1542249127241.769,654239808356.6592,268672927561.1248,1542249127241.769,0.4242114952768574,0.1742085132780279,0.4015799914451146,10.0,1.0,0.0,0.0,0.0,0.0,4.926466563983079,May,0,0,0,0,1,0,0,0,0,0,0,0,0
2021-05-31 00:00:00,35714.75202018067,30650274657.69525,2395.8532280027384,1597340657987.7383,668664301773.5417,278270782653.56213,1597340657987.7383,0.4186109571742176,0.1742087896292052,0.4071802531965772,18.0,1.0,0.0,0.0,0.0,0.0,4.926466563983079,May,0,0,0,0,1,0,0,0,0,0,0,0,0
2021-06-01 00:00:00,37340.6792659422,37950798680.48171,2708.429865793973,1714719192478.5798,699138611681.2975,314463232386.7883,1714719192478.5798,0.4077277578439602,0.1833905130158602,0.4088817291401795,20.0,1.0,0.0,0.0,0.0,0.0,5.317418943207719,June,0,0,0,0,0,1,0,0,0,0,0,0,0
2021-06-02 00:00:00,36680.06820180283,33536905027.71024,2632.6565998696506,1694999479890.1624,688726381047.1788,306488816882.1444,1694999479890.1624,0.4063283730870578,0.1808194164767562,0.412852210436186,23.0,1.0,0.0,0.0,0.0,0.0,5.317418943207719,June,0,0,0,0,0,1,0,0,0,0,0,0,0
2021-06-03 00:00:00,37685.71798174826,31240691604.199257,2717.1540367097723,1752637710700.761,704531333543.3906,315313344228.8267,1752637710700.761,0.4019834385862303,0.1799078852997829,0.4181086761139867,24.0,1.0,0.0,0.0,0.0,0.0,5.317418943207719,June,0,0,0,0,0,1,0,0,0,0,0,0,0
2021-06-04 00:00:00,39151.31618380032,33396718844.557133,2858.27670209791,1831686444453.9172,733150718114.4554,333964598115.05035,1831686444453.9167,0.4002599464195032,0.18232629232271,0.4174137612577867,27.0,0.0,1.0,0.0,0.0,0.0,5.317418943207719,June,0,0,0,0,0,1,0,0,0,0,0,0,0
2021-06-05 00:00:00,36938.72031139185,39345490149.31464,2694.4976666790503,1718623371820.4275,691747462828.3618,312991097366.8545,1718623371820.4275,0.4025009051841522,0.1821173286124481,0.4153817662033996,24.0,1.0,0.0,0.0,0.0,0.0,5.317418943207719,June,0,0,0,0,0,1,0,0,0,0,0,0,0
2021-06-06 00:00:00,35546.98596483364,34068172835.76665,2624.768915059424,1668123810116.15,662913486273.3402,302743417251.8253,1668123810116.15,0.3974006499117006,0.1814873784642793,0.42111197162402,17.0,1.0,0.0,0.0,0.0,0.0,5.317418943207719,June,0,0,0,0,0,1,0,0,0,0,0,0,0
2021-06-07 00:00:00,35834.4744744042,27689283070.836933,2711.5479390111605,1694406049972.993,671131079523.7289,315044778229.29706,1694406049972.993,0.39608633334048,0.1859322788857597,0.4179813877737602,15.0,1.0,0.0,0.0,0.0,0.0,5.317418943207719,June,0,0,0,0,0,1,0,0,0,0,0,0,0
2021-06-08 00:00:00,33451.38340714534,33345528753.34016,2580.5355800598445,1585438739136.1018,626527049947.8439,299857516850.1987,1585438739136.1018,0.3951758175716304,0.1891322000959745,0.415691982332395,13.0,1.0,0.0,0.0,0.0,0.0,5.317418943207719,June,0,0,0,0,0,1,0,0,0,0,0,0,0
2021-06-09 00:00:00,33557.15068309184,46727462986.366455,2528.022300878691,1579329971054.7854,629018966290.4011,294068580258.7281,1579329971054.7854,0.3982821689062855,0.1861983155187822,0.4155195155749323,14.0,1.0,0.0,0.0,0.0,0.0,5.317418943207719,June,0,0,0,0,0,1,0,0,0,0,0,0,0
2021-06-10 00:00:00,37553.64375851888,54511387836.11497,2620.6253893038547,1692501165638.914,705292677171.4633,304761367058.1624,1692501165638.914,0.4167162135484955,0.1800656763170475,0.403218110134457,21.0,1.0,0.0,0.0,0.0,0.0,5.317418943207719,June,0,0,0,0,0,1,0,0,0,0,0,0,0
2021-06-11 00:00:00,36903.304906778896,42952476854.83458,2486.600068788676,1631410199363.375,691681868464.4717,289444120869.42664,1631410199363.375,0.4239778988352449,0.1774195852044914,0.3986025159602636,21.0,1.0,0.0,0.0,0.0,0.0,5.317418943207719,June,0,0,0,0,0,1,0,0,0,0,0,0,0
2021-06-12 00:00:00,37289.43252210222,36358044262.70976,2356.634774189676,1600490024304.0476,698528023663.5321,272748408238.43475,1600490024304.0476,0.4364463464664692,0.1704155627942985,0.3931380907392323,28.0,0.0,1.0,0.0,0.0,0.0,5.317418943207719,June,0,0,0,0,0,1,0,0,0,0,0,0,0
2021-06-13 00:00:00,35666.14977877309,35710196743.32056,2379.991747950219,1570262381177.8528,668148892256.3638,278223731471.048,1570262381177.8528,0.4255014322862309,0.1771829566867369,0.397315611027032,23.0,1.0,0.0,0.0,0.0,0.0,5.317418943207719,June,0,0,0,0,0,1,0,0,0,0,0,0,0
2021-06-14 00:00:00,39147.70567879997,38185633278.28716,2517.771695525423,1681449057546.3296,733402631079.1185,292767118262.08405,1681449057546.3296,0.4361729710380541,0.1741159608423149,0.3897110681196309,28.0,0.0,1.0,0.0,0.0,0.0,5.317418943207719,June,0,0,0,0,0,1,0,0,0,0,0,0,0
2021-06-15 00:00:00,40624.51305316154,45836408439.45157,2587.381610979154,1736402927314.5166,761104314502.2867,300405113218.4146,1736402927314.5166,0.4383224092344708,0.1730042655957823,0.3886733251697468,38.0,0.0,1.0,0.0,0.0,0.0,5.317418943207719,June,0,0,0,0,0,1,0,0,0,0,0,0,0
2021-06-16 00:00:00,40378.20254971114,36706248352.23714,2561.188330932004,1726004874097.1675,756522207420.3483,298324322330.12646,1726004874097.1675,0.4383082682869405,0.1728409501080771,0.3888507816049823,33.0,0.0,1.0,0.0,0.0,0.0,5.317418943207719,June,0,0,0,0,0,1,0,0,0,0,0,0,0
2021-06-17 00:00:00,38321.454656574206,36563438889.78541,2365.872786190649,1632795997943.6526,718016373177.285,274666655404.67456,1632795997943.6526,0.4397465293163118,0.1682185991088846,0.3920348715748034,26.0,0.0,1.0,0.0,0.0,0.0,5.317418943207719,June,0,0,0,0,0,1,0,0,0,0,0,0,0
2021-06-18 00:00:00,38193.61914194397,36330237284.41833,2380.744519633922,1639204814794.0977,715652442155.1261,275415199641.5411,1639204814794.0977,0.4365851269446277,0.1680175638552747,0.3953973092000976,25.0,1.0,0.0,0.0,0.0,0.0,5.317418943207719,June,0,0,0,0,0,1,0,0,0,0,0,0,0
2021-06-19 00:00:00,35881.11137137543,35162612172.75275,2231.554315497782,1546570035895.0764,673761687974.4922,260039646334.19235,1546570035895.0764,0.435648998969874,0.1681395865035588,0.3962114145265671,23.0,1.0,0.0,0.0,0.0,0.0,5.317418943207719,June,0,0,0,0,0,1,0,0,0,0,0,0,0
2021-06-20 00:00:00,35581.64226773201,28858979691.78587,2176.308536317709,1527656820626.024,666901325910.3705,253396709038.7989,1527656820626.024,0.4365517941634814,0.1658727965715222,0.3975754092649963,21.0,1.0,0.0,0.0,0.0,0.0,5.317418943207719,June,0,0,0,0,0,1,0,0,0,0,0,0,0
2021-06-21 00:00:00,35787.07740523232,35609127163.62243,2251.5605593660407,1547083237052.986,670634370556.6146,261478202409.19,1547083237052.986,0.4334830566932489,0.1690136614157074,0.3975032818910436,23.0,1.0,0.0,0.0,0.0,0.0,5.317418943207719,June,0,0,0,0,0,1,0,0,0,0,0,0,0
2021-06-22 00:00:00,31711.93546772701,51873870276.52254,1900.1222998935384,1326881530223.3674,598335733135.868,223202708788.7209,1326881530223.3674,0.4509338019311672,0.1682160039948305,0.3808501940740021,10.0,1.0,0.0,0.0,0.0,0.0,5.317418943207719,June,0,0,0,0,0,1,0,0,0,0,0,0,0
2021-06-23 00:00:00,32507.738707026845,57443014757.92467,1875.357694471204,1318192027167.228,606580031922.7239,216876757208.59253,1318192027167.228,0.4601605983206058,0.1645259209120365,0.3753134807673576,14.0,1.0,0.0,0.0,0.0,0.0,5.317418943207719,June,0,0,0,0,0,1,0,0,0,0,0,0,0
2021-06-24 00:00:00,33702.61779371396,39798236962.44067,1971.105977980941,1395919540277.5664,631634847766.2311,229518675836.7653,1395919540277.5664,0.4524865721419989,0.1644211354696901,0.3830922923883109,22.0,1.0,0.0,0.0,0.0,0.0,5.317418943207719,June,0,0,0,0,0,1,0,0,0,0,0,0,0
2021-06-25 00:00:00,34675.44910530336,31862051544.34989,1990.076151191059,1436711601701.1216,650340461975.8141,231644258719.40115,1436711601701.1216,0.4526590174435747,0.1612322601454081,0.3861087224110172,27.0,0.0,1.0,0.0,0.0,0.0,5.317418943207719,June,0,0,0,0,0,1,0,0,0,0,0,0,0
2021-06-26 00:00:00,31943.136467863093,38635245431.3565,1833.4631609981643,1333666563151.057,598703019611.4526,213871849531.6296,1333666563151.057,0.4489150707931791,0.1603638086466786,0.3907211205601422,20.0,1.0,0.0,0.0,0.0,0.0,5.317418943207719,June,0,0,0,0,0,1,0,0,0,0,0,0,0
2021-06-27 00:00:00,32023.97390177492,36873109419.90242,1817.047665540675,1330730278285.965,600235334320.8247,209989265221.48505,1330730278285.965,0.4510570955775894,0.1578000205210328,0.3911428839013777,22.0,1.0,0.0,0.0,0.0,0.0,5.317418943207719,June,0,0,0,0,0,1,0,0,0,0,0,0,0
2021-06-28 00:00:00,34607.293274083386,34335452117.32629,1973.9268648383472,1420636164338.5415,649262127990.3759,229354016311.0035,1420636164338.5415,0.4570221033987805,0.1614445852276275,0.381533311373592,25.0,1.0,0.0,0.0,0.0,0.0,5.317418943207719,June,0,0,0,0,0,1,0,0,0,0,0,0,0
2021-06-29 00:00:00,34556.8421269449,32453802891.01519,2087.518723787417,1443728558799.8442,647741224116.9337,243040539437.434,1443728558799.8442,0.4486585931744634,0.1683422676347629,0.3829991391907736,25.0,1.0,0.0,0.0,0.0,0.0,5.317418943207719,June,0,0,0,0,0,1,0,0,0,0,0,0,0
2021-06-30 00:00:00,35968.993667970346,35121257875.54662,2169.400067865984,1500216548696.9895,674231340724.4149,253607549372.41992,1500216548696.9895,0.4494226792192216,0.1690472949339815,0.3815300258467968,28.0,0.0,1.0,0.0,0.0,0.0,5.317418943207719,June,0,0,0,0,0,1,0,0,0,0,0,0,0
2021-07-01 00:00:00,35171.486304850056,31024153846.87852,2279.354161419647,1501678267575.6934,660200427590.4775,265951575833.03497,1501678267575.6934,0.4396417274229479,0.1771028998524342,0.3832553727246179,28.0,0.0,1.0,0.0,0.0,0.0,5.269167647240969,July,0,0,0,0,0,0,1,0,0,0,0,0,0
2021-07-02 00:00:00,33677.566235922626,29129630236.14075,2121.657900633364,1434455473887.694,629863895571.7473,247210647940.18707,1434455473887.694,0.4390961636924677,0.1723376238860807,0.3885662124214515,21.0,1.0,0.0,0.0,0.0,0.0,5.269167647240969,July,0,0,0,0,0,0,1,0,0,0,0,0,0
2021-07-03 00:00:00,33950.786555181,25084046353.169456,2157.880584866453,1445787605773.4182,633684390025.5607,250754468066.2188,1445787605773.4182,0.438297013679664,0.1734379704632194,0.3882650158571166,24.0,1.0,0.0,0.0,0.0,0.0,5.269167647240969,July,0,0,0,0,0,0,1,0,0,0,0,0,0
2021-07-04 00:00:00,34729.89077801021,22986053604.70427,2228.532398568573,1482317524161.059,650382046624.6503,259079167729.78625,1482317524161.059,0.4387602764075424,0.1747798049384973,0.3864599186539602,27.0,0.0,1.0,0.0,0.0,0.0,5.269167647240969,July,0,0,0,0,0,0,1,0,0,0,0,0,0
2021-07-05 00:00:00,35394.213074080915,22727930417.748825,2329.004750998825,1519521337105.654,663571591568.1959,271472550895.4458,1519521337105.654,0.4366977780201168,0.1786566231524855,0.3846455988273977,29.0,0.0,1.0,0.0,0.0,0.0,5.269167647240969,July,0,0,0,0,0,0,1,0,0,0,0,0,0
2021-07-06 00:00:00,33928.13421837147,25894820184.74507,2217.3018530598792,1464749059986.7974,636061920914.8282,258719784082.81683,1464749059986.7974,0.4342463417730826,0.1766307903178643,0.389122867909053,20.0,1.0,0.0,0.0,0.0,0.0,5.269167647240969,July,0,0,0,0,0,0,1,0,0,0,0,0,0
2021-07-07 00:00:00,34149.98981477412,26106856611.92326,2320.6549288317,1494135615904.317,640405812761.686,270697947572.19247,1494135615904.317,0.4286129089922564,0.1811736128171699,0.3902134781905736,28.0,0.0,1.0,0.0,0.0,0.0,5.269167647240969,July,0,0,0,0,0,0,1,0,0,0,0,0,0
2021-07-08 00:00:00,33932.25463831538,23692220470.135063,2317.23694270242,1491170089504.6868,636246944189.2604,270116728160.1227,1491170089504.6868,0.4266763051829981,0.1811441431539482,0.3921795516630536,20.0,1.0,0.0,0.0,0.0,0.0,5.269167647240969,July,0,0,0,0,0,0,1,0,0,0,0,0,0
2021-07-09 00:00:00,32933.578199292395,29065577052.29722,2126.4424673902267,1417995750823.3765,617861633771.9894,248124573571.6789,1417995750823.3765,0.4357288330470811,0.1749825931619346,0.3892885737909842,20.0,1.0,0.0,0.0,0.0,0.0,5.269167647240969,July,0,0,0,0,0,0,1,0,0,0,0,0,0
2021-07-10 00:00:00,33971.29774975796,24282108111.21572,2156.5809569525845,1459069743584.6,637000370375.4657,251611015863.3228,1459069743584.6,0.4365797955692657,0.1724461883810791,0.3909740160496551,20.0,1.0,0.0,0.0,0.0,0.0,5.269167647240969,July,0,0,0,0,0,0,1,0,0,0,0,0,0
2021-07-11 00:00:00,33704.53847440508,20558304483.59407,2123.0585974934124,1443380670139.1958,632185737683.1548,247860822594.064,1443380670139.1958,0.4379896106147718,0.1717224206488514,0.3902879687363768,20.0,1.0,0.0,0.0,0.0,0.0,5.269167647240969,July,0,0,0,0,0,0,1,0,0,0,0,0,0
2021-07-12 00:00:00,34299.938016517444,17798828844.27227,2144.0142572722566,1463628641772.9148,643335853171.1349,250027222000.6045,1463628641772.9148,0.4395485540593499,0.1708269535486425,0.3896244923920076,25.0,1.0,0.0,0.0,0.0,0.0,5.269167647240969,July,0,0,0,0,0,0,1,0,0,0,0,0,0
2021-07-13 00:00:00,33262.6543524462,21683885320.611263,2042.4991866143628,1421260884646.3074,623350567666.981,238086643137.17004,1421260884646.3074,0.4385898285113974,0.1675179030881581,0.3938922684004444,20.0,1.0,0.0,0.0,0.0,0.0,5.269167647240969,July,0,0,0,0,0,0,1,0,0,0,0,0,0
2021-07-14 00:00:00,32676.38380096018,19932531699.624603,1944.3950166372083,1385868386145.021,613002045101.37,227135827760.92883,1385868386145.021,0.4423234206290811,0.1638942269205935,0.3937823524503253,21.0,1.0,0.0,0.0,0.0,0.0,5.269167647240969,July,0,0,0,0,0,0,1,0,0,0,0,0,0
2021-07-15 00:00:00,32878.50187357147,21779069066.445965,1997.6633136705989,1394056439824.0864,616691143979.958,232939479730.00745,1394056439824.0864,0.4423717192237763,0.1670947266377548,0.3905335541384688,20.0,1.0,0.0,0.0,0.0,0.0,5.269167647240969,July,0,0,0,0,0,0,1,0,0,0,0,0,0
2021-07-16 00:00:00,31726.038833909817,21557729227.284348,1910.7269516309964,1352066655839.7854,595342431373.8641,223534356736.75903,1352066655839.7854,0.440320326518288,0.1653279117351792,0.3943517617465327,22.0,1.0,0.0,0.0,0.0,0.0,5.269167647240969,July,0,0,0,0,0,0,1,0,0,0,0,0,0
2021-07-17 00:00:00,31399.653128682126,22671859962.66356,1874.2002496808184,1321306617935.741,588495008675.5178,218477848474.5608,1321306617935.741,0.4453886786663609,0.1653498480283749,0.3892614733052641,15.0,1.0,0.0,0.0,0.0,0.0,5.269167647240969,July,0,0,0,0,0,0,1,0,0,0,0,0,0
2021-07-18 00:00:00,31588.6713510167,17715455994.789402,1899.8427500663568,1332334722071.1262,592581931071.2119,221838551362.95905,1332334722071.1262,0.4447695622238516,0.1665036178131791,0.3887268199629692,19.0,1.0,0.0,0.0,0.0,0.0,5.269167647240969,July,0,0,0,0,0,0,1,0,0,0,0,0,0
2021-07-19 00:00:00,31919.393922554555,17742105807.895496,1905.723382843169,1343785187201.1982,597872278369.1111,222305469349.286,1343785187201.1982,0.4449165566516954,0.1654322963719359,0.3896511469763686,24.0,1.0,0.0,0.0,0.0,0.0,5.269167647240969,July,0,0,0,0,0,0,1,0,0,0,0,0,0
2021-07-20 00:00:00,30928.211908849244,20095540828.29569,1824.929392091902,1293001847404.7483,580252472382.7122,214106247241.3399,1293001847404.7483,0.4487638386189218,0.1655885083776823,0.3856476530033959,19.0,1.0,0.0,0.0,0.0,0.0,5.269167647240969,July,0,0,0,0,0,0,1,0,0,0,0,0,0
2021-07-21 00:00:00,29971.903783612062,23000299061.896305,1794.973425186835,1250934441717.1426,561743228116.5483,209392844466.0158,1250934441717.1426,0.4490588870072601,0.1673891432540499,0.38355196973869,10.0,1.0,0.0,0.0,0.0,0.0,5.269167647240969,July,0,0,0,0,0,0,1,0,0,0,0,0,0
2021-07-22 00:00:00,32383.78112696872,29070652059.99501,2003.723921452108,1355850168909.9011,605357009416.7555,233005814487.5354,1355850168909.9011,0.4464778065436688,0.1718521853154845,0.3816700081408467,21.0,1.0,0.0,0.0,0.0,0.0,5.269167647240969,July,0,0,0,0,0,0,1,0,0,0,0,0,0
2021-07-23 00:00:00,32409.499767175417,19741588059.45234,2027.5334479167043,1371759053291.3782,607621607805.3499,236554595198.76672,1371759053291.3782,0.4429506817158827,0.1724461702156666,0.3846031480684506,23.0,1.0,0.0,0.0,0.0,0.0,5.269167647240969,July,0,0,0,0,0,0,1,0,0,0,0,0,0
2021-07-24 00:00:00,33455.55127272261,22937379734.63381,2117.154607794504,1415220075130.7793,627747173675.4332,247068794868.1457,1415220075130.7793,0.443568590289693,0.1745797697544067,0.3818516399559001,22.0,1.0,0.0,0.0,0.0,0.0,5.269167647240969,July,0,0,0,0,0,0,1,0,0,0,0,0,0
2021-07-25 00:00:00,34213.59993217662,22120323672.36721,2183.627414557696,1449496243939.1904,642012590040.6406,255023351844.8617,1449496243939.1904,0.4429211822556295,0.1759392981604445,0.3811395195839259,27.0,0.0,1.0,0.0,0.0,0.0,5.269167647240969,July,0,0,0,0,0,0,1,0,0,0,0,0,0
2021-07-26 00:00:00,35456.12466076684,20929083220.53677,2209.4993601030114,1479036935795.9175,664681184168.7764,258067996305.1722,1479036935795.9175,0.4494013422396987,0.1744838077125487,0.3761148500477524,26.0,0.0,1.0,0.0,0.0,0.0,5.269167647240969,July,0,0,0,0,0,0,1,0,0,0,0,0,0
2021-07-27 00:00:00,37281.91809217662,53550491997.72306,2230.212067673471,1522335993194.668,701921012034.6644,261543645427.0268,1522335993194.668,0.4610815320484291,0.171804152694419,0.3671143152571518,32.0,0.0,1.0,0.0,0.0,0.0,5.269167647240969,July,0,0,0,0,0,0,1,0,0,0,0,0,0
2021-07-28 00:00:00,39076.59377063225,36401287454.43055,2292.579636803809,1577229206481.6765,732311951673.3547,267339757878.5193,1577229206481.6765,0.4643028094229387,0.1694996242650577,0.3661975663120036,50.0,0.0,0.0,1.0,0.0,0.0,5.269167647240969,July,0,0,0,0,0,0,1,0,0,0,0,0,0
2021-07-29 00:00:00,40031.19824444798,41369107422.71703,2299.689405936291,1602664538833.8884,751371299910.5153,268838784855.6686,1602664538833.8884,0.4688263087528093,0.1677448888032912,0.3634288024438995,50.0,0.0,0.0,1.0,0.0,0.0,5.269167647240969,July,0,0,0,0,0,0,1,0,0,0,0,0,0
2021-07-30 00:00:00,39977.75693922764,28717414113.01727,2383.443259961735,1623737025255.2822,750407963580.4731,278785893426.22424,1623737025255.2822,0.4621487050604729,0.171693992986576,0.366157301952951,53.0,0.0,0.0,1.0,0.0,0.0,5.269167647240969,July,0,0,0,0,0,0,1,0,0,0,0,0,0
2021-07-31 00:00:00,41936.261478677225,35530501782.520935,2462.3999826480103,1682890007956.6992,786531956383.648,287344044145.01373,1682890007956.6992,0.4673697940239273,0.1707443996853341,0.3618858062907386,60.0,0.0,0.0,0.0,1.0,0.0,5.269167647240969,July,0,0,0,0,0,0,1,0,0,0,0,0,0
2021-08-01 00:00:00,41754.16660435275,28437941447.49927,2541.674599365905,1700634173151.1936,784039345926.1898,297505707149.10004,1700634173151.1936,0.4610276321058529,0.1749380977084779,0.3640342701856692,60.0,0.0,0.0,0.0,1.0,0.0,5.181323173271246,August,0,0,0,0,0,0,0,1,0,0,0,0,0
2021-08-02 00:00:00,39914.82975848789,28555173661.663795,2555.408178513038,1656501982392.4932,747403845431.8284,297290528238.90314,1656501982392.4932,0.4511940543242512,0.1794688635443255,0.3693370821314232,48.0,0.0,0.0,1.0,0.0,0.0,5.181323173271246,August,0,0,0,0,0,0,0,1,0,0,0,0,0
2021-08-03 00:00:00,39278.76650810368,28057528866.262108,2611.6730699481845,1659494608442.3418,737440183775.5553,306483554365.1923,1659494608442.3418,0.4443763661683371,0.1846848750252152,0.3709387588064477,48.0,0.0,0.0,1.0,0.0,0.0,5.181323173271246,August,0,0,0,0,0,0,0,1,0,0,0,0,0
2021-08-04 00:00:00,38368.35401197897,28422901237.16951,2521.268474889094,1616841929643.5994,720835141114.3336,294760000421.45154,1616841929643.5994,0.4458290745052779,0.182306009645869,0.3718649158488529,42.0,0.0,1.0,0.0,0.0,0.0,5.181323173271246,August,0,0,0,0,0,0,0,1,0,0,0,0,0
2021-08-05 00:00:00,39751.58457509862,27751046040.329308,2724.5322427136302,1693269857248.079,747085951935.0547,319613239659.44226,1693269857248.079,0.4412090304077266,0.1887550518255142,0.3700359177667591,50.0,0.0,0.0,1.0,0.0,0.0,5.181323173271246,August,0,0,0,0,0,0,0,1,0,0,0,0,0
2021-08-06 00:00:00,40825.3819404497,38527930905.31518,2821.649692746136,1735970832542.1367,768416417393.5968,330223699956.3277,1735970832542.1367,0.4426436222251132,0.1902242213786228,0.3671321563962639,52.0,0.0,0.0,1.0,0.0,0.0,5.181323173271246,August,0,0,0,0,0,0,0,1,0,0,0,0,0
2021-08-07 00:00:00,42802.13717474142,40840608016.84309,2888.732274275232,1795336779585.824,803853127161.2805,337961452767.8669,1795336779585.824,0.4477450338575059,0.1882440423494432,0.3640109237930508,69.0,0.0,0.0,0.0,1.0,0.0,5.181323173271246,August,0,0,0,0,0,0,0,1,0,0,0,0,0
2021-08-08 00:00:00,44647.57760300116,42725276705.46515,3151.217516917676,1894103369853.5928,838457486987.6113,368235028077.73975,1894103369853.5928,0.4426672273184441,0.1944112628373619,0.362921509844194,74.0,0.0,0.0,0.0,1.0,0.0,5.181323173271246,August,0,0,0,0,0,0,0,1,0,0,0,0,0
2021-08-09 00:00:00,43753.21786264632,39633218478.615295,3012.3085592702105,1831577104255.124,821704814136.0109,352872000029.7298,1831577104255.124,0.4486323902100678,0.1926601938897012,0.3587074159002309,65.0,0.0,0.0,0.0,1.0,0.0,5.181323173271246,August,0,0,0,0,0,0,0,1,0,0,0,0,0
2021-08-10 00:00:00,46311.00189857689,42726733997.85781,3163.0646551948857,1928130696844.3013,861862844505.6104,363242219000.1384,1928130696844.3013,0.4469939957473778,0.1883908697655419,0.3646151344870801,71.0,0.0,0.0,0.0,1.0,0.0,5.181323173271246,August,0,0,0,0,0,0,0,1,0,0,0,0,0
2021-08-11 00:00:00,45639.51401890709,35669862361.54627,3147.842995401753,1935578598578.692,854344953098.7552,368146417310.3951,1935578598578.692,0.4413899563293924,0.1901996734106935,0.3684103702599141,70.0,0.0,0.0,0.0,1.0,0.0,5.181323173271246,August,0,0,0,0,0,0,0,1,0,0,0,0,0
2021-08-12 00:00:00,45652.06012506926,35679832771.371475,3166.647217967929,1967833961476.6165,857660568377.3856,371120421692.36896,1967833961476.6165,0.4358399057885032,0.1885933615120093,0.3755667326994875,70.0,0.0,0.0,0.0,1.0,0.0,5.181323173271246,August,0,0,0,0,0,0,0,1,0,0,0,0,0
2021-08-13 00:00:00,44495.20979327958,35838614930.04035,3048.4126816864195,1920270050739.066,836054770491.896,356667351344.9034,1920270050739.066,0.435383955590058,0.1857381211604225,0.3788779232495194,70.0,0.0,0.0,0.0,1.0,0.0,5.181323173271246,August,0,0,0,0,0,0,0,1,0,0,0,0,0
2021-08-14 00:00:00,47717.27052766495,34320865037.164627,3323.19799054098,2069584977869.867,895084141168.7996,387650495386.42346,2069584977869.867,0.4324945101264072,0.1873083248726588,0.3801971650009339,76.0,0.0,0.0,0.0,0.0,1.0,5.181323173271246,August,0,0,0,0,0,0,0,1,0,0,0,0,0
2021-08-15 00:00:00,47088.85313451467,33294851810.64847,3268.5481770314927,2067008217601.196,886593539912.8141,383333523376.4307,2067008217601.196,0.4289259870198889,0.1854533136889494,0.3856206992911616,71.0,0.0,0.0,0.0,1.0,0.0,5.181323173271246,August,0,0,0,0,0,0,0,1,0,0,0,0,0
2021-08-16 00:00:00,47025.00323011282,32863850458.005253,3309.7549104132368,2082918894749.268,882888202377.7089,387075388591.617,2082918894749.268,0.4238706579518483,0.1858331544100815,0.3902961876380701,72.0,0.0,0.0,0.0,1.0,0.0,5.181323173271246,August,0,0,0,0,0,0,0,1,0,0,0,0,0
2021-08-17 00:00:00,46031.75754362583,34221605780.00136,3153.583683763619,2040882837799.8445,866391335029.3693,369733082268.3038,2040882837799.8445,0.4245179189038479,0.1811633061047694,0.3943187749913825,72.0,0.0,0.0,0.0,1.0,0.0,5.181323173271246,August,0,0,0,0,0,0,0,1,0,0,0,0,0
2021-08-18 00:00:00,44534.45485421991,34488116651.18446,3007.144027171272,1963342286765.0583,836777066605.9799,354390048289.1804,1963342286765.0583,0.4262002974451861,0.1805034459238885,0.3932962566309252,73.0,0.0,0.0,0.0,1.0,0.0,5.181323173271246,August,0,0,0,0,0,0,0,1,0,0,0,0,0
2021-08-19 00:00:00,45015.46554608543,34668999387.83819,3037.230251196439,1991750511997.046,847143004614.999,357527359807.9584,1991750511997.046,0.4253258626079648,0.1795040883154991,0.3951700490765361,70.0,0.0,0.0,0.0,1.0,0.0,5.181323173271246,August,0,0,0,0,0,0,0,1,0,0,0,0,0
2021-08-20 00:00:00,46745.03462296988,38434805722.95271,3144.8184367851927,2087236399807.1929,867650725472.864,360685430760.7975,2087236399807.1929,0.4156935580239079,0.172805260963308,0.411501181012784,70.0,0.0,0.0,0.0,1.0,0.0,5.181323173271246,August,0,0,0,0,0,0,0,1,0,0,0,0,0
2021-08-21 00:00:00,49195.87860189616,36497089236.87114,3276.9698366433354,2171169876409.4856,923013359587.472,383483277312.2806,2171169876409.4856,0.4251225892622832,0.1766251832613189,0.3982522274763979,78.0,0.0,0.0,0.0,0.0,1.0,5.181323173271246,August,0,0,0,0,0,0,0,1,0,0,0,0,0
2021-08-22 00:00:00,48933.68915131164,42147725293.165855,3224.0004601521537,2154987783364.316,920750216465.3846,378500212583.4824,2154987783364.316,0.4272647035742964,0.1756391453841918,0.3970961510415117,76.0,0.0,0.0,0.0,0.0,1.0,5.181323173271246,August,0,0,0,0,0,0,0,1,0,0,0,0,0
2021-08-23 00:00:00,49250.54486971799,27110183703.24463,3243.4863583537394,2173750901417.2207,925630106451.4792,380718215752.5816,2173750901417.2207,0.4258216090206086,0.1751434423808011,0.3990349485985902,79.0,0.0,0.0,0.0,0.0,1.0,5.181323173271246,August,0,0,0,0,0,0,0,1,0,0,0,0,0
2021-08-24 00:00:00,49518.57748790696,35800255386.41374,3320.4091697810586,2218073728756.8936,930729196214.2946,389578100858.59686,2218073728756.8936,0.4196114782604256,0.1756380303358687,0.4047504914037055,79.0,0.0,0.0,0.0,0.0,1.0,5.181323173271246,August,0,0,0,0,0,0,0,1,0,0,0,0,0
2021-08-25 00:00:00,47940.6079149608,38387146174.87064,3177.6637963046905,2128106001229.3767,902489541307.5308,373455291323.226,2128106001229.3767,0.4240811034723717,0.1754871661033266,0.4004317304243016,73.0,0.0,0.0,0.0,1.0,0.0,5.181323173271246,August,0,0,0,0,0,0,0,1,0,0,0,0,0
2021-08-26 00:00:00,49002.70376627545,33517327123.55537,3231.4414517288,2173444863294.584,921328247353.5627,378980836224.5277,2173444863294.584,0.4239022866018239,0.174368737217495,0.401728976180681,75.0,0.0,0.0,0.0,1.0,0.0,5.181323173271246,August,0,0,0,0,0,0,0,1,0,0,0,0,0
2021-08-27 00:00:00,47229.070650876114,33774857002.92822,3122.971797237849,2090425409052.892,887832142450.1957,367860898491.3749,2090425409052.892,0.4247136198236536,0.1759741806133333,0.399312199563013,71.0,0.0,0.0,0.0,1.0,0.0,5.181323173271246,August,0,0,0,0,0,0,0,1,0,0,0,0,0
2021-08-28 00:00:00,49083.10330586219,34607868773.39842,3267.539434750998,2190195265292.65,922969799298.94,383644799228.1656,2190195265292.65,0.4214098230988616,0.1751646555481452,0.4034255213529931,78.0,0.0,0.0,0.0,0.0,1.0,5.181323173271246,August,0,0,0,0,0,0,0,1,0,0,0,0,0
2021-08-29 00:00:00,48936.53725414221,28491785397.36584,3245.430222387629,2182233904454.4536,920017911098.7556,380750077080.9469,2182233904454.4536,0.4215945454888141,0.1744772071883523,0.4039282473228335,72.0,0.0,0.0,0.0,1.0,0.0,5.181323173271246,August,0,0,0,0,0,0,0,1,0,0,0,0,0
2021-08-30 00:00:00,48907.27073106221,26244843557.50788,3233.383151693551,2176063009718.653,919515378468.8468,378786220548.7996,2176063009718.653,0.4225591696389952,0.1740695094108389,0.4033713209501658,73.0,0.0,0.0,0.0,1.0,0.0,5.181323173271246,August,0,0,0,0,0,0,0,1,0,0,0,0,0
2021-08-31 00:00:00,47124.25422469402,32326073271.91957,3232.7338632854617,2122376154308.0496,885729258052.6316,378977088509.6317,2122376154308.0496,0.4173290659409065,0.1785626396811776,0.4041082943779158,73.0,0.0,0.0,0.0,1.0,0.0,5.181323173271246,August,0,0,0,0,0,0,0,1,0,0,0,0,0
2021-09-01 00:00:00,47335.42029920565,34868965959.24512,3440.5623358869034,2177855554660.6536,890014982634.8986,403657783560.1046,2177855554660.6536,0.4086657541315121,0.1853464444399304,0.4059878014285574,71.0,0.0,0.0,0.0,1.0,0.0,5.363523425270289,September,0,0,0,0,0,0,0,0,1,0,0,0,0
2021-09-02 00:00:00,48823.05520964915,39060601275.21267,3790.613996221556,2284215614490.9614,918058330851.4828,444243407062.371,2284215614490.9614,0.4019140421890831,0.1944840076585199,0.4036019501523968,74.0,0.0,0.0,0.0,1.0,0.0,5.363523425270289,September,0,0,0,0,0,0,0,0,1,0,0,0,0
2021-09-03 00:00:00,49338.78465183332,39362789535.46043,3793.3007433464186,2305273424038.125,927323146557.212,444936758974.6008,2305273424038.125,0.4022616739895561,0.1930082368256384,0.4047300891848054,74.0,0.0,0.0,0.0,1.0,0.0,5.363523425270289,September,0,0,0,0,0,0,0,0,1,0,0,0,0
2021-09-04 00:00:00,49934.5282762881,42934455726.28852,3936.1633916244464,2356803003182.5776,937295558515.289,462019852288.094,2356803003182.5776,0.3976978802426781,0.1960366868440816,0.4062654329132402,72.0,0.0,0.0,0.0,1.0,0.0,5.363523425270289,September,0,0,0,0,0,0,0,0,1,0,0,0,0
2021-09-05 00:00:00,50013.02994694588,36985805206.72937,3894.937511605067,2360124154262.924,940538655659.8083,456929768632.2518,2360124154262.924,0.3985123638351738,0.1936041236673639,0.4078835124974622,73.0,0.0,0.0,0.0,1.0,0.0,5.363523425270289,September,0,0,0,0,0,0,0,0,1,0,0,0,0
2021-09-06 00:00:00,51696.206431317885,31765191430.17128,3950.270344526561,2430595386008.49,971284117138.44,463973074693.0737,2430595386008.49,0.3996074882432313,0.1908886511362171,0.4095038606205516,79.0,0.0,0.0,0.0,0.0,1.0,5.363523425270289,September,0,0,0,0,0,0,0,0,1,0,0,0,0
2021-09-07 00:00:00,52739.80016634552,37532574716.902405,3943.256785301908,2467449811043.712,992868819862.2306,463012228435.44434,2467449811043.712,0.4023866323109749,0.1876480836056372,0.4099652840833879,79.0,0.0,0.0,0.0,0.0,1.0,5.363523425270289,September,0,0,0,0,0,0,0,0,1,0,0,0,0
2021-09-08 00:00:00,46995.16417095979,64010507329.271904,3440.341756836568,2178023416867.328,881943904968.6511,404516339491.4938,2178023416867.328,0.4049285687833235,0.1857263500285564,0.4093450811881201,47.0,0.0,0.0,1.0,0.0,0.0,5.363523425270289,September,0,0,0,0,0,0,0,0,1,0,0,0,0
2021-09-09 00:00:00,46085.02861578186,48151104381.08485,3496.859022996073,2183285697116.535,866885887154.3109,413866162089.4392,2183285697116.535,0.3970556342210307,0.1895611566713564,0.4133832091076128,45.0,0.0,1.0,0.0,0.0,0.0,5.363523425270289,September,0,0,0,0,0,0,0,0,1,0,0,0,0
2021-09-10 00:00:00,46518.94118660236,38581092903.84418,3435.97993265133,2202322596433.751,876179332243.7437,403936419964.8866,2202322596433.751,0.3978433194403726,0.1834138289363175,0.4187428516233098,46.0,0.0,1.0,0.0,0.0,0.0,5.363523425270289,September,0,0,0,0,0,0,0,0,1,0,0,0,0
2021-09-11 00:00:00,44802.60640249699,38051987740.15768,3209.915696090501,2114309322365.7844,842222636395.4677,376789025177.2447,2114309322365.7844,0.3983440963373663,0.1782090355424629,0.4234468681201707,31.0,0.0,1.0,0.0,0.0,0.0,5.363523425270289,September,0,0,0,0,0,0,0,0,1,0,0,0,0
2021-09-12 00:00:00,45196.488277558245,34160277726.441067,3268.1041621348804,2146723166946.479,849828231595.6722,383321475836.21576,2146723166946.479,0.3958722972205478,0.1785612051606338,0.4255664976188184,32.0,0.0,1.0,0.0,0.0,0.0,5.363523425270289,September,0,0,0,0,0,0,0,0,1,0,0,0,0
2021-09-13 00:00:00,46195.21830082935,27585855039.22065,3417.839366766938,2213460447957.1304,869122611514.091,402834673220.724,2213460447957.1304,0.3926533281027138,0.181993165313847,0.4253535065834391,44.0,0.0,1.0,0.0,0.0,0.0,5.363523425270289,September,0,0,0,0,0,0,0,0,1,0,0,0,0
2021-09-14 00:00:00,45139.83396873267,40683028027.85497,3301.186776828727,2131427727246.276,848992511473.5618,387934440817.1596,2131427727246.276,0.3983210411597807,0.1820068472686879,0.4196721115715313,30.0,0.0,1.0,0.0,0.0,0.0,5.363523425270289,September,0,0,0,0,0,0,0,0,1,0,0,0,0
2021-09-15 00:00:00,47135.43199562694,38645575965.52751,3425.2508733748823,2214734670706.264,886524004596.6061,402557959131.822,2214734670706.264,0.4002845200025245,0.1817635152672482,0.4179519647302273,49.0,0.0,0.0,1.0,0.0,0.0,5.363523425270289,September,0,0,0,0,0,0,0,0,1,0,0,0,0
2021-09-16 00:00:00,48186.53275704722,30037816650.128475,3595.9625714292315,2276908883157.3564,906727769791.0696,421477522819.9356,2276908883157.3564,0.3982275164800286,0.1851095254349743,0.4166629580849971,53.0,0.0,0.0,1.0,0.0,0.0,5.363523425270289,September,0,0,0,0,0,0,0,0,1,0,0,0,0
2021-09-17 00:00:00,47879.47343992101,31578783374.768665,3573.3075160249905,2257744229875.455,900990520811.9348,419510540250.7301,2257744229875.455,0.399066691828789,0.1858095946828626,0.4151237134883483,48.0,0.0,0.0,1.0,0.0,0.0,5.363523425270289,September,0,0,0,0,0,0,0,0,1,0,0,0,0
2021-09-18 00:00:00,47228.65821623257,27731209179.052345,3412.177182421673,2205875877604.2227,892585184977.8329,401297385415.4547,2205875877604.2227,0.4046398050044682,0.1819220154178844,0.4134381795776474,50.0,0.0,0.0,1.0,0.0,0.0,5.363523425270289,September,0,0,0,0,0,0,0,0,1,0,0,0,0
2021-09-19 00:00:00,48266.62707279063,27630476157.8273,3427.58426153173,2243659349065.644,907957032341.1344,403306688199.6298,2243659349065.644,0.4046768653714062,0.1797539757394918,0.415569158889102,53.0,0.0,0.0,1.0,0.0,0.0,5.363523425270289,September,0,0,0,0,0,0,0,0,1,0,0,0,0
2021-09-20 00:00:00,47371.03933236471,26163167368.59442,3335.884886514119,2194191366150.3623,891560241243.0585,392513622186.47833,2194191366150.3623,0.4063274767174351,0.1788875976096518,0.4147849256729129,50.0,0.0,0.0,1.0,0.0,0.0,5.363523425270289,September,0,0,0,0,0,0,0,0,1,0,0,0,0
2021-09-21 00:00:00,42932.94659595412,41220025453.5186,2977.3226793404747,1963324648956.872,805826302811.3501,348966852277.93604,1963324648956.872,0.4104396607252352,0.1777428162292693,0.4118175230454954,27.0,0.0,1.0,0.0,0.0,0.0,5.363523425270289,September,0,0,0,0,0,0,0,0,1,0,0,0,0
2021-09-22 00:00:00,40386.62363528928,45940419565.082825,2744.1109995297,1851104619461.337,760802031650.6051,322261202754.7664,1851104619461.337,0.4109989374193205,0.1740912962815375,0.414909766299142,21.0,1.0,0.0,0.0,0.0,0.0,5.363523425270289,September,0,0,0,0,0,0,0,0,1,0,0,0,0
2021-09-23 00:00:00,43587.22305058473,36624234960.05299,3074.119761245824,2038731006144.3413,820460824050.9529,359840797180.9415,2038731006144.3413,0.4024370167414153,0.176502341945284,0.4210606413133007,27.0,0.0,1.0,0.0,0.0,0.0,5.363523425270289,September,0,0,0,0,0,0,0,0,1,0,0,0,0
2021-09-24 00:00:00,44980.898214810935,33594750549.99859,3159.269865581771,2101111235271.389,846615719473.8734,371681653192.37537,2101111235271.389,0.4029371245375882,0.176897656322497,0.4201652191399148,33.0,0.0,1.0,0.0,0.0,0.0,5.363523425270289,September,0,0,0,0,0,0,0,0,1,0,0,0,0
2021-09-25 00:00:00,42752.1681545072,42973070342.65028,2930.7427060738946,2003568364157.925,809772498812.6799,349627373001.0197,2003568364157.925,0.4041651451973376,0.1745023425481983,0.421332512254464,28.0,0.0,1.0,0.0,0.0,0.0,5.363523425270289,September,0,0,0,0,0,0,0,0,1,0,0,0,0
2021-09-26 00:00:00,42856.85516422452,30898116660.05655,2946.9708461401983,1986671912746.208,808279417023.3408,347010586155.9232,1986671912746.208,0.4068509812000329,0.174669296892734,0.418479721907233,27.0,0.0,1.0,0.0,0.0,0.0,5.363523425270289,September,0,0,0,0,0,0,0,0,1,0,0,0,0
2021-09-27 00:00:00,43336.86123324274,30462815705.283737,3063.31634471348,2002422738603.868,825341135635.7169,359680654321.7558,2002422738603.868,0.4121712761867468,0.1796227376905103,0.4082059861227428,26.0,0.0,1.0,0.0,0.0,0.0,5.363523425270289,September,0,0,0,0,0,0,0,0,1,0,0,0,0
2021-09-28 00:00:00,42247.35572900636,30483144439.45263,2939.742282853775,1956646300611.8125,794889951096.439,346015184170.8788,1956646300611.8125,0.406251222230553,0.1768409467069675,0.4169078310624794,25.0,1.0,0.0,0.0,0.0,0.0,5.363523425270289,September,0,0,0,0,0,0,0,0,1,0,0,0,0
2021-09-29 00:00:00,41010.37519836549,29691944223.292786,2798.984417260104,1891742856250.849,775534111089.4891,330646942649.06793,1891742856250.849,0.4099574678064235,0.1747842956332662,0.4152582365603102,24.0,1.0,0.0,0.0,0.0,0.0,5.363523425270289,September,0,0,0,0,0,0,0,0,1,0,0,0,0
2021-09-30 00:00:00,41587.66786232295,30068690311.96594,2855.611730526516,1923510726765.9248,782626384092.2843,335476370747.3378,1923510726765.9248,0.4068739379520618,0.1744083701115551,0.418717691936383,20.0,1.0,0.0,0.0,0.0,0.0,5.363523425270289,September,0,0,0,0,0,0,0,0,1,0,0,0,0
2021-10-01 00:00:00,43859.32614724109,30859918334.565014,3013.493232032077,2007964177941.0784,827840965059.6127,355017980604.5097,2007964177941.0784,0.41227875185924,0.17680493731145,0.4109163108293099,27.0,0.0,1.0,0.0,0.0,0.0,6.226591220771449,October,0,0,0,0,0,0,0,0,0,1,0,0,0
2021-10-02 00:00:00,48181.87627260008,42089383189.81192,3305.107041443724,2188486687980.3057,906929641888.8243,388950236002.1381,2188486687980.3057,0.4144094852712149,0.1777256577060058,0.4078648570227793,54.0,0.0,0.0,1.0,0.0,0.0,6.226591220771449,October,0,0,0,0,0,0,0,0,0,1,0,0,0
2021-10-03 00:00:00,47777.762019063,29742127387.956062,3393.9242492696653,2205964920078.661,900582483713.1118,399455864987.66345,2205964920078.661,0.408248778353646,0.1810798808955763,0.4106713407507776,49.0,0.0,0.0,1.0,0.0,0.0,6.226591220771449,October,0,0,0,0,0,0,0,0,0,1,0,0,0
2021-10-04 00:00:00,48282.97113857447,26034594561.96341,3426.387080851377,2229228752057.795,910331395887.4816,403971441903.5559,2229228752057.795,0.4083615892030628,0.1812157866395052,0.410422624157432,54.0,0.0,0.0,1.0,0.0,0.0,6.226591220771449,October,0,0,0,0,0,0,0,0,0,1,0,0,0
2021-10-05 00:00:00,49260.23232113069,32691763060.319107,3390.310407759615,2240218315410.729,927812140868.0522,400955543856.1877,2240218315410.729,0.4141614834971761,0.1789805668036756,0.4068579496991483,59.0,0.0,0.0,0.0,1.0,0.0,6.226591220771449,October,0,0,0,0,0,0,0,0,0,1,0,0,0
2021-10-06 00:00:00,51668.99422435564,35480330025.02791,3520.3422566393974,2319372463309.179,973040988102.9114,415494260964.53455,2319372463309.179,0.4195276970369041,0.1791408096531962,0.4013314933098996,68.0,0.0,0.0,0.0,1.0,0.0,6.226591220771449,October,0,0,0,0,0,0,0,0,0,1,0,0,0
2021-10-07 00:00:00,55415.00574202895,48462388015.80152,3592.1761295000256,2397527745301.024,1044675252844.3665,423560000564.3804,2397527745301.024,0.4357302037033157,0.1766653175941452,0.387604478702539,76.0,0.0,0.0,0.0,0.0,1.0,6.226591220771449,October,0,0,0,0,0,0,0,0,0,1,0,0,0
2021-10-08 00:00:00,53894.59599452107,36549815857.28183,3594.918357967647,2374003007734.6294,1015246512238.866,423610266229.8694,2374003007734.6294,0.4276517379848038,0.1784371228046992,0.3939111392104969,74.0,0.0,0.0,0.0,1.0,0.0,6.226591220771449,October,0,0,0,0,0,0,0,0,0,1,0,0,0
2021-10-09 00:00:00,54010.93747374405,33935485256.826164,3558.549577083409,2373790516357.4453,1016650501581.1074,419918377734.5956,2373790516357.4453,0.4282814741130342,0.1768978243197953,0.3948207015671704,72.0,0.0,0.0,0.0,1.0,0.0,6.226591220771449,October,0,0,0,0,0,0,0,0,0,1,0,0,0
2021-10-10 00:00:00,55125.46033768045,31927344846.44677,3588.0809215501645,2416519478260.0703,1038524699061.4408,421836191767.0316,2416519478260.0703,0.4297605330329031,0.1745635388259977,0.3956759281410992,71.0,0.0,0.0,0.0,1.0,0.0,6.226591220771449,October,0,0,0,0,0,0,0,0,0,1,0,0,0
2021-10-11 00:00:00,54711.86959664297,38579271671.06987,3431.0193069150096,2355424325767.2124,1030788036761.6326,404765054558.1925,2355424325767.2124,0.4376230751653984,0.1718437948229781,0.3905331300116234,71.0,0.0,0.0,0.0,1.0,0.0,6.226591220771449,October,0,0,0,0,0,0,0,0,0,1,0,0,0
2021-10-12 00:00:00,57572.51085559653,41913482915.37917,3537.840087124068,2426897354858.932,1084736227837.6608,415159189478.8265,2426897354858.932,0.4469641971737668,0.1710658214067559,0.3819699814194772,78.0,0.0,0.0,0.0,0.0,1.0,6.226591220771449,October,0,0,0,0,0,0,0,0,0,1,0,0,0
2021-10-13 00:00:00,56335.035460511535,40021384610.698265,3498.10529212066,2401026677599.0234,1061829863954.132,412579624206.7684,2401026677599.0234,0.4422399275529665,0.1718346689172731,0.3859254035297604,70.0,0.0,0.0,0.0,1.0,0.0,6.226591220771449,October,0,0,0,0,0,0,0,0,0,1,0,0,0
2021-10-14 00:00:00,57487.9858804222,41216945749.34656,3605.650334298176,2466635067153.601,1083366079898.5511,425077639326.6074,2466635067153.601,0.4392080913487995,0.1723309803655431,0.3884609282856572,70.0,0.0,0.0,0.0,1.0,0.0,6.226591220771449,October,0,0,0,0,0,0,0,0,0,1,0,0,0
2021-10-15 00:00:00,57452.43178503547,35994603913.188385,3794.516888224821,2493376004676.009,1082900149762.5826,447060207235.15424,2493376004676.009,0.4343108090122554,0.179299153596068,0.3863900373916765,71.0,0.0,0.0,0.0,1.0,0.0,6.226591220771449,October,0,0,0,0,0,0,0,0,0,1,0,0,0
2021-10-16 00:00:00,61809.02394427028,53653355008.40819,3885.641764529699,2595796731320.491,1164782155730.3254,457796523350.2234,2595796731320.491,0.4487185539900871,0.1763606979801306,0.3749207480297823,78.0,0.0,0.0,0.0,0.0,1.0,6.226591220771449,October,0,0,0,0,0,0,0,0,0,1,0,0,0
2021-10-17 00:00:00,61165.63564211521,35385452268.77726,3854.498461449342,2586103637409.6523,1153847028824.7434,453064999520.12646,2586103637409.6523,0.4461719987295188,0.1751921280207992,0.3786358732496818,79.0,0.0,0.0,0.0,0.0,1.0,6.226591220771449,October,0,0,0,0,0,0,0,0,0,1,0,0,0
2021-10-18 00:00:00,61583.77443961336,29625957541.677635,3854.223686940845,2587001290539.468,1160650121141.9934,453191180361.09015,2587001290539.468,0.4486469045788387,0.175180113755021,0.3761729816661401,78.0,0.0,0.0,0.0,0.0,1.0,6.226591220771449,October,0,0,0,0,0,0,0,0,0,1,0,0,0
2021-10-19 00:00:00,62017.972725178704,39610183787.23528,3752.61872738495,2578021025117.087,1173944883529.633,443346920004.58325,2578021025117.087,0.4553666832396433,0.1719718015040034,0.3726615152563532,75.0,0.0,0.0,0.0,1.0,0.0,6.226591220771449,October,0,0,0,0,0,0,0,0,0,1,0,0,0
2021-10-20 00:00:00,64517.64856042277,42550624869.2941,3884.5872952429017,2645478525697.0464,1217582580302.557,457653555321.406,2645478525697.0464,0.4602504115892383,0.1729946211530183,0.3667549672577433,82.0,0.0,0.0,0.0,0.0,1.0,6.226591220771449,October,0,0,0,0,0,0,0,0,0,1,0,0,0
2021-10-21 00:00:00,66237.51755029388,40790757381.60165,4170.107932886265,2760895309620.2764,1250376460615.7495,491589810670.4509,2760895309620.2764,0.4528880382602127,0.178054491583769,0.3690574701560182,84.0,0.0,0.0,0.0,0.0,1.0,6.226591220771449,October,0,0,0,0,0,0,0,0,0,1,0,0,0
2021-10-22 00:00:00,62541.08693293518,48709960685.53348,4074.860157520288,2656657570895.183,1178926819140.818,481528471021.3797,2656657570895.183,0.4437631827513129,0.1812534954812127,0.3749833217674744,75.0,0.0,0.0,0.0,1.0,0.0,6.226591220771449,October,0,0,0,0,0,0,0,0,0,1,0,0,0
2021-10-23 00:00:00,61029.27093182092,40766460604.96904,3990.711976433473,2639283157788.9053,1151508584004.7793,471642481174.7119,2639283157788.9053,0.4362959618813583,0.1787009778707627,0.3850030602478789,74.0,0.0,0.0,0.0,1.0,0.0,6.226591220771449,October,0,0,0,0,0,0,0,0,0,1,0,0,0
2021-10-24 00:00:00,61572.14043422243,28505039147.788773,4179.44229816945,2686270799786.352,1161166467847.4336,493125402509.4343,2686270799786.352,0.4322596470690092,0.1835724836634691,0.3841678692675216,73.0,0.0,0.0,0.0,1.0,0.0,6.226591220771449,October,0,0,0,0,0,0,0,0,0,1,0,0,0
2021-10-25 00:00:00,61173.1663907232,29982535557.40278,4094.9389934187225,2658973132395.7373,1153315262663.0586,482164548780.28937,2658973132395.7373,0.4337446093800581,0.1813348705580408,0.3849205200619011,72.0,0.0,0.0,0.0,1.0,0.0,6.226591220771449,October,0,0,0,0,0,0,0,0,0,1,0,0,0
2021-10-26 00:00:00,63228.21382584213,30852852368.02752,4230.208371594039,2740413870449.7046,1192131994832.5864,499491060520.2567,2740413870449.7046,0.4350189610728238,0.1822684762715384,0.3827125626556378,76.0,0.0,0.0,0.0,0.0,1.0,6.226591220771449,October,0,0,0,0,0,0,0,0,0,1,0,0,0
2021-10-27 00:00:00,60604.18888794746,33233702858.09473,4152.570288731245,2691851020876.82,1143497865064.6724,489450382752.5416,2691851020876.82,0.4247998333474634,0.1818266980440516,0.393373468608485,73.0,0.0,0.0,0.0,1.0,0.0,6.226591220771449,October,0,0,0,0,0,0,0,0,0,1,0,0,0
2021-10-28 00:00:00,58641.00147419492,43976252157.06864,3944.090861781322,2573582479033.6763,1105754837660.925,466683206492.3765,2573582479033.6763,0.4296558772330902,0.1813360210113047,0.3890081017556051,66.0,0.0,0.0,0.0,1.0,0.0,6.226591220771449,October,0,0,0,0,0,0,0,0,0,1,0,0,0
2021-10-29 00:00:00,60767.55585206728,52318597556.794624,4288.09721878663,2702633048958.2056,1145912030969.1882,505970778337.4693,2702633048958.2056,0.4239983786962523,0.1872140128429598,0.3887876084607878,70.0,0.0,0.0,0.0,1.0,0.0,6.226591220771449,October,0,0,0,0,0,0,0,0,0,1,0,0,0
2021-10-30 00:00:00,62283.19805587354,38648967244.95182,4422.940535593754,2785475949264.6,1178047465292.3655,521746545883.6817,2785475949264.6,0.4229250177526697,0.1873096574470259,0.3897653248003042,73.0,0.0,0.0,0.0,1.0,0.0,6.226591220771449,October,0,0,0,0,0,0,0,0,0,1,0,0,0
2021-10-31 00:00:00,61837.257002978935,31810216329.529858,4324.609925711879,2748484384181.7,1166423768409.5984,511066583044.3288,2748484384181.7,0.4243879918411379,0.1859448741952694,0.3896671339635926,74.0,0.0,0.0,0.0,1.0,0.0,6.226591220771449,October,0,0,0,0,0,0,0,0,0,1,0,0,0
2021-11-01 00:00:00,61471.86846276259,32494948460.791386,4292.04047236198,2747585244841.387,1159841954948.4832,507889381626.9908,2747585244841.387,0.4221313814106752,0.184849362756099,0.3930192558332256,74.0,0.0,0.0,0.0,1.0,0.0,6.865559520296194,November,0,0,0,0,0,0,0,0,0,0,1,0,0
2021-11-02 00:00:00,61121.83120106507,35834742028.38199,4330.553151595248,2767946929113.899,1152831210803.7048,511441678721.3504,2767946929113.899,0.4164932494470766,0.1847729352546069,0.3987338152983165,73.0,0.0,0.0,0.0,1.0,0.0,6.865559520296194,November,0,0,0,0,0,0,0,0,0,0,1,0,0
2021-11-03 00:00:00,63247.20896127831,37335066460.15533,4596.59309058429,2868955551889.379,1186951581189.4705,539884557845.201,2868955551889.379,0.4137225410856546,0.1881815692437809,0.3980958896705644,76.0,0.0,0.0,0.0,0.0,1.0,6.865559520296194,November,0,0,0,0,0,0,0,0,0,0,1,0,0
2021-11-04 00:00:00,63130.94235171542,36561444796.93016,4607.699273078144,2886729266602.721,1187048124213.9268,543311992233.9774,2886729266602.721,0.4112086775670921,0.1882102345099303,0.4005810879229775,73.0,0.0,0.0,0.0,1.0,0.0,6.865559520296194,November,0,0,0,0,0,0,0,0,0,0,1,0,0
2021-11-05 00:00:00,61601.74357204975,33152275947.43255,4550.014435142697,2841040602866.566,1157101738112.7314,534623910067.6353,2841040602866.566,0.4072809578804448,0.1881789051265962,0.4045401369929589,73.0,0.0,0.0,0.0,1.0,0.0,6.865559520296194,November,0,0,0,0,0,0,0,0,0,0,1,0,0
2021-11-06 00:00:00,61247.38494217787,31182137447.96744,4494.80276090967,2843377465062.6875,1154530569293.3604,531116824617.7209,2843377465062.6875,0.4060419636433696,0.1867908257499014,0.4071672106067289,71.0,0.0,0.0,0.0,1.0,0.0,6.865559520296194,November,0,0,0,0,0,0,0,0,0,0,1,0,0
2021-11-07 00:00:00,61661.35866372036,31423601393.173405,4527.104154150622,2866948640033.1567,1162489871875.4807,534139628777.6332,2866948640033.1567,0.4054798386140731,0.1863094515608259,0.408210709825101,73.0,0.0,0.0,0.0,1.0,0.0,6.865559520296194,November,0,0,0,0,0,0,0,0,0,0,1,0,0
2021-11-08 00:00:00,63153.230193019495,24877902989.78437,4626.6292884486975,2939397182728.631,1191631271447.797,546469946549.3751,2939397182728.631,0.4053998821423685,0.185912250906524,0.4086878669511073,75.0,0.0,0.0,0.0,1.0,0.0,6.865559520296194,November,0,0,0,0,0,0,0,0,0,0,1,0,0
2021-11-09 00:00:00,67617.0155448617,105426313891.40912,4815.004634322234,3069114721078.277,1278797895528.3608,571665766496.0859,3069114721078.277,0.4166666976459839,0.186264059329539,0.397069243024477,84.0,0.0,0.0,0.0,0.0,1.0,6.865559520296194,November,0,0,0,0,0,0,0,0,0,0,1,0,0
2021-11-10 00:00:00,67145.37493537061,41207912437.79217,4742.08091060724,3047998518216.157,1268116896159.246,560964266378.8303,3047998518216.157,0.4160490527080085,0.1840434839539013,0.3999074633380901,75.0,0.0,0.0,0.0,1.0,0.0,6.865559520296194,November,0,0,0,0,0,0,0,0,0,0,1,0,0
2021-11-11 00:00:00,65061.05440696283,48648563669.37678,4641.528764849704,2944942309024.594,1221681091090.63,548699344220.5352,2944942309024.594,0.4148404154970586,0.1863192166919806,0.3988403678109607,77.0,0.0,0.0,0.0,0.0,1.0,6.865559520296194,November,0,0,0,0,0,0,0,0,0,0,1,0,0
2021-11-12 00:00:00,65005.64515956679,35457583783.213585,4732.924450349356,2986396290688.881,1228606858156.692,560226056358.6504,2986396290688.881,0.4114011465883804,0.1875926708405539,0.4010061825710656,74.0,0.0,0.0,0.0,1.0,0.0,6.865559520296194,November,0,0,0,0,0,0,0,0,0,0,1,0,0
2021-11-13 00:00:00,64432.04794734522,36872626217.74136,4685.10635551733,2953129520735.1406,1215930166022.9006,552938385233.9376,2953129520735.1406,0.4117429179740859,0.1872381083699611,0.4010189736559529,72.0,0.0,0.0,0.0,1.0,0.0,6.865559520296194,November,0,0,0,0,0,0,0,0,0,0,1,0,0
2021-11-14 00:00:00,64660.33535267343,29677693457.31651,4666.498498194288,2974159946256.154,1220299721850.586,551228905630.0963,2974159946256.154,0.4103006374578772,0.1853393615645918,0.4043600009775309,74.0,0.0,0.0,0.0,1.0,0.0,6.865559520296194,November,0,0,0,0,0,0,0,0,0,0,1,0,0
2021-11-15 00:00:00,65648.97779110243,26088449436.71712,4652.947394238871,3002134978265.344,1239021452560.904,546963335748.59625,3002134978265.344,0.4127134394459572,0.1821914536516395,0.4050951069024031,72.0,0.0,0.0,0.0,1.0,0.0,6.865559520296194,November,0,0,0,0,0,0,0,0,0,0,1,0,0
2021-11-16 00:00:00,63933.83544259933,32107212452.29841,4583.211418759011,2931805363294.7324,1206711952537.9358,541673876615.1028,2931805363294.7324,0.4115934733067837,0.1847577889708119,0.4036487377224044,71.0,0.0,0.0,0.0,1.0,0.0,6.865559520296194,November,0,0,0,0,0,0,0,0,0,0,1,0,0
2021-11-17 00:00:00,60448.56251258625,48978396010.96816,4243.352906802173,2755370013848.357,1141910823555.9597,501391963927.7868,2755370013848.357,0.4144310266195723,0.1819690137469069,0.4035999596335207,52.0,0.0,0.0,1.0,0.0,0.0,6.865559520296194,November,0,0,0,0,0,0,0,0,0,0,1,0,0
2021-11-18 00:00:00,60603.65586738653,39200729529.48786,4302.804958962834,2772713606520.764,1138136620641.4888,507387229348.5558,2772713606520.764,0.410477525686339,0.1829930174379717,0.4065294568756891,54.0,0.0,0.0,1.0,0.0,0.0,6.865559520296194,November,0,0,0,0,0,0,0,0,0,0,1,0,0
2021-11-19 00:00:00,56987.32233855049,41828523861.71753,3993.846595161859,2596193937102.131,1075758915731.0364,472465696561.2551,2596193937102.131,0.4143599984413327,0.181983976547076,0.4036560250115913,34.0,0.0,1.0,0.0,0.0,0.0,6.865559520296194,November,0,0,0,0,0,0,0,0,0,0,1,0,0
2021-11-20 00:00:00,58459.25551667463,37851259606.14217,4317.603195646166,2733665820498.4897,1103594176399.317,509116804761.8423,2733665820498.4897,0.4037048596518188,0.1862395911541974,0.4100555491939838,43.0,0.0,1.0,0.0,0.0,0.0,6.865559520296194,November,0,0,0,0,0,0,0,0,0,0,1,0,0
2021-11-21 00:00:00,60082.91166841709,29676550711.713173,4436.192766930451,2804706699285.9443,1134300362589.2896,524536655944.9339,2804706699285.9443,0.4044274443663123,0.1870201458421576,0.40855240979153,49.0,0.0,0.0,1.0,0.0,0.0,6.865559520296194,November,0,0,0,0,0,0,0,0,0,0,1,0,0
2021-11-22 00:00:00,59139.77927952717,25743426946.96193,4319.361566856902,2782137433632.171,1120610791475.7502,514388218179.7373,2782137433632.171,0.4027877192295121,0.1848895787682878,0.4123227020022,50.0,0.0,0.0,1.0,0.0,0.0,6.865559520296194,November,0,0,0,0,0,0,0,0,0,0,1,0,0
2021-11-23 00:00:00,56386.85685315215,34001467918.52828,4101.062876490145,2657912375021.572,1064619437494.1868,485391988431.9048,2657912375021.572,0.4005472292838646,0.1826215164177356,0.4168312542983997,33.0,0.0,1.0,0.0,0.0,0.0,6.865559520296194,November,0,0,0,0,0,0,0,0,0,0,1,0,0
2021-11-24 00:00:00,57748.79317378856,36421192856.53637,4355.420957796475,2745526554544.185,1090380950871.23,515843824526.3967,2745526554544.185,0.397148207897139,0.1878852068185651,0.4149665852842957,42.0,0.0,1.0,0.0,0.0,0.0,6.865559520296194,November,0,0,0,0,0,0,0,0,0,0,1,0,0
2021-11-25 00:00:00,57198.18384629529,31695369987.85105,4269.437219728043,2704493908263.685,1080039673037.4924,505609296276.3257,2704493908263.685,0.3993500113782433,0.1869515382273249,0.4136984503944317,32.0,0.0,1.0,0.0,0.0,0.0,6.865559520296194,November,0,0,0,0,0,0,0,0,0,0,1,0,0
2021-11-26 00:00:00,58897.84698299794,33721097081.419792,4515.843300142739,2802698118151.867,1112182356756.767,535082405000.054,2802698118151.867,0.3968255980027394,0.1909168888131604,0.4122575131841001,47.0,0.0,0.0,1.0,0.0,0.0,6.865559520296194,November,0,0,0,0,0,0,0,0,0,0,1,0,0
2021-11-27 00:00:00,53827.79286503472,41325811946.27098,4048.312844076173,2564548542411.5845,1016487054819.716,479414339295.46326,2564548542411.5845,0.3963610116983233,0.1869390777234592,0.4166999105782175,21.0,1.0,0.0,0.0,0.0,0.0,6.865559520296194,November,0,0,0,0,0,0,0,0,0,0,1,0,0
2021-11-28 00:00:00,54533.40388242691,28256851067.70268,4084.088485695956,2599590271847.462,1030781591912.818,483997326749.3893,2599590271847.462,0.3965169446415369,0.1861821580080867,0.4173008973503764,27.0,0.0,1.0,0.0,0.0,0.0,6.865559520296194,November,0,0,0,0,0,0,0,0,0,0,1,0,0
2021-11-29 00:00:00,57237.66113709043,27659464986.73885,4290.091862536401,2700079559542.111,1080980050980.763,508385171334.4435,2700079559542.111,0.400351184897707,0.1882852560909935,0.4113635590112994,33.0,0.0,1.0,0.0,0.0,0.0,6.865559520296194,November,0,0,0,0,0,0,0,0,0,0,1,0,0
2021-11-30 00:00:00,57848.77353712989,30985196646.76598,4444.528279821561,2753119950590.144,1092574224475.6908,527331112023.3339,2753119950590.144,0.3968494813462422,0.191539461224818,0.4116110574289397,40.0,0.0,1.0,0.0,0.0,0.0,6.865559520296194,November,0,0,0,0,0,0,0,0,0,0,1,0,0
2021-12-01 00:00:00,57011.28047424234,35723038603.83064,4637.121616831405,2764060485711.209,1076804436724.3243,549758919636.0618,2764060485711.209,0.3895733983720172,0.1988954013409028,0.4115312002870798,34.0,0.0,1.0,0.0,0.0,0.0,7.159457345112474,December,0,0,0,0,0,0,0,0,0,0,0,1,0
2021-12-02 00:00:00,57169.37199381056,49383073891.00049,4589.610617539151,2769274925737.002,1079838995016.5872,544051345075.8544,2769274925737.002,0.3899356416298045,0.1964598530899069,0.4136045052802885,32.0,0.0,1.0,0.0,0.0,0.0,7.159457345112474,December,0,0,0,0,0,0,0,0,0,0,0,1,0
2021-12-03 00:00:00,56508.26805402271,36296342256.75686,4519.441028028784,2740203856866.176,1067406204922.5636,537814995667.8384,2740203856866.176,0.3895353268144432,0.1962682427149447,0.4141964304706119,31.0,0.0,1.0,0.0,0.0,0.0,7.159457345112474,December,0,0,0,0,0,0,0,0,0,0,0,1,0
2021-12-04 00:00:00,53785.96717237922,39527112725.92275,4240.155516808957,2607848144127.4385,1016040747069.7008,502863051143.0169,2607848144127.4385,0.3896088617574236,0.1928268148110557,0.4175643234315207,25.0,1.0,0.0,0.0,0.0,0.0,7.159457345112474,December,0,0,0,0,0,0,0,0,0,0,0,1,0
2021-12-05 00:00:00,49161.99070957517,55941408415.03649,4101.656791810778,2427332738449.346,930097457941.656,485429065737.4593,2427332738449.346,0.3831767450785632,0.1999845583789085,0.4168386965425281,18.0,1.0,0.0,0.0,0.0,0.0,7.159457345112474,December,0,0,0,0,0,0,0,0,0,0,0,1,0
2021-12-06 00:00:00,49268.46989053938,32826574574.44167,4198.572874562462,2410315207944.959,932015145132.0604,497049834886.77576,2410315207944.959,0.386677701762791,0.2062177731976232,0.4071045250395858,16.0,1.0,0.0,0.0,0.0,0.0,7.159457345112474,December,0,0,0,0,0,0,0,0,0,0,0,1,0
2021-12-07 00:00:00,50461.57683653979,36126018721.82655,4347.615630598069,2479806127034.448,953396710269.5476,515778007028.56696,2479806127034.448,0.3844642126962144,0.2079912624642862,0.4075445248394994,25.0,1.0,0.0,0.0,0.0,0.0,7.159457345112474,December,0,0,0,0,0,0,0,0,0,0,0,1,0
2021-12-08 00:00:00,50647.66340635755,30083305919.5604,4310.566646424531,2479874033106.093,956961313925.818,511409310852.7245,2479874033106.093,0.38589109815679,0.2062239065474523,0.4078849952957577,28.0,0.0,1.0,0.0,0.0,0.0,7.159457345112474,December,0,0,0,0,0,0,0,0,0,0,0,1,0
2021-12-09 00:00:00,50530.4580645934,26590164539.05959,4431.540647139759,2514801133114.036,954800139986.473,525850414062.19104,2514801133114.036,0.3796722243417156,0.2091021859096426,0.4112255897486417,29.0,0.0,1.0,0.0,0.0,0.0,7.159457345112474,December,0,0,0,0,0,0,0,0,0,0,0,1,0
2021-12-10 00:00:00,47885.87198941706,27269362515.24688,4153.333310724186,2375171704660.67,904878061656.8508,494841071220.9352,2375171704660.67,0.380973745974347,0.2083390730236199,0.410687181002033,24.0,1.0,0.0,0.0,0.0,0.0,7.159457345112474,December,0,0,0,0,0,0,0,0,0,0,0,1,0
2021-12-11 00:00:00,47303.56415217411,29611257204.740986,3918.200743402953,2304424349391.003,893919955029.865,467266449092.3229,2304424349391.003,0.3879146456971364,0.2027692726019879,0.4093160817008757,16.0,1.0,0.0,0.0,0.0,0.0,7.159457345112474,December,0,0,0,0,0,0,0,0,0,0,0,1,0
2021-12-12 00:00:00,49242.30232407148,24619129766.774235,4079.814930569866,2387164217246.578,930603779263.9766,484278596802.5053,2387164217246.578,0.3898365150334571,0.2028677345713089,0.407295750395234,27.0,0.0,1.0,0.0,0.0,0.0,7.159457345112474,December,0,0,0,0,0,0,0,0,0,0,0,1,0
2021-12-13 00:00:00,50051.078348674855,19871029748.355583,4135.841510137412,2421518719259.424,945932497231.4796,490316653455.3707,2421518719259.424,0.3906360457625433,0.2024831150614953,0.4068808391759614,28.0,0.0,1.0,0.0,0.0,0.0,7.159457345112474,December,0,0,0,0,0,0,0,0,0,0,0,1,0
2021-12-14 00:00:00,46696.30469946678,29628245402.12413,3782.895262234714,2239457794596.728,882570058436.5184,449137302105.9432,2239457794596.728,0.3940998846086527,0.2005562699996415,0.4053438453917057,21.0,1.0,0.0,0.0,0.0,0.0,7.159457345112474,December,0,0,0,0,0,0,0,0,0,0,0,1,0
2021-12-15 00:00:00,48410.564656309325,30152105689.95273,3858.1644681806974,2308727536079.2104,915015634616.989,457658155854.8058,2308727536079.2104,0.3963289822284147,0.1982296086059693,0.4054414091656161,28.0,0.0,1.0,0.0,0.0,0.0,7.159457345112474,December,0,0,0,0,0,0,0,0,0,0,0,1,0
2021-12-16 00:00:00,48936.86258244155,33782603071.20872,4015.72254331389,2371086501555.098,925006387197.2256,476630620294.2814,2371086501555.098,0.3901192076250916,0.2010178118688116,0.4088629805060967,29.0,0.0,1.0,0.0,0.0,0.0,7.159457345112474,December,0,0,0,0,0,0,0,0,0,0,0,1,0
2021-12-17 00:00:00,47694.53050225176,24699414443.565502,3971.5597663421136,2328229067216.41,901558072618.6224,471365651341.3005,2328229067216.41,0.3872291113075525,0.2024567333079717,0.4103141553844757,23.0,1.0,0.0,0.0,0.0,0.0,7.159457345112474,December,0,0,0,0,0,0,0,0,0,0,0,1,0
2021-12-18 00:00:00,46328.6963654447,30617760444.44956,3886.7473617182886,2280117347033.899,875783175210.4042,462267569583.3989,2280117347033.899,0.3840956590895072,0.2027384994832576,0.4131658414272351,24.0,1.0,0.0,0.0,0.0,0.0,7.159457345112474,December,0,0,0,0,0,0,0,0,0,0,0,1,0
2021-12-19 00:00:00,46970.057050727024,23305069269.64378,3966.425351670551,2325279489547.2715,887944269264.0427,471195598700.436,2325279489547.2715,0.3818656093839817,0.2026404141173485,0.4154939764986698,29.0,0.0,1.0,0.0,0.0,0.0,7.159457345112474,December,0,0,0,0,0,0,0,0,0,0,0,1,0
2021-12-20 00:00:00,46807.04861642627,23002876885.701263,3928.8417238716206,2311688418083.905,884905649263.6449,467396185408.5245,2311688418083.905,0.3827962463890869,0.2021882282024566,0.4150155254084565,25.0,1.0,0.0,0.0,0.0,0.0,7.159457345112474,December,0,0,0,0,0,0,0,0,0,0,0,1,0
2021-12-21 00:00:00,47117.008204210455,29356191956.18185,3950.482391986096,2320635200378.404,890808857615.3627,471319155562.1543,2320635200378.404,0.3838642357360204,0.2030992012382216,0.4130365630257578,27.0,0.0,1.0,0.0,0.0,0.0,7.159457345112474,December,0,0,0,0,0,0,0,0,0,0,0,1,0
2021-12-22 00:00:00,49145.21725849885,25764127608.31085,4036.549717813428,2395590976698.9,929203956014.2224,480570348192.474,2395590976698.9,0.3878808882869712,0.2006061772927092,0.4115129344203194,45.0,0.0,1.0,0.0,0.0,0.0,7.159457345112474,December,0,0,0,0,0,0,0,0,0,0,0,1,0
2021-12-23 00:00:00,48755.89564404483,21887790445.92829,3992.594576637316,2399351537964.508,921888029984.8672,475334762859.672,2399351537964.508,0.3842238268957252,0.1981096789438877,0.417666494160387,34.0,0.0,1.0,0.0,0.0,0.0,7.159457345112474,December,0,0,0,0,0,0,0,0,0,0,0,1,0
2021-12-24 00:00:00,50900.61494951601,26419703744.656948,4113.529931874606,2506557320241.176,960809259355.0854,488290658809.1535,2506557320241.176,0.3833182874360273,0.1948053032205029,0.4218764093434697,41.0,0.0,1.0,0.0,0.0,0.0,7.159457345112474,December,0,0,0,0,0,0,0,0,0,0,0,1,0
2021-12-25 00:00:00,50888.72103678683,22535489970.197155,4055.117366931324,2485787757449.736,962312381228.0948,482498690510.26416,2485787757449.736,0.3871257223566696,0.1941029313803033,0.418771346263027,39.0,0.0,1.0,0.0,0.0,0.0,7.159457345112474,December,0,0,0,0,0,0,0,0,0,0,0,1,0
2021-12-26 00:00:00,50663.48710213215,17235296605.82555,4110.571870853741,2502102752818.639,958099737762.7762,488792890035.2106,2502102752818.639,0.3829178224928888,0.1953528445163098,0.4217293329908013,37.0,0.0,1.0,0.0,0.0,0.0,7.159457345112474,December,0,0,0,0,0,0,0,0,0,0,0,1,0
2021-12-27 00:00:00,50852.860259540656,19632044502.131416,4075.03161894955,2518761038457.3447,961723851972.3853,484795501758.7465,2518761038457.3447,0.3818241735871094,0.1924737973776453,0.4257020290352451,40.0,0.0,1.0,0.0,0.0,0.0,7.159457345112474,December,0,0,0,0,0,0,0,0,0,0,0,1,0
2021-12-28 00:00:00,50774.067814743,22793878136.833546,4045.051350119327,2518093236118.528,960280703699.892,481030381194.1921,2518093236118.528,0.3813523224342957,0.1910296149064234,0.4276180626592808,41.0,0.0,1.0,0.0,0.0,0.0,7.159457345112474,December,0,0,0,0,0,0,0,0,0,0,0,1,0
2021-12-29 00:00:00,47725.14804631933,29538983233.48695,3807.3603674992,2368531971478.189,902655839568.4548,453976220406.2239,2368531971478.189,0.3811035064918764,0.1916698722554712,0.4272266212526523,27.0,0.0,1.0,0.0,0.0,0.0,7.159457345112474,December,0,0,0,0,0,0,0,0,0,0,0,1,0
2021-12-30 00:00:00,46506.99464767938,26348739119.378136,3644.405516878227,2299581960911.4907,874314106559.5542,432082393736.3374,2299581960911.4907,0.3802056727793256,0.1878960615802847,0.4318982656403897,22.0,1.0,0.0,0.0,0.0,0.0,7.159457345112474,December,0,0,0,0,0,0,0,0,0,0,0,1,0
2021-12-31 00:00:00,47191.86838983951,23753871435.216618,3714.945456115339,2334049999579.327,892648631305.5416,441654436877.796,2334049999579.327,0.3824462335710145,0.1892223546870875,0.4283314117418979,28.0,0.0,1.0,0.0,0.0,0.0,7.159457345112474,December,0,0,0,0,0,0,0,0,0,0,0,1,0
2022-01-01 00:00:00,46319.65108805251,25895349604.886154,3686.4025423019352,2310406051486.6807,876192941903.0961,439790867552.76666,2310406051486.6807,0.3792376415129673,0.1903521968659031,0.4304101616211295,21.0,1.0,0.0,0.0,0.0,0.0,7.578082463000535,January,1,0,0,0,0,0,0,0,0,0,0,0,0
2022-01-02 00:00:00,47816.07767640849,18904585811.03402,3780.315874327848,2385349571567.9634,904551946917.3206,449804685410.7303,2385349571567.9634,0.3792114823332711,0.1885697135431013,0.4322188041236276,29.0,0.0,1.0,0.0,0.0,0.0,7.578082463000535,January,1,0,0,0,0,0,0,0,0,0,0,0,0
2022-01-03 00:00:00,47387.212167697246,33756128241.98571,3835.395991493957,2387734097121.4736,897536090320.9355,456852400304.9327,2387734097121.4736,0.3758944898441404,0.1913330302799167,0.4327724798759428,29.0,0.0,1.0,0.0,0.0,0.0,7.578082463000535,January,1,0,0,0,0,0,0,0,0,0,0,0,0
2022-01-04 00:00:00,46531.140860530526,21890019531.57772,3769.404940114872,2352626039695.543,880330191985.1965,448609586227.4765,2352626039695.543,0.3741904480914108,0.1906846131336418,0.4351249387749473,23.0,1.0,0.0,0.0,0.0,0.0,7.578082463000535,January,1,0,0,0,0,0,0,0,0,0,0,0,0
2022-01-05 00:00:00,45938.02427172366,24895990583.66324,3794.908130100449,2348377701243.8,876242689666.1957,454574318762.6068,2348377701243.8,0.3731268139712366,0.1935695090793295,0.4333036769494337,24.0,1.0,0.0,0.0,0.0,0.0,7.578082463000535,January,1,0,0,0,0,0,0,0,0,0,0,0,0
2022-01-06 00:00:00,43647.14750806805,31837641246.01787,3556.9062274078738,2213515197820.032,827723202715.1049,424088794962.4891,2213515197820.032,0.3739406006926373,0.1915906407058557,0.4344687586015069,15.0,1.0,0.0,0.0,0.0,0.0,7.578082463000535,January,1,0,0,0,0,0,0,0,0,0,0,0,0
2022-01-07 00:00:00,43216.45867693359,26366602396.811768,3416.826008615913,2190192707808.4744,819522879407.0583,407652437129.1328,2190192707808.4744,0.3741784348405944,0.1861262872786355,0.43969527788077,18.0,1.0,0.0,0.0,0.0,0.0,7.578082463000535,January,1,0,0,0,0,0,0,0,0,0,0,0,0
2022-01-08 00:00:00,41527.197042644846,79685254648.07628,3201.79457434796,2082371705129.0945,787735561341.1113,381283293110.7904,2082371705129.0945,0.3782876800529118,0.1831004965019697,0.4386118234451185,10.0,1.0,0.0,0.0,0.0,0.0,7.578082463000535,January,1,0,0,0,0,0,0,0,0,0,0,0,0
2022-01-09 00:00:00,41756.66232397826,23337017232.770664,3101.04090161414,2056427560361.3704,792892599975.9554,369734313550.987,2056427560361.3704,0.3855679700366506,0.1797944749806867,0.4346375549826626,23.0,1.0,0.0,0.0,0.0,0.0,7.578082463000535,January,1,0,0,0,0,0,0,0,0,0,0,0,0
2022-01-10 00:00:00,41862.3609856517,18016718173.60861,3156.967262159481,2078980323360.8965,791648558214.5575,375219467789.3698,2078980323360.8965,0.3807869412322152,0.1804824526587086,0.4387306061090761,23.0,1.0,0.0,0.0,0.0,0.0,7.578082463000535,January,1,0,0,0,0,0,0,0,0,0,0,0,0
2022-01-11 00:00:00,41869.85905559219,27984634062.049946,3086.7290024387257,2048217284880.2244,792407724467.5966,367654760059.0176,2048217284880.2244,0.3868767880815609,0.1794998815667729,0.4336233303516661,21.0,1.0,0.0,0.0,0.0,0.0,7.578082463000535,January,1,0,0,0,0,0,0,0,0,0,0,0,0
2022-01-12 00:00:00,42777.21102048236,22813557397.82151,3246.413723028553,2122791342007.028,809621515508.4065,387505881839.83,2122791342007.028,0.3813947699367082,0.1825454410763971,0.4360597889868947,22.0,1.0,0.0,0.0,0.0,0.0,7.578082463000535,January,1,0,0,0,0,0,0,0,0,0,0,0,0
2022-01-13 00:00:00,43981.87732717414,28250302540.221024,3378.0358951715943,2209430924871.236,832460077955.3481,402763358249.81146,2209430924871.236,0.3767757880929739,0.1822928038690706,0.4409314080379555,21.0,1.0,0.0,0.0,0.0,0.0,7.578082463000535,January,1,0,0,0,0,0,0,0,0,0,0,0,0
2022-01-14 00:00:00,42608.41001195019,43905745871.29279,3256.7588661330324,2142903617259.004,806510860231.8285,388039946028.0792,2142903617259.004,0.3763635721813003,0.1810813808436343,0.4425550469750653,21.0,1.0,0.0,0.0,0.0,0.0,7.578082463000535,January,1,0,0,0,0,0,0,0,0,0,0,0,0
2022-01-15 00:00:00,43120.85451108056,20238314434.86153,3311.986061274383,2178767599703.848,816129314317.4397,394664610644.9952,2178767599703.848,0.3745830048273038,0.1811412151982802,0.444275779974416,23.0,1.0,0.0,0.0,0.0,0.0,7.578082463000535,January,1,0,0,0,0,0,0,0,0,0,0,0,0
2022-01-16 00:00:00,43226.65026980921,14651008624.734596,3331.246655159985,2191598240236.9023,816800318526.6782,396899234936.6389,2191598240236.9023,0.3726961919983955,0.1811003621237329,0.4462034458778715,21.0,1.0,0.0,0.0,0.0,0.0,7.578082463000535,January,1,0,0,0,0,0,0,0,0,0,0,0,0
2022-01-17 00:00:00,43119.79214308028,14452346388.550371,3356.2954438590405,2202896575933.788,816325578941.135,400232172277.67896,2202896575933.788,0.3705691805322735,0.1816845042341691,0.4477463152335574,22.0,1.0,0.0,0.0,0.0,0.0,7.578082463000535,January,1,0,0,0,0,0,0,0,0,0,0,0,0
2022-01-18 00:00:00,42298.341116872325,17694929625.845875,3216.592980619574,2138076402823.2812,800822650383.9624,383428420242.12994,2138076402823.2808,0.3745528687966876,0.179333357655424,0.4461137735478883,24.0,1.0,0.0,0.0,0.0,0.0,7.578082463000535,January,1,0,0,0,0,0,0,0,0,0,0,0,0
2022-01-19 00:00:00,42395.45879157343,18897950050.285973,3166.4539115046164,2120476657544.2173,803962100417.9756,377918294939.4783,2120476657544.2173,0.3791421601165213,0.17822327522207,0.4426345646614087,24.0,1.0,0.0,0.0,0.0,0.0,7.578082463000535,January,1,0,0,0,0,0,0,0,0,0,0,0,0
2022-01-20 00:00:00,41749.55143098559,19626113309.554146,3097.02146606268,2078517964765.8665,790507925308.7825,371296193085.122,2078517964765.8665,0.3803228736576394,0.178635065647338,0.4410420606950225,24.0,1.0,0.0,0.0,0.0,0.0,7.578082463000535,January,1,0,0,0,0,0,0,0,0,0,0,0,0
2022-01-21 00:00:00,40707.6824143097,20930163211.171124,3015.588777543836,2020986941538.4424,774235809673.4731,360580494818.73,2020986941538.4424,0.3830978784474971,0.1784180230992705,0.4384840984532323,19.0,1.0,0.0,0.0,0.0,0.0,7.578082463000535,January,1,0,0,0,0,0,0,0,0,0,0,0,0
2022-01-22 00:00:00,36508.79978983082,38296960033.31628,2564.3433423740635,1789786524305.7236,692855029162.9379,306644499897.7337,1789786524305.7236,0.3871160162141143,0.1713302093481144,0.4415537744377713,13.0,1.0,0.0,0.0,0.0,0.0,7.578082463000535,January,1,0,0,0,0,0,0,0,0,0,0,0,0
2022-01-23 00:00:00,35180.435462830384,35517336417.257744,2407.377851608285,1695405780827.1772,666220701468.4846,286799916366.57184,1695405780827.1772,0.3929564880588291,0.1691629930780606,0.4378805188631101,11.0,1.0,0.0,0.0,0.0,0.0,7.578082463000535,January,1,0,0,0,0,0,0,0,0,0,0,0,0
2022-01-24 00:00:00,36306.409440464704,22865032968.608204,2537.836727861043,1766633767600.214,687575973800.0704,302626363351.5348,1766633767600.214,0.3892011951826721,0.1713011315087794,0.4394976733085484,13.0,1.0,0.0,0.0,0.0,0.0,7.578082463000535,January,1,0,0,0,0,0,0,0,0,0,0,0,0
2022-01-25 00:00:00,36774.00714224005,36385158448.60688,2447.831512095295,1745967920908.7568,696465421899.37,292022326101.0083,1745967920908.7568,0.3988993231541548,0.1672552643172355,0.4338454125286096,12.0,1.0,0.0,0.0,0.0,0.0,7.578082463000535,January,1,0,0,0,0,0,0,0,0,0,0,0,0
2022-01-26 00:00:00,36988.92851066736,46168918584.85349,2465.21922984942,1761729261295.295,700571452648.8236,293702336549.67474,1761729261295.295,0.3976612457090796,0.1667125267214627,0.4356262275694577,23.0,1.0,0.0,0.0,0.0,0.0,7.578082463000535,January,1,0,0,0,0,0,0,0,0,0,0,0,0
2022-01-27 00:00:00,36870.440166931,26756873749.744743,2470.4304120157067,1756782594545.7705,700165819656.2855,295723346868.75024,1756782594545.7705,0.3985500663713706,0.1683323524418294,0.4331175811867999,20.0,1.0,0.0,0.0,0.0,0.0,7.578082463000535,January,1,0,0,0,0,0,0,0,0,0,0,0,0
2022-01-28 00:00:00,37276.839558174994,22057410457.280827,2411.863855325421,1749135229291.7405,702311456032.8538,287829476402.6202,1749135229291.7405,0.4015192446368104,0.1645553022902454,0.4339254530729441,24.0,1.0,0.0,0.0,0.0,0.0,7.578082463000535,January,1,0,0,0,0,0,0,0,0,0,0,0,0
2022-01-29 00:00:00,37852.57902803263,19214103304.052933,2551.111073519472,1789051729131.5671,717026944842.8334,304305302571.33734,1789051729131.5671,0.4007860327162754,0.1700930708800979,0.4291208964036266,24.0,1.0,0.0,0.0,0.0,0.0,7.578082463000535,January,1,0,0,0,0,0,0,0,0,0,0,0,0
2022-01-30 00:00:00,38232.17873217708,14178650231.62196,2603.603872339056,1814915882177.345,722829009646.1814,310059710546.2545,1814915882177.345,0.3982713561242338,0.1708397141658585,0.4308889297099075,29.0,0.0,1.0,0.0,0.0,0.0,7.578082463000535,January,1,0,0,0,0,0,0,0,0,0,0,0,0
2022-01-31 00:00:00,37983.151499406464,11807185113.633108,2610.1824055910874,1797782445736.7275,719570142321.8397,311602914058.7504,1797782445736.7275,0.4002542932979643,0.1733262635852783,0.4264194431167574,20.0,1.0,0.0,0.0,0.0,0.0,7.578082463000535,January,1,0,0,0,0,0,0,0,0,0,0,0,0
2022-02-01 00:00:00,38555.53446121157,17731563487.283978,2689.220867220449,1835333623368.84,727905398095.9747,320354563857.1168,1835333623368.84,0.396606583581175,0.1745484089530769,0.4288450074657479,26.0,0.0,1.0,0.0,0.0,0.0,7.949220898953979,February,0,1,0,0,0,0,0,0,0,0,0,0,0
2022-02-02 00:00:00,38835.69494322237,17109120250.158989,2797.434855273681,1865430331320.4043,736102274236.6057,334032944115.64844,1865430331320.4043,0.3946018577469852,0.1790648187215925,0.4263333235314223,28.0,0.0,1.0,0.0,0.0,0.0,7.949220898953979,February,0,1,0,0,0,0,0,0,0,0,0,0,0
2022-02-03 00:00:00,37000.98249864199,16709908527.231106,2690.319739476765,1789751126244.1624,700645616423.8325,321296521004.9529,1789751126244.1624,0.3914765612658978,0.1795202228363458,0.4290032158977562,20.0,1.0,0.0,0.0,0.0,0.0,7.949220898953979,February,0,1,0,0,0,0,0,0,0,0,0,0,0
2022-02-04 00:00:00,37101.351593780935,16136299994.837618,2667.256728215686,1797119400001.945,703003347951.7092,317503695895.34064,1797119400001.945,0.3911834394258658,0.1766736789414198,0.4321428816327144,20.0,1.0,0.0,0.0,0.0,0.0,7.949220898953979,February,0,1,0,0,0,0,0,0,0,0,0,0,0
2022-02-05 00:00:00,41673.8395543094,25347215343.882504,2993.0994395135976,1982760851110.355,777355085535.6107,354558118293.0548,1982760851110.355,0.392056906459641,0.1788204150260989,0.42912267851426,33.0,0.0,1.0,0.0,0.0,0.0,7.949220898953979,February,0,1,0,0,0,0,0,0,0,0,0,0,0
2022-02-06 00:00:00,41493.690050910525,16752051696.248552,3018.6733981571506,1983651452081.4688,786295053042.2418,361600442694.43896,1983651452081.4688,0.3963877082423795,0.1822903123000804,0.42132197945754,37.0,0.0,1.0,0.0,0.0,0.0,7.949220898953979,February,0,1,0,0,0,0,0,0,0,0,0,0,0
2022-02-07 00:00:00,42475.543220951215,13206494654.908049,3062.8058084507857,2025827209678.6235,804942041477.0581,366038313761.4381,2025827209678.6235,0.3973399298969599,0.1806858511982896,0.4219742189047505,45.0,0.0,1.0,0.0,0.0,0.0,7.949220898953979,February,0,1,0,0,0,0,0,0,0,0,0,0,0
2022-02-08 00:00:00,43910.92998644309,24171856714.47576,3149.953285509783,2101529628223.9048,833392518214.8341,376351043607.997,2101529628223.9048,0.3965647245807192,0.1790843386424524,0.4243509367768283,48.0,0.0,0.0,1.0,0.0,0.0,7.949220898953979,February,0,1,0,0,0,0,0,0,0,0,0,0,0
2022-02-09 00:00:00,44184.447511676175,29024977264.932137,3127.438106740214,2094090225903.9907,837406846076.2306,374043919421.316,2094090225903.9907,0.3998905279808243,0.1786188172765317,0.4214906547426439,54.0,0.0,0.0,1.0,0.0,0.0,7.949220898953979,February,0,1,0,0,0,0,0,0,0,0,0,0,0
2022-02-10 00:00:00,44383.88805541707,19780565063.098923,3240.9210444877285,2129123616122.1653,841339973338.8694,387321193246.79065,2129123616122.1653,0.3951578794993718,0.1819157846514473,0.4229263358491809,50.0,0.0,0.0,1.0,0.0,0.0,7.949220898953979,February,0,1,0,0,0,0,0,0,0,0,0,0,0
2022-02-11 00:00:00,43628.13953235228,27877618433.98099,3081.911501840844,2065724013833.9373,826942197610.3904,368377710139.7799,2065724013833.9373,0.4003159144553895,0.178328618766492,0.4213554667781185,50.0,0.0,0.0,1.0,0.0,0.0,7.949220898953979,February,0,1,0,0,0,0,0,0,0,0,0,0,0
2022-02-12 00:00:00,42445.38876793804,23279080009.72499,2930.563169206373,1983962354451.7231,803706779791.898,350133590835.08734,1983962354451.7231,0.4051018296735806,0.1764819730825227,0.4184161972438966,44.0,0.0,1.0,0.0,0.0,0.0,7.949220898953979,February,0,1,0,0,0,0,0,0,0,0,0,0,0
2022-02-13 00:00:00,42254.738123237206,15479727288.782782,2918.0853674291184,1979363293326.8623,799547462142.6093,347517755313.83966,1979363293326.8623,0.4039417447207231,0.1755704758623369,0.4204877794169398,44.0,0.0,1.0,0.0,0.0,0.0,7.949220898953979,February,0,1,0,0,0,0,0,0,0,0,0,0,0
2022-02-14 00:00:00,42247.83595326771,12146423251.39967,2889.235678281073,1968762116256.759,802059713029.3901,345252969326.4971,1968762116256.759,0.407392902578987,0.1753655083443663,0.4172415890766465,46.0,0.0,1.0,0.0,0.0,0.0,7.949220898953979,February,0,1,0,0,0,0,0,0,0,0,0,0,0
2022-02-15 00:00:00,42634.573783663065,18090873762.822777,2935.6454998606846,1986749266507.2493,808280617642.0496,351368910987.00305,1986749266507.2493,0.4068357448360987,0.1768561926310498,0.4163080625328514,46.0,0.0,1.0,0.0,0.0,0.0,7.949220898953979,February,0,1,0,0,0,0,0,0,0,0,0,0,0
2022-02-16 00:00:00,44574.32057099816,19801081788.55576,3179.3002065350443,2099556733777.7551,848321283143.9929,381791121976.2447,2099556733777.7551,0.4040478018508217,0.181843679589112,0.4141085185600662,51.0,0.0,0.0,1.0,0.0,0.0,7.949220898953979,February,0,1,0,0,0,0,0,0,0,0,0,0,0
2022-02-17 00:00:00,44063.28198279571,16847003857.433496,3128.640780542462,2074891229504.211,836256083783.791,376071884044.5087,2074891229504.211,0.4030361070944485,0.1812489631730575,0.415714929732494,52.0,0.0,0.0,1.0,0.0,0.0,7.949220898953979,February,0,1,0,0,0,0,0,0,0,0,0,0,0
2022-02-18 00:00:00,40562.98694982819,22270664615.4777,2881.613122162859,1930085070296.942,770096677778.6456,345252572787.0988,1930085070296.942,0.3989962357774038,0.1788794587867476,0.4221243054358485,30.0,0.0,1.0,0.0,0.0,0.0,7.949220898953979,February,0,1,0,0,0,0,0,0,0,0,0,0,0
2022-02-19 00:00:00,40073.495362369824,20130002755.177864,2792.303847718624,1901244543187.2727,759881874201.3011,333997569707.84204,1901244543187.2727,0.3996760316415818,0.1756731246933253,0.4246508436650928,25.0,1.0,0.0,0.0,0.0,0.0,7.949220898953979,February,0,1,0,0,0,0,0,0,0,0,0,0,0
2022-02-20 00:00:00,40192.75912143141,11735183838.17719,2768.97165203486,1902732252998.9087,761447243939.9269,330814655802.00714,1902732252998.9087,0.4001862283775369,0.1738629569560341,0.425950814666429,27.0,0.0,1.0,0.0,0.0,0.0,7.949220898953979,February,0,1,0,0,0,0,0,0,0,0,0,0,0
2022-02-21 00:00:00,38514.00853622455,15998424231.017672,2632.49139911745,1822452026549.613,730381814665.4404,315015971538.73315,1822452026549.613,0.4007687467352694,0.1728528196899329,0.4263784335747976,25.0,1.0,0.0,0.0,0.0,0.0,7.949220898953979,February,0,1,0,0,0,0,0,0,0,0,0,0,0
2022-02-22 00:00:00,37059.97940228752,25174914104.16337,2574.513383778016,1755968698896.1064,703004241590.1829,308836894427.69006,1755968698896.1064,0.4003512374862536,0.1758783596893504,0.4237704028243959,20.0,1.0,0.0,0.0,0.0,0.0,7.949220898953979,February,0,1,0,0,0,0,0,0,0,0,0,0,0
2022-02-23 00:00:00,38337.2038554348,22212181617.200245,2644.153655546016,1808337187110.3623,727094284067.6588,317004525462.3889,1808337187110.3623,0.4020789315456822,0.1753016681412979,0.4226194003130198,25.0,1.0,0.0,0.0,0.0,0.0,7.949220898953979,February,0,1,0,0,0,0,0,0,0,0,0,0,0
2022-02-24 00:00:00,37372.2926803477,18507851467.85067,2594.700959110155,1774040095702.6672,708829287814.1068,310997586955.65283,1774040095702.6672,0.3995565204704979,0.1753047113810987,0.4251387681484034,23.0,1.0,0.0,0.0,0.0,0.0,7.949220898953979,February,0,1,0,0,0,0,0,0,0,0,0,0,0
2022-02-25 00:00:00,38363.345488570165,40839699480.89129,2599.9335696870216,1787267501711.8823,727657714638.0917,311533514951.14,1787267501711.8823,0.4071341944846677,0.1743071558413873,0.4185586496739449,27.0,0.0,1.0,0.0,0.0,0.0,7.949220898953979,February,0,1,0,0,0,0,0,0,0,0,0,0,0
2022-02-26 00:00:00,39316.16207578596,22579249141.515377,2771.890509646429,1859862362523.928,745763194704.1796,333625150661.6757,1859862362523.928,0.4009776259422449,0.1793816345683394,0.4196407394894156,26.0,0.0,1.0,0.0,0.0,0.0,7.949220898953979,February,0,1,0,0,0,0,0,0,0,0,0,0,0
2022-02-27 00:00:00,39090.202153609054,14568201294.74542,2785.3389569017427,1860631629757.647,741083625917.93,332645349329.944,1860631629757.647,0.3982968009710006,0.1787808741987644,0.4229223248302349,26.0,0.0,1.0,0.0,0.0,0.0,7.949220898953979,February,0,1,0,0,0,0,0,0,0,0,0,0,0
2022-02-28 00:00:00,37803.59016044929,19424397945.6196,2629.48312082149,1789112794368.224,717619764688.0872,314566178973.5596,1789112794368.224,0.4011037017604554,0.1758224411360492,0.4230738571034954,20.0,1.0,0.0,0.0,0.0,0.0,7.949220898953979,February,0,1,0,0,0,0,0,0,0,0,0,0,0
2022-03-01 00:00:00,43225.40467743573,30634280854.538326,2919.294962425658,1993954077154.3347,819019441071.749,349056335389.1799,1993954077154.3347,0.4107514061911647,0.1750573593386536,0.4141912344701817,51.0,0.0,0.0,1.0,0.0,0.0,8.540780148538584,March,0,0,1,0,0,0,0,0,0,0,0,0,0
2022-03-02 00:00:00,44459.59162774341,27880763034.09392,2977.276039756805,2032590350063.9128,841254375272.0455,355855644056.71844,2032590350063.9128,0.4138828934446102,0.1750749451533748,0.4110421614020149,52.0,0.0,0.0,1.0,0.0,0.0,8.540780148538584,March,0,0,1,0,0,0,0,0,0,0,0,0,0
2022-03-03 00:00:00,43980.707382090906,25615956856.40275,2953.315776286441,2015717453044.005,834437956671.6672,353807222059.12616,2015717453044.005,0.4139657348362755,0.175524214231925,0.4105100509317995,39.0,0.0,1.0,0.0,0.0,0.0,8.540780148538584,March,0,0,1,0,0,0,0,0,0,0,0,0,0
2022-03-04 00:00:00,42491.97839335905,22366184128.90048,2836.9063366005576,1958359575423.275,807454920681.7217,340585349633.38696,1958359575423.275,0.4123118812372341,0.1739135927373162,0.4137745260254496,33.0,0.0,1.0,0.0,0.0,0.0,8.540780148538584,March,0,0,1,0,0,0,0,0,0,0,0,0,0
2022-03-05 00:00:00,39200.29973557414,25121267305.979286,2619.356137634489,1830893767282.716,743810477766.2219,314336377085.58026,1830893767282.716,0.4062553988974103,0.1716846617223981,0.4220599393801916,22.0,1.0,0.0,0.0,0.0,0.0,8.540780148538584,March,0,0,1,0,0,0,0,0,0,0,0,0,0
2022-03-06 00:00:00,39463.14681149058,14818212144.749968,2668.70597865687,1855445976651.525,748197160856.1006,319334318240.9434,1855445976651.525,0.403243840171705,0.1721065028350961,0.4246496569931988,22.0,1.0,0.0,0.0,0.0,0.0,8.540780148538584,March,0,0,1,0,0,0,0,0,0,0,0,0,0
2022-03-07 00:00:00,38442.99174588676,16995562040.606796,2558.359874049847,1796182507129.822,729501899968.2964,306675297178.70435,1796182507129.822,0.4061401873543413,0.1707372697158434,0.4231225429298152,23.0,1.0,0.0,0.0,0.0,0.0,8.540780148538584,March,0,0,1,0,0,0,0,0,0,0,0,0,0
2022-03-08 00:00:00,38076.49382252028,24596395439.058964,2498.658864965217,1771937409977.266,723198804467.6718,299834957580.4126,1771937409977.266,0.4081401523527574,0.169213063560896,0.4226467840863465,21.0,1.0,0.0,0.0,0.0,0.0,8.540780148538584,March,0,0,1,0,0,0,0,0,0,0,0,0,0
2022-03-09 00:00:00,38732.93701302586,22556397749.428085,2576.6271539947625,1806560301572.6504,735453953725.9198,309291567872.3395,1806560301572.6504,0.407101801742068,0.171204674210484,0.4216935240474479,22.0,1.0,0.0,0.0,0.0,0.0,8.540780148538584,March,0,0,1,0,0,0,0,0,0,0,0,0,0
2022-03-10 00:00:00,41986.03444607623,29211702119.448605,2731.037685293996,1921830676431.6133,796849504897.2562,327144318378.6509,1921830676431.6133,0.4146304430819149,0.1702253598043719,0.4151441971137131,28.0,0.0,1.0,0.0,0.0,0.0,8.540780148538584,March,0,0,1,0,0,0,0,0,0,0,0,0,0
2022-03-11 00:00:00,39468.35477300189,27653455219.04128,2611.4647225047097,1835552000770.9216,749384110700.1091,313054369877.37134,1835552000770.9216,0.4082608993836034,0.1705505317996386,0.4211885688167579,22.0,1.0,0.0,0.0,0.0,0.0,8.540780148538584,March,0,0,1,0,0,0,0,0,0,0,0,0,0
2022-03-12 00:00:00,38775.17558840679,23624165274.522385,2562.832353535965,1810598036463.4983,738267961692.6816,307992205234.7309,1810598036463.4983,0.4077481289743822,0.1701052354150943,0.4221466356105235,22.0,1.0,0.0,0.0,0.0,0.0,8.540780148538584,March,0,0,1,0,0,0,0,0,0,0,0,0,0
2022-03-13 00:00:00,38903.69354800599,12440826653.84724,2579.458135688364,1812940272805.1204,738456528057.6692,309539252974.5316,1812940272805.1204,0.407325348294609,0.1707388034883183,0.4219358482170726,21.0,1.0,0.0,0.0,0.0,0.0,8.540780148538584,March,0,0,1,0,0,0,0,0,0,0,0,0,0
2022-03-14 00:00:00,37852.52514106289,14461647575.513742,2518.492845270615,1774053011895.4146,718551088031.3688,302103577555.32056,1774053011895.4146,0.4050336056551445,0.1702900508212831,0.4246763435235724,23.0,1.0,0.0,0.0,0.0,0.0,8.540780148538584,March,0,0,1,0,0,0,0,0,0,0,0,0,0
2022-03-15 00:00:00,39669.423812004505,21250969229.2216,2591.5420409591425,1831559585008.481,751354026218.9767,310467033555.37006,1831559585008.481,0.4102263624775809,0.1695096551029938,0.4202639824194254,21.0,1.0,0.0,0.0,0.0,0.0,8.540780148538584,March,0,0,1,0,0,0,0,0,0,0,0,0,0
2022-03-16 00:00:00,39331.84654059453,20768829817.93864,2620.363852420936,1828837594010.8745,747642430663.595,314931220494.93384,1828837594010.8745,0.4088074485738887,0.1722029454809322,0.4189896059451791,24.0,1.0,0.0,0.0,0.0,0.0,8.540780148538584,March,0,0,1,0,0,0,0,0,0,0,0,0,0
2022-03-17 00:00:00,41165.63506140341,34974203468.766266,2771.759457292368,1902226115260.2983,779761001844.4108,333204590005.1927,1902226115260.2983,0.4099202484861844,0.1751656058825569,0.4149141456312587,27.0,0.0,1.0,0.0,0.0,0.0,8.540780148538584,March,0,0,1,0,0,0,0,0,0,0,0,0,0
2022-03-18 00:00:00,41001.70957801974,18861644942.593346,2817.401074966818,1914935395335.731,778474325709.8895,338097336083.8262,1914935395335.731,0.4065277228704656,0.1765580901096405,0.4169141870198938,25.0,1.0,0.0,0.0,0.0,0.0,8.540780148538584,March,0,0,1,0,0,0,0,0,0,0,0,0,0
2022-03-19 00:00:00,41837.41313797566,30316128166.48974,2945.7459101862714,1961233340488.94,794378970588.3145,353539105454.5327,1961233340488.94,0.4050405192429953,0.1802636627451961,0.4146958180118085,28.0,0.0,1.0,0.0,0.0,0.0,8.540780148538584,March,0,0,1,0,0,0,0,0,0,0,0,0,0
2022-03-20 00:00:00,42201.939920688186,16580741571.959858,2947.226158224087,1983884627472.5884,800887993391.0255,353770129278.67426,1983884627472.5884,0.4036968593336668,0.1783219267792639,0.4179812138870692,31.0,0.0,1.0,0.0,0.0,0.0,8.540780148538584,March,0,0,1,0,0,0,0,0,0,0,0,0,0
2022-03-21 00:00:00,41283.25900104565,16856192301.960054,2860.641960901919,1938781173084.3235,784054464871.6631,343170506313.24133,1938781173084.3235,0.4044058585654329,0.1770032178346905,0.4185909235998766,30.0,0.0,1.0,0.0,0.0,0.0,8.540780148538584,March,0,0,1,0,0,0,0,0,0,0,0,0,0
2022-03-22 00:00:00,41061.81589384987,21335882483.3158,2896.5869324317464,1950477626135.9824,779205413378.8728,347666776668.2674,1950477626135.9824,0.3994946688635066,0.1782469955100264,0.422258335626467,26.0,0.0,1.0,0.0,0.0,0.0,8.540780148538584,March,0,0,1,0,0,0,0,0,0,0,0,0,0
2022-03-23 00:00:00,42401.89559748944,28688623151.357098,2969.78498365825,2000066041727.7563,803937099701.4115,356813271188.88025,2000066041727.7563,0.4019552769402208,0.1784007446477353,0.4196439784120438,31.0,0.0,1.0,0.0,0.0,0.0,8.540780148538584,March,0,0,1,0,0,0,0,0,0,0,0,0,0
2022-03-24 00:00:00,42802.15471016985,21851891598.642384,3028.8352577107285,2035217305119.2087,810894331277.664,363715804798.513,2035217305119.2087,0.3984313268357196,0.178711041756403,0.4228576314078773,40.0,0.0,1.0,0.0,0.0,0.0,8.540780148538584,March,0,0,1,0,0,0,0,0,0,0,0,0,0
2022-03-25 00:00:00,43936.09623454058,26212783703.864426,3106.657023584939,2080206796884.248,834251096724.507,373177111114.7027,2080206796884.248,0.4010423857734027,0.1793942369930002,0.4195633772335971,47.0,0.0,0.0,1.0,0.0,0.0,8.540780148538584,March,0,0,1,0,0,0,0,0,0,0,0,0,0
2022-03-26 00:00:00,44331.77795706412,26147756108.07925,3106.072054158695,2075837699408.966,842031938721.7855,373074920726.7511,2075837699408.966,0.405634765647396,0.1797225866130927,0.4146426477395112,51.0,0.0,0.0,1.0,0.0,0.0,8.540780148538584,March,0,0,1,0,0,0,0,0,0,0,0,0,0
2022-03-27 00:00:00,44510.84421762133,13676534294.229202,3140.875710506441,2097793320924.1208,845235093872.7649,377825418684.3759,2097793320924.1208,0.4029162861003016,0.1801061214733661,0.4169775924263322,49.0,0.0,0.0,1.0,0.0,0.0,8.540780148538584,March,0,0,1,0,0,0,0,0,0,0,0,0,0
2022-03-28 00:00:00,46715.1176185105,22545392529.67392,3285.1730967305425,2190100025265.5745,887283025181.1342,394486853105.0086,2190100025265.5745,0.4051335623693904,0.1801227562915409,0.4147436813390687,60.0,0.0,0.0,0.0,1.0,0.0,8.540780148538584,March,0,0,1,0,0,0,0,0,0,0,0,0,0
2022-03-29 00:00:00,46994.879118357465,30051327357.066643,3328.9341246867148,2213102230303.732,892747620147.7012,399977979554.2106,2213102230303.732,0.4033919481546851,0.1807318135047546,0.4158762383405602,56.0,0.0,0.0,0.0,1.0,0.0,8.540780148538584,March,0,0,1,0,0,0,0,0,0,0,0,0,0
2022-03-30 00:00:00,47459.261237539096,26128040680.825665,3401.184431040135,2241154211575.9663,901430001889.0,408153998267.8274,2241154211575.9663,0.4022168564898172,0.1821177659973768,0.4156653775128059,55.0,0.0,0.0,0.0,1.0,0.0,8.540780148538584,March,0,0,1,0,0,0,0,0,0,0,0,0,0
2022-03-31 00:00:00,47063.36584996355,24497248306.346912,3383.788761781416,2245097546941.132,895356010540.8462,407460530687.7479,2245097546941.132,0.3988049480347693,0.1814890097950972,0.4197060421701334,52.0,0.0,0.0,1.0,0.0,0.0,8.540780148538584,March,0,0,1,0,0,0,0,0,0,0,0,0,0
2022-04-01 00:00:00,45528.40715313835,27736469645.537266,3283.3028425717257,2186243487996.401,865010142444.9791,394628513775.2061,2186243487996.401,0.3956604775242688,0.1805052895260382,0.4238342329496928,50.0,0.0,0.0,1.0,0.0,0.0,8.235161744022502,April,0,0,0,1,0,0,0,0,0,0,0,0,0
2022-04-02 00:00:00,46270.20070585378,32948605532.13528,3451.1960908672754,2244616960471.068,879144224206.3806,414854897478.4645,2244616960471.068,0.39166781668703,0.1848221343704899,0.42351004894248,52.0,0.0,0.0,1.0,0.0,0.0,8.235161744022502,April,0,0,0,1,0,0,0,0,0,0,0,0,0
2022-04-03 00:00:00,45842.14476317382,24803837259.76474,3440.3362384891684,2236239145463.517,871050305858.7916,413595262456.1556,2236239145463.517,0.3895157222454598,0.1849512666367476,0.4255330111177927,48.0,0.0,0.0,1.0,0.0,0.0,8.235161744022502,April,0,0,0,1,0,0,0,0,0,0,0,0,0
2022-04-04 00:00:00,46434.562982661664,21510196790.30345,3521.584724778525,2271033002902.4424,882346640419.069,423410516389.8548,2271033002902.4424,0.3885221567856591,0.1864396139768663,0.4250382292374746,52.0,0.0,0.0,1.0,0.0,0.0,8.235161744022502,April,0,0,0,1,0,0,0,0,0,0,0,0,0
2022-04-05 00:00:00,46622.63571309101,28019309650.72574,3520.967117504364,2265144833284.0723,885584977681.2438,423367935034.9896,2265144833284.0723,0.3909617454338657,0.1869054591185582,0.422132795447576,53.0,0.0,0.0,1.0,0.0,0.0,8.235161744022502,April,0,0,0,1,0,0,0,0,0,0,0,0,0
2022-04-06 00:00:00,45635.45438126673,25474063861.60569,3422.969883754712,2218958443298.308,867247321783.443,412944890807.9602,2218958443298.308,0.3908353148310194,0.1860985238615599,0.4230661613074206,48.0,0.0,0.0,1.0,0.0,0.0,8.235161744022502,April,0,0,0,1,0,0,0,0,0,0,0,0,0
2022-04-07 00:00:00,43198.77526936491,34113818641.77575,3171.371104498954,2079659509796.8489,820983263462.4961,382808702033.7895,2079659509796.8489,0.3947681144894212,0.1840727774092135,0.4211591081013652,34.0,0.0,1.0,0.0,0.0,0.0,8.235161744022502,April,0,0,0,1,0,0,0,0,0,0,0,0,0
2022-04-08 00:00:00,43515.15032279806,22960138784.304127,3232.834988999582,2112266711981.713,827032889944.6309,388867320187.2107,2112266711981.713,0.3915380975581037,0.1840995353386875,0.4243623671032087,37.0,0.0,1.0,0.0,0.0,0.0,8.235161744022502,April,0,0,0,1,0,0,0,0,0,0,0,0,0
2022-04-09 00:00:00,42315.70972421807,24202906401.166885,3192.0250912893603,2051219404653.4963,804272478980.6077,382662893229.3914,2051219404653.4963,0.3920948081692265,0.1865538578473193,0.421351333983454,30.0,0.0,1.0,0.0,0.0,0.0,8.235161744022502,April,0,0,0,1,0,0,0,0,0,0,0,0,0
2022-04-10 00:00:00,42796.39747810973,13949535311.5313,3265.938067729151,2086135487691.936,812734148492.5116,392551461530.81824,2086135487691.936,0.3895883816212275,0.1881716043118227,0.4222400140669498,34.0,0.0,1.0,0.0,0.0,0.0,8.235161744022502,April,0,0,0,1,0,0,0,0,0,0,0,0,0
2022-04-11 00:00:00,42274.907370256085,14936318818.778025,3219.159553453764,2060811766716.612,803574629064.9272,388982079663.2629,2060811766716.612,0.3899311145458096,0.1887518724153097,0.4213170130388807,32.0,0.0,1.0,0.0,0.0,0.0,8.235161744022502,April,0,0,0,1,0,0,0,0,0,0,0,0,0
2022-04-12 00:00:00,39603.96515928416,30168665078.21043,2992.7021064252435,1920458228679.012,752680814425.1921,360149250762.0514,1920458228679.012,0.3919277197416181,0.1875329780069104,0.4205393022514714,20.0,1.0,0.0,0.0,0.0,0.0,8.235161744022502,April,0,0,0,1,0,0,0,0,0,0,0,0,0
2022-04-13 00:00:00,40205.67794073206,27804694935.48352,3038.209421996366,1961530496703.376,764314681923.3135,365661388410.7189,1961530496703.376,0.3896522043413805,0.1864163667224463,0.4239314289361731,25.0,1.0,0.0,0.0,0.0,0.0,8.235161744022502,April,0,0,0,1,0,0,0,0,0,0,0,0,0
2022-04-14 00:00:00,41205.16871904067,25453869985.97185,3121.399823462041,2008435591415.3296,783560801481.9719,375767680796.0061,2008435591415.3296,0.3901348914703321,0.1870947131200784,0.4227703954095894,28.0,0.0,1.0,0.0,0.0,0.0,8.235161744022502,April,0,0,0,1,0,0,0,0,0,0,0,0,0
2022-04-15 00:00:00,39959.457069033735,22744792147.00975,3023.417211885316,1957108866112.248,759703443634.6515,363962080917.9128,1957108866112.248,0.3881763844562132,0.1859692566008937,0.4258543589428931,22.0,1.0,0.0,0.0,0.0,0.0,8.235161744022502,April,0,0,0,1,0,0,0,0,0,0,0,0,0
2022-04-16 00:00:00,40586.59730938673,22053774554.17729,3045.42807480128,1982304977614.256,771666602547.5923,366695398817.36127,1982304977614.256,0.3892774377615238,0.1849843505204162,0.42573821171806,28.0,0.0,1.0,0.0,0.0,0.0,8.235161744022502,April,0,0,0,1,0,0,0,0,0,0,0,0,0
2022-04-17 00:00:00,40450.37930543977,15777789210.238447,3066.35801414498,1982748239885.6973,770439827829.2395,369787917596.8767,1982748239885.6973,0.3885716866775049,0.1865027087948364,0.4249256045276587,28.0,0.0,1.0,0.0,0.0,0.0,8.235161744022502,April,0,0,0,1,0,0,0,0,0,0,0,0,0
2022-04-18 00:00:00,39739.11925622209,16627779441.567648,2995.719421019825,1941869255324.4675,755627152747.4514,360748880962.9512,1941869255324.4675,0.3891235986540162,0.1857740318890179,0.4251023694569658,24.0,1.0,0.0,0.0,0.0,0.0,8.235161744022502,April,0,0,0,1,0,0,0,0,0,0,0,0,0
2022-04-19 00:00:00,40833.5379650337,30617039399.980103,3061.8905711469047,1986595973901.7417,776463403746.4385,368758484169.854,1986595973901.7417,0.3908511916599921,0.1856232918088522,0.4235255165311556,27.0,0.0,1.0,0.0,0.0,0.0,8.235161744022502,April,0,0,0,1,0,0,0,0,0,0,0,0,0
2022-04-20 00:00:00,41498.12244669832,22717772925.289574,3104.688447526111,2022106874861.5808,789141783336.2104,373782979942.6196,2022106874861.5808,0.3902572080371516,0.1848482810623974,0.4248945109004509,27.0,0.0,1.0,0.0,0.0,0.0,8.235161744022502,April,0,0,0,1,0,0,0,0,0,0,0,0,0
2022-04-21 00:00:00,41397.220477279625,24937668255.073463,3079.676477601849,2017698347491.3584,787437397453.9304,370910549448.9755,2017698347491.3584,0.3902651743918836,0.1838285439992234,0.4259062816088929,27.0,0.0,1.0,0.0,0.0,0.0,8.235161744022502,April,0,0,0,1,0,0,0,0,0,0,0,0,0
2022-04-22 00:00:00,40528.54148675958,32131220615.550182,2987.4888760341605,1971386698268.5928,770787243369.5001,359917773311.257,1971386698268.5928,0.3909873410662953,0.1825708642689744,0.4264417946647301,26.0,0.0,1.0,0.0,0.0,0.0,8.235161744022502,April,0,0,0,1,0,0,0,0,0,0,0,0,0
2022-04-23 00:00:00,39756.848993471016,46022063018.95215,2967.085285238213,1953644503127.653,756144456297.8489,357702343019.6129,1953644503127.653,0.3870430137557332,0.1830948990192205,0.4298620872250462,24.0,1.0,0.0,0.0,0.0,0.0,8.235161744022502,April,0,0,0,1,0,0,0,0,0,0,0,0,0
2022-04-24 00:00:00,39561.78019075613,15010797471.968073,2940.6879777714407,1937758820245.2712,752414150959.3553,354358143094.8383,1937758820245.2712,0.3882909178883875,0.1828700968317541,0.4288389852798583,24.0,1.0,0.0,0.0,0.0,0.0,8.235161744022502,April,0,0,0,1,0,0,0,0,0,0,0,0,0
2022-04-25 00:00:00,39469.04986198146,16778683767.597218,2922.901865199808,1928690537307.5083,752446283899.8965,352895958715.2752,1928690537307.5083,0.3901332377304692,0.1829717893508853,0.4268949729186455,23.0,1.0,0.0,0.0,0.0,0.0,8.235161744022502,April,0,0,0,1,0,0,0,0,0,0,0,0,0
2022-04-26 00:00:00,40488.877917622376,32883645913.96472,3008.3363470853,1967815707542.494,770112436973.4149,362590296737.94165,1967815707542.494,0.3913539433706267,0.1842602919308752,0.424385764698498,27.0,0.0,1.0,0.0,0.0,0.0,8.235161744022502,April,0,0,0,1,0,0,0,0,0,0,0,0,0
2022-04-27 00:00:00,38134.21545068938,31053018153.38668,2806.748835957046,1854129384018.2627,725434540422.046,338098235743.8579,1854129384018.2627,0.3912534619616927,0.1823487824841719,0.4263977555541353,21.0,1.0,0.0,0.0,0.0,0.0,8.235161744022502,April,0,0,0,1,0,0,0,0,0,0,0,0,0
2022-04-28 00:00:00,39237.94931747103,28170490245.865635,2889.5922230230817,1897842810587.2173,746473028158.29,348355348857.3552,1897842810587.2173,0.393327110124216,0.1835533200716288,0.4231195698041552,24.0,1.0,0.0,0.0,0.0,0.0,8.235161744022502,April,0,0,0,1,0,0,0,0,0,0,0,0,0
2022-04-29 00:00:00,39741.76664580964,31484572271.03238,2932.455083612903,1914516621598.0825,756090806420.8264,353388170472.6008,1914516621598.0825,0.3949251721772482,0.184583495638508,0.4204913321842437,23.0,1.0,0.0,0.0,0.0,0.0,8.235161744022502,April,0,0,0,1,0,0,0,0,0,0,0,0,0
2022-04-30 00:00:00,38650.55013809267,27758348826.409065,2817.4898821916195,1850598840311.8645,735829877665.6912,340291788026.5969,1850598840311.8645,0.3976171721482806,0.1838819849088691,0.4185008429428503,20.0,1.0,0.0,0.0,0.0,0.0,8.235161744022502,April,0,0,0,1,0,0,0,0,0,0,0,0,0
2022-05-01 00:00:00,37820.61176529208,20955789685.35568,2738.1741359527714,1784698910754.9077,719611115951.2947,330211251741.1009,1784698910754.9077,0.4032114950117312,0.1850235071872292,0.4117649978010395,22.0,1.0,0.0,0.0,0.0,0.0,8.530051713089225,May,0,0,0,0,1,0,0,0,0,0,0,0,0
2022-05-02 00:00:00,38537.65476669535,24857664487.014507,2832.513106895354,1835149147811.8352,733294957352.5364,341626180826.6119,1835149147811.8352,0.3995833026579286,0.1861571748726551,0.4142595224694162,28.0,0.0,1.0,0.0,0.0,0.0,8.530051713089225,May,0,0,0,0,1,0,0,0,0,0,0,0,0
2022-05-03 00:00:00,38561.56539902362,29825308569.42226,2861.372375556044,1830885472324.5864,733787526677.6703,345080135066.0433,1830885472324.5864,0.4007828658698219,0.1884771823700757,0.4107399517601023,27.0,0.0,1.0,0.0,0.0,0.0,8.530051713089225,May,0,0,0,0,1,0,0,0,0,0,0,0,0
2022-05-04 00:00:00,37758.496107734,23070122642.32804,2786.0472478011084,1800143818000.3345,718542028695.8999,336655132684.7217,1800143818000.3345,0.3991581236515217,0.187015686923665,0.4138261894248132,21.0,1.0,0.0,0.0,0.0,0.0,8.530051713089225,May,0,0,0,0,1,0,0,0,0,0,0,0,0
2022-05-05 00:00:00,39699.02404125388,31748901527.20592,2942.052313122658,1901343201520.4148,755764276888.7715,355229761723.3485,1901343201520.4148,0.3974896674542619,0.1868309526861263,0.4156793798596118,27.0,0.0,1.0,0.0,0.0,0.0,8.530051713089225,May,0,0,0,0,1,0,0,0,0,0,0,0,0
2022-05-06 00:00:00,36612.22954880304,37402043365.58407,2753.936566546688,1772427295520.447,696020943881.887,332103738939.991,1772427295520.447,0.3926936499121735,0.1873722774295651,0.4199340726582612,22.0,1.0,0.0,0.0,0.0,0.0,8.530051713089225,May,0,0,0,0,1,0,0,0,0,0,0,0,0
2022-05-07 00:00:00,36116.394294982965,32223287014.454,2699.7072470893745,1749327316348.3433,687093350325.4445,325971900416.408,1749327316348.3433,0.3927757509439266,0.1863412852300634,0.4208829638260098,23.0,1.0,0.0,0.0,0.0,0.0,8.530051713089225,May,0,0,0,0,1,0,0,0,0,0,0,0,0
2022-05-08 00:00:00,35573.31019883488,19130720394.98043,2641.229106940243,1711321524177.8396,678702448510.6605,319030900103.94275,1711321524177.8396,0.3965955192649877,0.1864237056547354,0.4169807750802768,18.0,1.0,0.0,0.0,0.0,0.0,8.530051713089225,May,0,0,0,0,1,0,0,0,0,0,0,0,0
2022-05-09 00:00:00,34070.31219757961,30810576501.52256,2517.829922488648,1652991709748.5674,648514321641.9902,304412453306.29724,1652991709748.5674,0.3923276310566821,0.1841584876143152,0.4235138813290027,11.0,1.0,0.0,0.0,0.0,0.0,8.530051713089225,May,0,0,0,0,1,0,0,0,0,0,0,0,0
2022-05-10 00:00:00,30269.58695662948,58369928594.32748,2249.8909622207443,1455128572242.7854,576197842487.6378,271594796946.7904,1455128572242.7854,0.3959772720286467,0.1866465975086876,0.4173761304626656,10.0,1.0,0.0,0.0,0.0,0.0,8.530051713089225,May,0,0,0,0,1,0,0,0,0,0,0,0,0
2022-05-11 00:00:00,31026.93386836242,54071363210.08785,2344.797715643986,1488384307444.2378,590644412746.6844,283082341315.2594,1488384307444.2378,0.3968359581544519,0.1901943872287601,0.4129696546167879,12.0,1.0,0.0,0.0,0.0,0.0,8.530051713089225,May,0,0,0,0,1,0,0,0,0,0,0,0,0
2022-05-12 00:00:00,28913.48836365432,65985702701.50493,2080.910243657776,1324555996797.6052,549294001873.1765,250066823474.8895,1324555996797.6052,0.4147004756319938,0.188792941996774,0.3965065823712321,12.0,1.0,0.0,0.0,0.0,0.0,8.530051713089225,May,0,0,0,0,1,0,0,0,0,0,0,0,0
2022-05-13 00:00:00,29126.11597686014,61338080283.57989,1966.699171133666,1286429320261.4592,555266177876.6213,238137944005.8585,1286429320261.4592,0.4316336460395404,0.1851154511601604,0.383250902800299,10.0,1.0,0.0,0.0,0.0,0.0,8.530051713089225,May,0,0,0,0,1,0,0,0,0,0,0,0,0
2022-05-14 00:00:00,29310.728959858257,71541696924.39926,2010.214051125259,1318295118615.2852,558053182541.2809,243391440608.9294,1318295118615.2852,0.4233143054701215,0.1846259135546095,0.3920597809752689,9.0,1.0,0.0,0.0,0.0,0.0,8.530051713089225,May,0,0,0,0,1,0,0,0,0,0,0,0,0
2022-05-15 00:00:00,30189.333177005963,25759546763.688618,2064.229357512243,1353131612272.9978,573777699744.01,249319115268.20465,1353131612272.9978,0.4240368745654941,0.1842534111293114,0.3917097143051945,10.0,1.0,0.0,0.0,0.0,0.0,8.530051713089225,May,0,0,0,0,1,0,0,0,0,0,0,0,0
2022-05-16 00:00:00,31319.30911113,22948123704.172672,2147.047447880575,1403780736715.7158,596346266888.6597,259350256988.01163,1403780736715.7158,0.4248143967866882,0.1847512579455872,0.3904343452677246,14.0,1.0,0.0,0.0,0.0,0.0,8.530051713089225,May,0,0,0,0,1,0,0,0,0,0,0,0,0
2022-05-17 00:00:00,29923.606993639707,28418179221.125336,2025.888698391216,1338921568714.7727,569801943005.2971,244741893933.7312,1338921568714.7727,0.4255678273614253,0.1827903139753423,0.3916418586632324,8.0,1.0,0.0,0.0,0.0,0.0,8.530051713089225,May,0,0,0,0,1,0,0,0,0,0,0,0,0
2022-05-18 00:00:00,30502.19328027689,24964703223.57502,2095.178884796724,1373302551182.744,581272773175.8237,253640825085.77072,1373302551182.744,0.4232663608432155,0.1846940609462386,0.3920395782105459,12.0,1.0,0.0,0.0,0.0,0.0,8.530051713089225,May,0,0,0,0,1,0,0,0,0,0,0,0,0
2022-05-19 00:00:00,28772.200501112577,26219431165.241817,1915.1771232664505,1285096988620.2424,547927169401.2031,232056327519.7834,1285096988620.2424,0.4263702850860235,0.1805749523768887,0.3930547625370877,13.0,1.0,0.0,0.0,0.0,0.0,8.530051713089225,May,0,0,0,0,1,0,0,0,0,0,0,0,0
2022-05-20 00:00:00,30382.40624219559,29190056577.430664,2023.848259360817,1341007733035.3228,578678245847.8763,244359004842.60373,1341007733035.3228,0.43152491338589,0.1822204293255684,0.3862546572885416,13.0,1.0,0.0,0.0,0.0,0.0,8.530051713089225,May,0,0,0,0,1,0,0,0,0,0,0,0,0
2022-05-21 00:00:00,29256.81337441625,25980877919.56809,1963.9909395294865,1306093293161.92,557201657280.7389,237366807798.8157,1306093293161.92,0.4266170419815953,0.1817380190538875,0.3916449389645171,13.0,1.0,0.0,0.0,0.0,0.0,8.530051713089225,May,0,0,0,0,1,0,0,0,0,0,0,0,0
2022-05-22 00:00:00,29491.5079477606,13561006428.368963,1978.1471325624789,1319994122725.1953,561696351558.8424,239102942424.5677,1319994122725.1953,0.4255294337214105,0.1811393992656023,0.3933311670129871,14.0,1.0,0.0,0.0,0.0,0.0,8.530051713089225,May,0,0,0,0,1,0,0,0,0,0,0,0,0
2022-05-23 00:00:00,30351.050417138096,17199930154.801018,2046.6463496545232,1356266960224.2488,578090387085.146,247730054115.446,1356266960224.2488,0.4262364298762855,0.1826558202630591,0.3911077498606553,10.0,1.0,0.0,0.0,0.0,0.0,8.530051713089225,May,0,0,0,0,1,0,0,0,0,0,0,0,0
2022-05-24 00:00:00,29163.167775739188,26646754324.71057,1974.581194479092,1312179072796.2708,555459414424.212,238722810744.1854,1312179072796.2708,0.4233106791137285,0.1819285307114858,0.3947607901747856,12.0,1.0,0.0,0.0,0.0,0.0,8.530051713089225,May,0,0,0,0,1,0,0,0,0,0,0,0,0
2022-05-25 00:00:00,29655.02613175249,23486436836.56051,1979.770545006472,1328814305331.1875,564885248021.9939,239375431792.8676,1328814305331.1875,0.4251047311544441,0.1801421243227862,0.3947531445227696,11.0,1.0,0.0,0.0,0.0,0.0,8.530051713089225,May,0,0,0,0,1,0,0,0,0,0,0,0,0
2022-05-26 00:00:00,29584.949851985926,23108764916.2066,1944.8428445072448,1318747849872.588,563577022957.9133,235347664835.4594,1318747849872.588,0.4273576810095758,0.1784629752065171,0.394179343783907,12.0,1.0,0.0,0.0,0.0,0.0,8.530051713089225,May,0,0,0,0,1,0,0,0,0,0,0,0,0
2022-05-27 00:00:00,29346.781442431617,31972044691.709656,1807.9694742881136,1273577880916.1108,559066076343.6685,219247293980.1556,1273577880916.1108,0.4389728219380825,0.1721506766609722,0.3888765014009451,12.0,1.0,0.0,0.0,0.0,0.0,8.530051713089225,May,0,0,0,0,1,0,0,0,0,0,0,0,0
2022-05-28 00:00:00,28646.65218193245,31756305901.00553,1724.8757340323443,1240127370555.436,545752899521.8662,208622909553.5016,1240127370555.436,0.4400781020399791,0.1682270019248605,0.3916948960351604,13.0,1.0,0.0,0.0,0.0,0.0,8.530051713089225,May,0,0,0,0,1,0,0,0,0,0,0,0,0
2022-05-29 00:00:00,29088.236452817226,15406515372.711676,1798.6948545788846,1267936609176.228,554938694217.2793,217791356992.8858,1267936609176.228,0.4376706928415137,0.1717683324361016,0.3905609747223846,14.0,1.0,0.0,0.0,0.0,0.0,8.530051713089225,May,0,0,0,0,1,0,0,0,0,0,0,0,0
2022-05-30 00:00:00,29492.50321495364,14496111397.934437,1814.9831598025933,1282622524680.1228,561771345708.952,219535934457.9821,1282622524680.1228,0.4379864963380819,0.1711617644581229,0.3908517392037951,10.0,1.0,0.0,0.0,0.0,0.0,8.530051713089225,May,0,0,0,0,1,0,0,0,0,0,0,0,0
2022-05-31 00:00:00,31740.94072516695,34891305294.623,1995.9364841552344,1373915394980.8545,604926607440.7722,241204871683.00943,1373915394980.8545,0.4402939290517244,0.1755602073928072,0.3841458635554684,16.0,1.0,0.0,0.0,0.0,0.0,8.530051713089225,May,0,0,0,0,1,0,0,0,0,0,0,0,0
2022-06-01 00:00:00,31865.749621173167,29770567353.488136,1944.078766836179,1371462841148.204,607393396318.7885,235235428449.11987,1371462841148.204,0.4428799513155397,0.1715215472058857,0.3855985014785745,17.0,1.0,0.0,0.0,0.0,0.0,8.999298141923106,June,0,0,0,0,0,1,0,0,0,0,0,0,0
2022-06-02 00:00:00,29833.45033020525,35553330791.53566,1828.8926546074288,1292656393386.7583,569001624438.0176,221596716649.2676,1292656393386.7583,0.4401801030413302,0.1714273938402799,0.3883925031183899,13.0,1.0,0.0,0.0,0.0,0.0,8.999298141923106,June,0,0,0,0,0,1,0,0,0,0,0,0,0
2022-06-03 00:00:00,30481.013996026013,24232399986.261147,1833.089840845753,1312564866912.354,580863150152.0535,222487488380.58923,1312564866912.354,0.4425405286966593,0.1695058994714398,0.3879535718319009,10.0,1.0,0.0,0.0,0.0,0.0,8.999298141923106,June,0,0,0,0,0,1,0,0,0,0,0,0,0
2022-06-04 00:00:00,29714.143487149733,21997859590.66833,1776.979907458187,1278875775054.9705,566275595800.1772,214879733566.942,1278875775054.9705,0.4427917135077774,0.168022366017298,0.3891859204749245,14.0,1.0,0.0,0.0,0.0,0.0,8.999298141923106,June,0,0,0,0,0,1,0,0,0,0,0,0,0
2022-06-05 00:00:00,29872.3603087139,12911383481.843807,1804.2616695112488,1288689028437.8457,568340135127.331,217832477905.49496,1288689028437.8457,0.4410219398051951,0.1690341681340706,0.3899438920607342,10.0,1.0,0.0,0.0,0.0,0.0,8.999298141923106,June,0,0,0,0,0,1,0,0,0,0,0,0,0
2022-06-06 00:00:00,29917.7640524562,13395229055.412352,1805.3313949894373,1289861862468.9265,570209935092.4275,218561175507.6209,1289861862468.9265,0.4420705438960632,0.1694454126190479,0.3884840434848888,13.0,1.0,0.0,0.0,0.0,0.0,8.999298141923106,June,0,0,0,0,0,1,0,0,0,0,0,0,0
2022-06-07 00:00:00,31372.5847629755,27644798123.298183,1860.1813068416047,1332836382002.2676,597966736176.5532,225224111085.688,1332836382002.2676,0.4486422671612935,0.1689810648380881,0.3823766680006183,15.0,1.0,0.0,0.0,0.0,0.0,8.999298141923106,June,0,0,0,0,0,1,0,0,0,0,0,0,0
2022-06-08 00:00:00,31265.469277693348,36111325508.04181,1818.3877119829308,1319519037613.5754,597205650752.5386,220727955347.00992,1319519037613.5754,0.4525934327045547,0.1672790987132772,0.380127468582168,17.0,1.0,0.0,0.0,0.0,0.0,8.999298141923106,June,0,0,0,0,0,1,0,0,0,0,0,0,0
2022-06-09 00:00:00,30229.23683613037,27080284928.564884,1794.539625671828,1294040980056.9617,576238781341.3682,217320792647.69748,1294040980056.9617,0.4453018028192608,0.1679396526052299,0.3867585445755092,11.0,1.0,0.0,0.0,0.0,0.0,8.999298141923106,June,0,0,0,0,0,1,0,0,0,0,0,0,0
2022-06-10 00:00:00,30101.187521431468,18871591862.340336,1788.4182866616045,1291858294664.6355,573819802894.6453,216720355679.0561,1291858294664.6355,0.4441816918035952,0.1677586129795423,0.3880596952168624,13.0,1.0,0.0,0.0,0.0,0.0,8.999298141923106,June,0,0,0,0,0,1,0,0,0,0,0,0,0
2022-06-11 00:00:00,29101.2982596468,25663085729.42884,1663.844367412088,1239765118114.3564,554622874799.0432,201384347491.6296,1239765118114.3564,0.4473612514946437,0.1624375009017263,0.39020124760363,12.0,1.0,0.0,0.0,0.0,0.0,8.999298141923106,June,0,0,0,0,0,1,0,0,0,0,0,0,0
2022-06-12 00:00:00,28374.14499732395,22518366769.83909,1530.0386174317211,1188035985857.249,540789214973.6274,185302828001.8518,1188035985857.249,0.4551959885149531,0.1559740868187112,0.3888299246663356,14.0,1.0,0.0,0.0,0.0,0.0,8.999298141923106,June,0,0,0,0,0,1,0,0,0,0,0,0,0
2022-06-13 00:00:00,26767.26917322132,29834061115.62461,1454.6867601728409,1127005631601.79,514202090511.0678,176649606143.59042,1127005631601.79,0.4562551207310676,0.1567424342791632,0.3870024449897691,11.0,1.0,0.0,0.0,0.0,0.0,8.999298141923106,June,0,0,0,0,0,1,0,0,0,0,0,0,0
2022-06-14 00:00:00,22525.7683503912,64852526179.38284,1205.5952855404787,986071050554.6031,429492202561.014,146072737222.6309,986071050554.6031,0.4355590830087259,0.1481361177173532,0.4163047992739208,8.0,1.0,0.0,0.0,0.0,0.0,8.999298141923106,June,0,0,0,0,0,1,0,0,0,0,0,0,0
2022-06-15 00:00:00,22244.848968001315,47639470967.89143,1214.8662649132034,985566486138.1052,423044474596.5387,146866764082.71503,985566486138.1052,0.429239914857716,0.149017611849004,0.4217424732932798,7.0,1.0,0.0,0.0,0.0,0.0,8.999298141923106,June,0,0,0,0,0,1,0,0,0,0,0,0,0
2022-06-16 00:00:00,22529.198114649807,52027211446.51121,1230.3643353556051,1009783195801.504,429887916884.8431,148791271623.67947,1009783195801.504,0.4257229855599096,0.1473497204571502,0.4269272939829401,7.0,1.0,0.0,0.0,0.0,0.0,8.999298141923106,June,0,0,0,0,0,1,0,0,0,0,0,0,0
2022-06-17 00:00:00,20408.690490591813,27449277945.59262,1068.6035748646073,921096386922.8936,389181727345.5773,129200159744.2964,921096386922.8936,0.4225200889623686,0.140267795616825,0.4372121154208064,9.0,1.0,0.0,0.0,0.0,0.0,8.999298141923106,June,0,0,0,0,0,1,0,0,0,0,0,0,0
2022-06-18 00:00:00,20473.05288079512,24232922585.24016,1087.8139244584363,930160668050.4718,391441740414.39136,132057112459.09528,930160668050.4718,0.4208323936496003,0.1419723677801539,0.4371952385702456,6.0,1.0,0.0,0.0,0.0,0.0,8.999298141923106,June,0,0,0,0,0,1,0,0,0,0,0,0,0
2022-06-19 00:00:00,19047.41782828195,38920632524.1614,995.2525692707908,875772660508.1779,362303884192.0101,120148911164.20312,875772660508.1779,0.4136962713380192,0.1371918953195972,0.4491118333423835,6.0,1.0,0.0,0.0,0.0,0.0,8.999298141923106,June,0,0,0,0,0,1,0,0,0,0,0,0,0
2022-06-20 00:00:00,20516.41197977524,32488136325.883087,1125.7540917942745,940600742946.4912,390555374756.5322,136214925416.2125,940600742946.4912,0.4152190795991643,0.144816944317427,0.4399639760834086,9.0,1.0,0.0,0.0,0.0,0.0,8.999298141923106,June,0,0,0,0,0,1,0,0,0,0,0,0,0
2022-06-21 00:00:00,20636.75891240637,28346447996.779846,1132.0543935828048,946089104060.2604,392793374515.9921,136360308696.36774,946089104060.2604,0.4151758780756167,0.1441305138291523,0.4406936080952309,9.0,1.0,0.0,0.0,0.0,0.0,8.999298141923106,June,0,0,0,0,0,1,0,0,0,0,0,0,0
2022-06-22 00:00:00,20700.923933039136,25340643362.789,1124.5613920165545,953266943478.7064,395059669321.2376,136466936749.8006,953266943478.7064,0.4144271151159058,0.1431571058698406,0.4424157790142535,11.0,1.0,0.0,0.0,0.0,0.0,8.999298141923106,June,0,0,0,0,0,1,0,0,0,0,0,0,0
2022-06-23 00:00:00,19983.566482863105,24955466738.11085,1051.0740681589236,922286269038.9148,381616262301.266,127762640725.99548,922286269038.9148,0.4137720305637166,0.1385281826423946,0.4476997867938888,11.0,1.0,0.0,0.0,0.0,0.0,8.999298141923106,June,0,0,0,0,0,1,0,0,0,0,0,0,0
2022-06-24 00:00:00,21100.270533511088,23655104386.97852,1144.4807534808065,971311118102.0696,402495826231.4205,138845063633.00702,971311118102.0696,0.4143840410453579,0.1429460252697494,0.4426699336848927,11.0,1.0,0.0,0.0,0.0,0.0,8.999298141923106,June,0,0,0,0,0,1,0,0,0,0,0,0,0
2022-06-25 00:00:00,21262.71348295613,21955656695.74872,1229.304085446655,1000681760483.4875,407086114490.3726,150370804175.61023,1000681760483.4875,0.4068087683477768,0.1502683571477882,0.4429228745044349,14.0,1.0,0.0,0.0,0.0,0.0,8.999298141923106,June,0,0,0,0,0,1,0,0,0,0,0,0,0
2022-06-26 00:00:00,21525.88036221139,16152442749.306295,1244.286204495393,1008634681929.412,410110791491.0548,150822450290.39703,1008634681929.412,0.4065999304193625,0.1495312951185552,0.4438687744620821,14.0,1.0,0.0,0.0,0.0,0.0,8.999298141923106,June,0,0,0,0,0,1,0,0,0,0,0,0,0
2022-06-27 00:00:00,21052.80539783573,15392697878.417652,1201.237790641909,985573599858.2548,401645800330.4072,145727702946.91232,985573599858.2548,0.4075249178632341,0.1478608020424562,0.4446142800943097,12.0,1.0,0.0,0.0,0.0,0.0,8.999298141923106,June,0,0,0,0,0,1,0,0,0,0,0,0,0
2022-06-28 00:00:00,20751.47753079077,17719011287.9831,1194.2245084746116,975611027408.9,395914576106.05786,144903396178.83267,975611027408.9,0.4058119116975923,0.1485257875402227,0.4456623007621849,10.0,1.0,0.0,0.0,0.0,0.0,8.999298141923106,June,0,0,0,0,0,1,0,0,0,0,0,0,0
2022-06-29 00:00:00,20282.54247926969,18161209601.432373,1143.5335357209958,946912067155.0784,386606940573.39575,138578887988.78128,946912067155.0784,0.4082817760839455,0.1463482120416212,0.4453700118744332,13.0,1.0,0.0,0.0,0.0,0.0,8.999298141923106,June,0,0,0,0,0,1,0,0,0,0,0,0,0
2022-06-30 00:00:00,20108.529472889782,20744333507.35517,1098.9055176105344,934123332938.808,384067866465.5609,133275228451.34706,934123332938.808,0.4111532737944361,0.1426741242315992,0.4461726019739646,11.0,1.0,0.0,0.0,0.0,0.0,8.999298141923106,June,0,0,0,0,0,1,0,0,0,0,0,0,0
2022-07-01 00:00:00,19608.397493423083,22816515394.911003,1057.6309990608015,921006617728.1868,365984224323.4528,125647331913.1351,921006617728.1868,0.3973741526702736,0.1364239186717949,0.4662019286579314,11.0,1.0,0.0,0.0,0.0,0.0,8.447778206754553,July,0,0,0,0,0,0,1,0,0,0,0,0,0
2022-07-02 00:00:00,19407.44743026248,28756781114.699898,1068.8194401301964,908645398263.044,370916529918.7163,128274306967.6086,908645398263.044,0.4082082302158312,0.1411709201552291,0.4506208496289396,14.0,1.0,0.0,0.0,0.0,0.0,8.447778206754553,July,0,0,0,0,0,0,1,0,0,0,0,0,0
2022-07-03 00:00:00,19268.227002666128,15601715000.679424,1068.5415025999594,908318076198.99,367706689137.568,127772810160.63632,908318076198.99,0.4048215033617943,0.1406696767450926,0.454508819893113,11.0,1.0,0.0,0.0,0.0,0.0,8.447778206754553,July,0,0,0,0,0,0,1,0,0,0,0,0,0
2022-07-04 00:00:00,19310.23321852184,13976969844.33244,1074.6073175787587,911843310260.72,368549364135.05225,128552380046.80464,911843310260.72,0.4041805867168936,0.1409807788248708,0.4548386344582356,14.0,1.0,0.0,0.0,0.0,0.0,8.447778206754553,July,0,0,0,0,0,0,1,0,0,0,0,0,0
2022-07-05 00:00:00,20257.01232859288,18634860046.37241,1153.3483147880895,949731276974.9624,386425176262.7784,137709680960.0187,949731276974.9624,0.4068784356492932,0.1449985741215608,0.4481229902291459,19.0,1.0,0.0,0.0,0.0,0.0,8.447778206754553,July,0,0,0,0,0,0,1,0,0,0,0,0,0
2022-07-06 00:00:00,20188.779663973284,23623270105.54542,1134.017069659217,943257685051.4432,385301783065.72974,135655130079.77824,943257685051.4432,0.408479876890392,0.1438155577522593,0.4477045653573486,18.0,1.0,0.0,0.0,0.0,0.0,8.447778206754553,July,0,0,0,0,0,0,1,0,0,0,0,0,0
2022-07-07 00:00:00,20566.68722377,21755499642.28282,1188.72564292538,962081846305.9816,392479833070.6018,142216914175.49112,962081846305.9816,0.4079484864802002,0.1478220535202369,0.4442294599995627,18.0,1.0,0.0,0.0,0.0,0.0,8.447778206754553,July,0,0,0,0,0,0,1,0,0,0,0,0,0
2022-07-08 00:00:00,21660.596837075183,21927087503.43376,1240.3784056617153,998349884040.5498,414055638573.8548,148622605231.4957,998349884040.5498,0.4147400076795493,0.1488682551151166,0.436391737205334,20.0,1.0,0.0,0.0,0.0,0.0,8.447778206754553,July,0,0,0,0,0,0,1,0,0,0,0,0,0
2022-07-09 00:00:00,21858.818749217564,46645398900.96298,1233.5146792602989,1001488446672.8644,417690286504.50726,148022842649.44733,1001488446672.8644,0.4170695007936977,0.147802845995086,0.4351276532112161,24.0,1.0,0.0,0.0,0.0,0.0,8.447778206754553,July,0,0,0,0,0,0,1,0,0,0,0,0,0
2022-07-10 00:00:00,21589.628101459668,26211587451.783283,1216.8497068484603,997534858445.6766,412459838738.2113,145667751203.8659,997534858445.6766,0.4134791233069204,0.1460277302297387,0.4404931464633408,24.0,1.0,0.0,0.0,0.0,0.0,8.447778206754553,July,0,0,0,0,0,0,1,0,0,0,0,0,0
2022-07-11 00:00:00,20859.81407965063,25037950754.00336,1169.012707661018,967183707752.13,398249545888.6735,139844141994.57858,967183707752.13,0.4117620496464535,0.14458901744695,0.4436489329065963,22.0,1.0,0.0,0.0,0.0,0.0,8.447778206754553,July,0,0,0,0,0,0,1,0,0,0,0,0,0
2022-07-12 00:00:00,19998.46783957584,21319467248.801025,1097.4494380477286,926809750392.9528,382000290322.39886,131363492852.48431,926809750392.9528,0.4121668877139421,0.1417372797349059,0.4460958325511518,16.0,1.0,0.0,0.0,0.0,0.0,8.447778206754553,July,0,0,0,0,0,0,1,0,0,0,0,0,0
2022-07-13 00:00:00,19350.73735007727,22074971578.2899,1040.7971455029597,899572383506.2245,370191767290.5106,124831295049.54146,899572383506.2245,0.4115197110071678,0.1387673714070589,0.4497129175857733,15.0,1.0,0.0,0.0,0.0,0.0,8.447778206754553,July,0,0,0,0,0,0,1,0,0,0,0,0,0
2022-07-14 00:00:00,20225.23866433186,28560004360.90292,1112.9207827012565,939892068516.6978,385462566548.9708,132986401488.71632,939892068516.6978,0.4101136497058575,0.1414911413164603,0.4483952089776821,18.0,1.0,0.0,0.0,0.0,0.0,8.447778206754553,July,0,0,0,0,0,0,1,0,0,0,0,0,0
2022-07-15 00:00:00,20574.84059150044,28732413536.669937,1191.1308371103116,959239754914.8728,393104346702.71136,142767764050.56015,959239754914.8728,0.409808230620714,0.1488342860260519,0.441357483353234,15.0,1.0,0.0,0.0,0.0,0.0,8.447778206754553,July,0,0,0,0,0,0,1,0,0,0,0,0,0
2022-07-16 00:00:00,20794.811981436706,46542248374.33238,1234.0991389763224,977005971075.474,397285233065.6553,147677565536.3019,977005971075.474,0.4066354196672201,0.1511531862735092,0.4422113940592705,21.0,1.0,0.0,0.0,0.0,0.0,8.447778206754553,July,0,0,0,0,0,0,1,0,0,0,0,0,0
2022-07-17 00:00:00,21193.08334336837,42051101694.797554,1355.04564021949,1011844013093.8416,404705642580.8908,161839496479.48514,1011844013093.8416,0.3999684114782197,0.1599451045667012,0.4400864839550789,24.0,1.0,0.0,0.0,0.0,0.0,8.447778206754553,July,0,0,0,0,0,0,1,0,0,0,0,0,0
2022-07-18 00:00:00,20824.36275165164,29615794461.49923,1344.7202840019015,997825040365.3788,397660610560.5498,161551223982.244,997825040365.3788,0.3985273915504629,0.1619033572489701,0.4395692512005668,20.0,1.0,0.0,0.0,0.0,0.0,8.447778206754553,July,0,0,0,0,0,0,1,0,0,0,0,0,0
2022-07-19 00:00:00,22395.365383103952,58636734705.48306,1570.6589588642053,1073736708537.068,425756736660.6174,187518878564.4312,1073736708537.068,0.3965187492199064,0.1746413967907641,0.4288398539893294,30.0,0.0,1.0,0.0,0.0,0.0,8.447778206754553,July,0,0,0,0,0,0,1,0,0,0,0,0,0
2022-07-20 00:00:00,23366.90769792785,57338223361.51413,1542.6298214332237,1093622410870.1798,445889013251.1064,184299116474.0005,1093622410870.1798,0.4077175164107316,0.1685217078967468,0.4237607756925216,31.0,0.0,1.0,0.0,0.0,0.0,8.447778206754553,July,0,0,0,0,0,0,1,0,0,0,0,0,0
2022-07-21 00:00:00,23313.296731959555,40775718993.79776,1527.413930759309,1084781870629.245,446130012149.9108,183383314168.63928,1084781870629.245,0.4112624152643019,0.1690508655553626,0.4196867191803354,34.0,0.0,1.0,0.0,0.0,0.0,8.447778206754553,July,0,0,0,0,0,0,1,0,0,0,0,0,0
2022-07-22 00:00:00,23155.207555248304,63224249257.51128,1576.8252394976823,1102705722308.6987,442379611364.02734,188807814065.77225,1102705722308.6987,0.4011764901680493,0.1712223036899378,0.4276012061420129,33.0,0.0,1.0,0.0,0.0,0.0,8.447778206754553,July,0,0,0,0,0,0,1,0,0,0,0,0,0
2022-07-23 00:00:00,22696.90275429005,40304373301.41499,1536.124922238913,1080957250261.2751,433485926857.3929,183933879174.97644,1080957250261.2751,0.4010204166285172,0.1701583287688003,0.4288212546026825,31.0,0.0,1.0,0.0,0.0,0.0,8.447778206754553,July,0,0,0,0,0,0,1,0,0,0,0,0,0
2022-07-24 00:00:00,22506.199573628983,42519262113.1533,1552.4964891908746,1073298414167.5452,429803379587.5513,185766674503.14,1073298414167.5452,0.4004509593176922,0.17308017234631,0.4264688683359977,30.0,0.0,1.0,0.0,0.0,0.0,8.447778206754553,July,0,0,0,0,0,0,1,0,0,0,0,0,0
2022-07-25 00:00:00,22613.71920824845,33108916659.05373,1601.2079670127046,1085142032808.98,433819662321.5266,192833875418.8718,1085142032808.98,0.3997814564408204,0.1777038116565306,0.4225147319026489,30.0,0.0,1.0,0.0,0.0,0.0,8.447778206754553,July,0,0,0,0,0,0,1,0,0,0,0,0,0
2022-07-26 00:00:00,21330.295450788173,42667548128.93224,1450.4822852139405,1010398896592.2444,407480099599.8142,176371406952.78534,1010398896592.2444,0.4032863663787793,0.1745562149242544,0.4221574186969662,26.0,0.0,1.0,0.0,0.0,0.0,8.447778206754553,July,0,0,0,0,0,0,1,0,0,0,0,0,0
2022-07-27 00:00:00,21235.61231608577,53995620035.18145,1438.9880382230651,1018115919634.586,405692421501.5272,172489862867.98703,1018115919634.586,0.3984737039050868,0.1694206519527714,0.4321056441421417,28.0,0.0,1.0,0.0,0.0,0.0,8.447778206754553,July,0,0,0,0,0,0,1,0,0,0,0,0,0
2022-07-28 00:00:00,22908.884260468687,54498281944.45157,1636.9491814677851,1091088712032.4158,437193517021.8447,195761014376.11777,1091088712032.4158,0.4006947484659303,0.1794180548449316,0.419887196689138,32.0,0.0,1.0,0.0,0.0,0.0,8.447778206754553,July,0,0,0,0,0,0,1,0,0,0,0,0,0
2022-07-29 00:00:00,23822.06759782312,55609627980.6571,1723.5485206790595,1141373692743.0188,454806622614.75885,206347207632.4567,1141373692743.0188,0.3984730202793967,0.180788473524872,0.4207385061957313,39.0,0.0,1.0,0.0,0.0,0.0,8.447778206754553,July,0,0,0,0,0,0,1,0,0,0,0,0,0
2022-07-30 00:00:00,23847.58331873861,41089335195.63975,1739.0421771356112,1150997516666.7544,459609388579.5554,210767555013.8352,1150997516666.7544,0.3993139706422364,0.1831172977889736,0.41756873156879,42.0,0.0,1.0,0.0,0.0,0.0,8.447778206754553,July,0,0,0,0,0,0,1,0,0,0,0,0,0
2022-07-31 00:00:00,23653.4595494308,62102072346.807785,1696.7850982136515,1141627437548.6577,451726702392.36206,203433082401.512,1141627437548.6577,0.3956866202885991,0.1781956842578438,0.426117695453557,39.0,0.0,1.0,0.0,0.0,0.0,8.447778206754553,July,0,0,0,0,0,0,1,0,0,0,0,0,0
2022-08-01 00:00:00,23379.70052509082,31786729326.443203,1682.011373614746,1128416695227.4082,447051019373.1847,201684547325.2247,1128416695227.4082,0.3961754742410038,0.1787323319286582,0.425092193830338,33.0,0.0,1.0,0.0,0.0,0.0,8.216255059541266,August,0,0,0,0,0,0,0,1,0,0,0,0,0
2022-08-02 00:00:00,23333.749243312184,44489771146.510735,1636.0185563573557,1124037794220.8535,445958949620.3002,195962280445.4563,1124037794220.8535,0.3967472908056658,0.1743378038113842,0.4289149053829498,31.0,0.0,1.0,0.0,0.0,0.0,8.216255059541266,August,0,0,0,0,0,0,0,1,0,0,0,0,0
2022-08-03 00:00:00,23053.84684748268,35151096516.75639,1638.3786826572205,1095019477846.0796,440954684720.7478,197496591505.0525,1095019477846.0796,0.4026911791451532,0.1803589757997103,0.4169498450551364,34.0,0.0,1.0,0.0,0.0,0.0,8.216255059541266,August,0,0,0,0,0,0,0,1,0,0,0,0,0
2022-08-04 00:00:00,22860.42098438317,41334593234.075066,1621.3413236364063,1125200707725.4812,437035641450.2815,194280005714.3,1125200707725.4812,0.3884068312876554,0.1726625342309143,0.4389306344814302,30.0,0.0,1.0,0.0,0.0,0.0,8.216255059541266,August,0,0,0,0,0,0,0,1,0,0,0,0,0
2022-08-05 00:00:00,22678.363633874185,23624874220.429745,1612.4189067269824,1108457304813.6006,432420621055.8012,192923352504.82288,1108457304813.6006,0.3901103084241188,0.1740467148955864,0.4358429766802947,31.0,0.0,1.0,0.0,0.0,0.0,8.216255059541266,August,0,0,0,0,0,0,0,1,0,0,0,0,0
2022-08-06 00:00:00,23225.036201942938,27040190909.828075,1725.3826270211505,1148074387693.3696,443821669890.4801,206550599256.62897,1148074387693.3696,0.3865791926446294,0.1799104670139152,0.4335103403414553,31.0,0.0,1.0,0.0,0.0,0.0,8.216255059541266,August,0,0,0,0,0,0,0,1,0,0,0,0,0
2022-08-07 00:00:00,22984.57953144855,14439694271.14074,1693.2965918360276,1129615935140.9348,439414782173.1877,203417937064.1421,1129615935140.9348,0.388994850819243,0.1800770781785784,0.4309280710021784,30.0,0.0,1.0,0.0,0.0,0.0,8.216255059541266,August,0,0,0,0,0,0,0,1,0,0,0,0,0
2022-08-08 00:00:00,23197.603469525384,14324042469.270954,1699.0064178886953,1148911500790.023,442979379284.1196,203847481552.7308,1148911500790.023,0.3855644050734237,0.1774266176398788,0.4370089772866974,30.0,0.0,1.0,0.0,0.0,0.0,8.216255059541266,August,0,0,0,0,0,0,0,1,0,0,0,0,0
2022-08-09 00:00:00,23823.67944245361,27756736787.028625,1775.7013555270828,1172216086109.5024,455450642522.2554,213209087779.6641,1172216086109.5024,0.3885381269880556,0.1818854819569053,0.429576391055039,42.0,0.0,1.0,0.0,0.0,0.0,8.216255059541266,August,0,0,0,0,0,0,0,1,0,0,0,0,0
2022-08-10 00:00:00,23203.680696781623,29738069337.77638,1698.9661290126492,1130474810790.975,443382534834.6949,204260348576.8655,1130474810790.975,0.3922091236375866,0.1806854488283094,0.4271054275341039,31.0,0.0,1.0,0.0,0.0,0.0,8.216255059541266,August,0,0,0,0,0,0,0,1,0,0,0,0,0
2022-08-11 00:00:00,23948.82955327164,32215976525.650154,1852.8785552656475,1202522070900.0305,457270455537.3291,222103417229.72577,1202522070900.0305,0.3802595117402576,0.1846979964895712,0.4350424917701711,41.0,0.0,1.0,0.0,0.0,0.0,8.216255059541266,August,0,0,0,0,0,0,0,1,0,0,0,0,0
2022-08-12 00:00:00,23948.75170368143,33892871243.716595,1881.4274054353,1195631579781.958,458070674127.7904,225973452853.74725,1195631579781.958,0.3831202536581768,0.1889992341076814,0.4278805122341418,42.0,0.0,1.0,0.0,0.0,0.0,8.216255059541266,August,0,0,0,0,0,0,0,1,0,0,0,0,0
2022-08-13 00:00:00,24411.37987152261,25195193357.103275,1959.3309247187408,1218608860411.161,466765701334.6809,235254593664.57745,1218608860411.161,0.3830315998007706,0.1930517669018114,0.423916633297418,46.0,0.0,1.0,0.0,0.0,0.0,8.216255059541266,August,0,0,0,0,0,0,0,1,0,0,0,0,0
2022-08-14 00:00:00,24433.653747243658,22240559959.52209,1982.4118280514235,1221579175368.3386,467078368768.6749,237972056306.9893,1221579175368.3386,0.3823561977698567,0.1948069033145022,0.4228368989156411,47.0,0.0,0.0,1.0,0.0,0.0,8.216255059541266,August,0,0,0,0,0,0,0,1,0,0,0,0,0
2022-08-15 00:00:00,24312.54142489156,21287616855.70449,1936.7011636052605,1219072906197.9197,464896345363.0234,232593263080.4341,1219072906197.9197,0.3813523727739596,0.1907952033860327,0.4278524238400076,45.0,0.0,1.0,0.0,0.0,0.0,8.216255059541266,August,0,0,0,0,0,0,0,1,0,0,0,0,0
2022-08-16 00:00:00,24179.0146523092,33404812507.80541,1908.2776419059185,1201503195298.9983,462437221425.1544,229440415801.9887,1201503195298.9983,0.384882223563355,0.190961136599301,0.424156639837344,44.0,0.0,1.0,0.0,0.0,0.0,8.216255059541266,August,0,0,0,0,0,0,0,1,0,0,0,0,0
2022-08-17 00:00:00,23913.333725628458,24971300201.368164,1880.6001012594395,1190868373281.588,456791042838.0383,225581585656.9299,1190868373281.588,0.3835781124821487,0.1894261286285666,0.4269957588892847,41.0,0.0,1.0,0.0,0.0,0.0,8.216255059541266,August,0,0,0,0,0,0,0,1,0,0,0,0,0
2022-08-18 00:00:00,23359.418837070007,29567403252.00121,1834.8264526426367,1168195948938.8633,447015816173.3428,220665870251.26813,1168195948938.8633,0.3826548248000619,0.188894568973391,0.428450606226547,30.0,0.0,1.0,0.0,0.0,0.0,8.216255059541266,August,0,0,0,0,0,0,0,1,0,0,0,0,0
2022-08-19 00:00:00,23248.38422819264,20228208349.156567,1850.1112910473696,1143586931946.6523,444845955425.38696,222652366350.8803,1143586931946.6523,0.3889918142630006,0.194696494102004,0.4163116916349952,33.0,0.0,1.0,0.0,0.0,0.0,8.216255059541266,August,0,0,0,0,0,0,0,1,0,0,0,0,0
2022-08-20 00:00:00,20945.8339660496,35142410593.122185,1618.5325042633535,1060689878172.0828,400810425580.64777,194817731984.8732,1060689878172.0828,0.3778771098215586,0.1836707750248434,0.4384521151535979,29.0,0.0,1.0,0.0,0.0,0.0,8.216255059541266,August,0,0,0,0,0,0,0,1,0,0,0,0,0
2022-08-21 00:00:00,21175.232732989512,23809679190.922188,1579.4157230953704,1057712230266.0144,404924875533.8922,189621068133.3333,1057712230266.0144,0.3828308531821114,0.1792747239820075,0.4378944228358811,27.0,0.0,1.0,0.0,0.0,0.0,8.216255059541266,August,0,0,0,0,0,0,0,1,0,0,0,0,0
2022-08-22 00:00:00,21615.761693416986,20476237108.35153,1624.149982884847,1072388944220.6288,413578924865.8514,195324471844.68927,1072388944220.6288,0.3856613098211532,0.1821395799512308,0.4321991102276159,29.0,0.0,1.0,0.0,0.0,0.0,8.216255059541266,August,0,0,0,0,0,0,0,1,0,0,0,0,0
2022-08-23 00:00:00,21387.747114773963,28856912427.17573,1622.30703457785,1069250735183.8386,408409110509.79584,193708156170.03223,1069250735183.8386,0.3819582227732367,0.1811625185712194,0.4368792586555438,28.0,0.0,1.0,0.0,0.0,0.0,8.216255059541266,August,0,0,0,0,0,0,0,1,0,0,0,0,0
2022-08-24 00:00:00,21562.45153991356,29331102121.79332,1665.7919073919315,1071181410564.4736,412338357271.396,199889229686.9934,1071181410564.4736,0.3849379322724698,0.1866063280370586,0.4284557396904715,25.0,1.0,0.0,0.0,0.0,0.0,8.216255059541266,August,0,0,0,0,0,0,0,1,0,0,0,0,0
2022-08-25 00:00:00,21395.45846975991,26855905243.36116,1657.7936424663385,1081642143275.1335,409503007623.0169,199117634174.2089,1081642143275.1335,0.3785937984841009,0.1840882730135636,0.4373179285023354,25.0,1.0,0.0,0.0,0.0,0.0,8.216255059541266,August,0,0,0,0,0,0,0,1,0,0,0,0,0
2022-08-26 00:00:00,21618.009019176647,26767966536.315014,1697.0769719636442,1085321091429.3206,413843488595.5175,204240810436.6186,1085321091429.3206,0.3813097265533683,0.1881846875081385,0.4305055859384931,27.0,0.0,1.0,0.0,0.0,0.0,8.216255059541266,August,0,0,0,0,0,0,0,1,0,0,0,0,0
2022-08-27 00:00:00,20271.322951706014,34910727805.04114,1510.1891114840514,1015545532244.0564,387215087166.7839,181238520850.37888,1015545532244.0564,0.381287765907603,0.1784641998767846,0.4402480342156123,28.0,0.0,1.0,0.0,0.0,0.0,8.216255059541266,August,0,0,0,0,0,0,0,1,0,0,0,0,0
2022-08-28 00:00:00,20069.9533315962,24463219414.74348,1496.0554659420902,1005808854344.9471,383790676113.79205,179887478326.98642,1005808854344.9471,0.3815741673538391,0.1788485730165317,0.4395772596296292,28.0,0.0,1.0,0.0,0.0,0.0,8.216255059541266,August,0,0,0,0,0,0,0,1,0,0,0,0,0
2022-08-29 00:00:00,19659.24670619362,19781826309.451183,1438.7470503278116,988318034362.805,376180531070.6233,173645963258.54285,988318034362.805,0.3806270026360056,0.1756984667091469,0.4436745306548474,24.0,1.0,0.0,0.0,0.0,0.0,8.216255059541266,August,0,0,0,0,0,0,0,1,0,0,0,0,0
2022-08-30 00:00:00,20308.861447891457,28706315246.140064,1555.1774560415913,1028083975839.4886,389119405471.2333,187437853967.29883,1028083975839.4886,0.37848990414766,0.1823176495035293,0.4391924463488106,27.0,0.0,1.0,0.0,0.0,0.0,8.216255059541266,August,0,0,0,0,0,0,0,1,0,0,0,0,0
2022-08-31 00:00:00,19805.35069885804,30308993725.45616,1525.400116232047,1017528928295.206,379555151404.602,184447549243.5485,1017528928295.206,0.3730165706841558,0.1812700790262313,0.4457133502896129,23.0,1.0,0.0,0.0,0.0,0.0,8.216255059541266,August,0,0,0,0,0,0,0,1,0,0,0,0,0
2022-09-01 00:00:00,20023.55444491251,27825786159.8556,1552.5629662281335,1021274654652.6312,383348414528.7825,186670000430.8127,1021274654652.6312,0.3753627026602082,0.1827813894924331,0.4418559078473587,20.0,1.0,0.0,0.0,0.0,0.0,8.205751582451759,September,0,0,0,0,0,0,0,0,1,0,0,0,0
2022-09-02 00:00:00,20153.975977982507,25616737335.88055,1588.9803510869067,1022948615018.1272,385027707310.6654,191078487039.9417,1022948615018.1272,0.3763900763518239,0.1867918722745968,0.4368180513735792,25.0,1.0,0.0,0.0,0.0,0.0,8.205751582451759,September,0,0,0,0,0,0,0,0,1,0,0,0,0
2022-09-03 00:00:00,19941.45137004716,24078042298.34008,1575.1766307276075,1021717438739.2406,381788074511.76855,189678877652.6803,1021717438739.2406,0.373672857128562,0.1856470981710331,0.4406800447004049,21.0,1.0,0.0,0.0,0.0,0.0,8.205751582451759,September,0,0,0,0,0,0,0,0,1,0,0,0,0
2022-09-04 00:00:00,19814.5642451146,20048153187.39969,1555.6740772078124,1019507597368.8358,379422449024.2574,187266246294.68723,1019507597368.8358,0.3721624537212649,0.1836830316693935,0.4441545146093415,20.0,1.0,0.0,0.0,0.0,0.0,8.205751582451759,September,0,0,0,0,0,0,0,0,1,0,0,0,0
2022-09-05 00:00:00,19980.01322224228,21537524477.36904,1578.9493013433012,1024967477565.8514,382421043401.0045,190082046955.2256,1024967477565.8514,0.3731055392208139,0.1854517837059989,0.4414426770731871,23.0,1.0,0.0,0.0,0.0,0.0,8.205751582451759,September,0,0,0,0,0,0,0,0,1,0,0,0,0
2022-09-06 00:00:00,19785.73350185514,23522961655.00036,1617.9354554854335,1046119037543.8516,378685143698.17633,194714097035.8242,1046119037543.8516,0.3619904906685177,0.1861299623157485,0.4518795470157337,22.0,1.0,0.0,0.0,0.0,0.0,8.205751582451759,September,0,0,0,0,0,0,0,0,1,0,0,0,0
2022-09-07 00:00:00,18859.50008768028,39940310406.47586,1564.5589540302462,992757490713.8092,361210437263.86273,188733785486.0839,992757490713.8092,0.3638455923451621,0.1901106637335782,0.4460437439212595,24.0,1.0,0.0,0.0,0.0,0.0,8.205751582451759,September,0,0,0,0,0,0,0,0,1,0,0,0,0
2022-09-08 00:00:00,19280.62547645678,30517907004.082462,1629.8832311636493,1021262787010.2336,369340091982.8708,196797197824.3024,1021262787010.2336,0.3616503966272197,0.1926998617079057,0.4456497416648745,20.0,1.0,0.0,0.0,0.0,0.0,8.205751582451759,September,0,0,0,0,0,0,0,0,1,0,0,0,0
2022-09-09 00:00:00,19322.77774937157,28936941008.35892,1635.9321760130483,1028518852039.3844,369723445425.44885,196882691710.4924,1028518852039.3844,0.359471724502033,0.191423512870091,0.4491047626278759,22.0,1.0,0.0,0.0,0.0,0.0,8.205751582451759,September,0,0,0,0,0,0,0,0,1,0,0,0,0
2022-09-10 00:00:00,21359.58252557909,42487059054.97593,1717.0769569840472,1090995339403.1698,408976281844.7646,206873029263.2678,1090995339403.1698,0.3748652877550288,0.1896186186977095,0.4355160935472617,28.0,0.0,1.0,0.0,0.0,0.0,8.205751582451759,September,0,0,0,0,0,0,0,0,1,0,0,0,0
2022-09-11 00:00:00,21707.38731931814,35941349745.24438,1779.5190288833046,1108403411602.9482,415974687298.0947,214315849498.72748,1108403411602.9482,0.3752917781951982,0.1933554581799678,0.4313527636248339,26.0,0.0,1.0,0.0,0.0,0.0,8.205751582451759,September,0,0,0,0,0,0,0,0,1,0,0,0,0
2022-09-12 00:00:00,21739.80437979554,31266252145.35619,1761.317355880691,1110005084197.9312,416073628622.0949,211895058510.3476,1110005084197.9312,0.3748393899679675,0.1908955747382535,0.4342650352937789,25.0,1.0,0.0,0.0,0.0,0.0,8.205751582451759,September,0,0,0,0,0,0,0,0,1,0,0,0,0
2022-09-13 00:00:00,22339.67050262336,44006486689.44507,1710.1642908515214,1112699496087.7432,427473787888.3761,205793007270.87155,1112699496087.7432,0.3841772099217947,0.1849493129047337,0.4308734771734716,34.0,0.0,1.0,0.0,0.0,0.0,8.205751582451759,September,0,0,0,0,0,0,0,0,1,0,0,0,0
2022-09-14 00:00:00,20184.96749189655,46489890914.82466,1573.205213695171,1029952227275.753,386529657258.8565,189778580452.9788,1029952227275.753,0.3752889182843326,0.1842595951803972,0.4404514865352701,27.0,0.0,1.0,0.0,0.0,0.0,8.205751582451759,September,0,0,0,0,0,0,0,0,1,0,0,0,0
2022-09-15 00:00:00,20255.922978327133,35789015870.392235,1635.3682061921256,1043057608197.4568,387486232249.8002,196550513818.88647,1043057608197.4568,0.3714907299506,0.1884368727807394,0.4400723972686605,28.0,0.0,1.0,0.0,0.0,0.0,8.205751582451759,September,0,0,0,0,0,0,0,0,1,0,0,0,0
2022-09-16 00:00:00,19702.16988981172,33715957206.68328,1471.999592516298,1002445218890.4128,377719382182.4472,177918273632.48117,1002445218890.4128,0.376798028525227,0.1774842857043255,0.4457176857704474,20.0,1.0,0.0,0.0,0.0,0.0,8.205751582451759,September,0,0,0,0,0,0,0,0,1,0,0,0,0
2022-09-17 00:00:00,19764.411712043777,30187737709.58007,1432.215807478607,1004442875415.4758,377988702161.6817,172471655154.62585,1004442875415.4758,0.3763167736197354,0.1717087744619473,0.4519744519183171,22.0,1.0,0.0,0.0,0.0,0.0,8.205751582451759,September,0,0,0,0,0,0,0,0,1,0,0,0,0
2022-09-18 00:00:00,20131.675305714027,23394494073.784782,1471.2039553630448,1012809316581.636,385486747327.04944,177299639477.4967,1012809316581.636,0.3806113757208688,0.1750572754167647,0.4443313488623663,27.0,0.0,1.0,0.0,0.0,0.0,8.205751582451759,September,0,0,0,0,0,0,0,0,1,0,0,0,0
2022-09-19 00:00:00,19437.157867982634,28689764413.699097,1335.8525523850524,970741768475.2396,372598380208.2709,161378107849.57123,970741768475.2396,0.3838285240301521,0.1662420564256244,0.4499294195442235,21.0,1.0,0.0,0.0,0.0,0.0,8.205751582451759,September,0,0,0,0,0,0,0,0,1,0,0,0,0
2022-09-20 00:00:00,19570.386709523507,39507938864.87854,1379.920704526258,985127719315.7782,374524246937.4287,166370229681.14825,985127719315.7782,0.3801783663112789,0.1688818885298455,0.4509397451588754,23.0,1.0,0.0,0.0,0.0,0.0,8.205751582451759,September,0,0,0,0,0,0,0,0,1,0,0,0,0
2022-09-21 00:00:00,18869.92880939053,33890591849.67652,1324.1905646155858,960593452692.3514,361980678159.1343,159844149938.74484,960593452692.3514,0.3768302575294208,0.1664014568189421,0.4567682856516371,23.0,1.0,0.0,0.0,0.0,0.0,8.205751582451759,September,0,0,0,0,0,0,0,0,1,0,0,0,0
2022-09-22 00:00:00,18539.63523831258,41059997264.96848,1252.7745621685783,939522504820.3206,355194467885.9514,151084586604.48166,939522504820.3206,0.3780584989327964,0.1608099708408537,0.4611315302263498,22.0,1.0,0.0,0.0,0.0,0.0,8.205751582451759,September,0,0,0,0,0,0,0,0,1,0,0,0,0
2022-09-23 00:00:00,19464.322663348463,37660914389.8923,1330.79279292183,983647987025.2688,372075639498.16974,160415097114.1742,983647987025.2688,0.378260967750663,0.1630818130368962,0.4586572192124408,20.0,1.0,0.0,0.0,0.0,0.0,8.205751582451759,September,0,0,0,0,0,0,0,0,1,0,0,0,0
2022-09-24 00:00:00,19291.904802452067,35506139423.901344,1329.558806730321,979229743675.4846,370913140447.5164,160823914264.80762,979229743675.4846,0.3787805087040294,0.1642351198005525,0.4569843714954179,24.0,1.0,0.0,0.0,0.0,0.0,8.205751582451759,September,0,0,0,0,0,0,0,0,1,0,0,0,0
2022-09-25 00:00:00,18939.97058049937,24644354421.61794,1318.099347021849,972647580915.918,363168779956.3335,159030822515.26553,972647580915.918,0.3733816719251453,0.1635030257984193,0.4631153022764354,24.0,1.0,0.0,0.0,0.0,0.0,8.205751582451759,September,0,0,0,0,0,0,0,0,1,0,0,0,0
2022-09-26 00:00:00,18809.41143933244,21516374222.67532,1294.075095279779,962031003298.2944,360256894978.40894,156146367767.27133,962031003298.2944,0.3744753482406273,0.1623090807176984,0.4632155710416742,21.0,1.0,0.0,0.0,0.0,0.0,8.205751582451759,September,0,0,0,0,0,0,0,0,1,0,0,0,0
2022-09-27 00:00:00,19219.727780656474,42560193944.41844,1335.1212051991713,976719967602.9164,367613056759.2221,160767471777.8733,976719967602.9164,0.3763750808345043,0.1645993499778976,0.459025569187598,20.0,1.0,0.0,0.0,0.0,0.0,8.205751582451759,September,0,0,0,0,0,0,0,0,1,0,0,0,0
2022-09-28 00:00:00,19116.33116071044,52482615483.86207,1331.150176933863,972466085025.921,366383164263.7157,160800122124.8998,972466085025.921,0.3767567526572917,0.1653529357999294,0.4578903115427789,20.0,1.0,0.0,0.0,0.0,0.0,8.205751582451759,September,0,0,0,0,0,0,0,0,1,0,0,0,0
2022-09-29 00:00:00,19444.78777136297,47494258189.70422,1340.0230594816517,981530729759.916,372892084645.0075,161716193676.29504,981530729759.916,0.379908721488748,0.1647591754115035,0.4553321030997485,22.0,1.0,0.0,0.0,0.0,0.0,8.205751582451759,September,0,0,0,0,0,0,0,0,1,0,0,0,0
2022-09-30 00:00:00,19563.765161776904,37537716230.48356,1335.7389706335669,985771396000.0128,374830625219.6003,161267455734.36823,985771396000.0128,0.3802409227337688,0.163595186864568,0.456163890401663,21.0,1.0,0.0,0.0,0.0,0.0,8.205751582451759,September,0,0,0,0,0,0,0,0,1,0,0,0,0
2022-10-01 00:00:00,19476.92659600407,37848666330.67224,1329.1460320707963,980866868240.4512,373222100680.7475,160462955554.32846,980866868240.4512,0.3805023013472357,0.1635930020168571,0.4559046966359071,20.0,1.0,0.0,0.0,0.0,0.0,7.757261470809462,October,0,0,0,0,0,0,0,0,0,1,0,0,0
2022-10-02 00:00:00,19314.463835217448,15943514602.722157,1311.2633244162855,973672739003.635,370204708063.3375,158410068981.48102,973672739003.635,0.3802147202376952,0.1626933389791553,0.4570919407831494,24.0,1.0,0.0,0.0,0.0,0.0,7.757261470809462,October,0,0,0,0,0,0,0,0,0,1,0,0,0
2022-10-03 00:00:00,19065.153837148988,17859684587.64641,1277.901345279672,961431190261.1676,366195863790.6755,154934842225.90906,961431190261.1676,0.3808861908164227,0.1611502141758287,0.4579635950077486,24.0,1.0,0.0,0.0,0.0,0.0,7.757261470809462,October,0,0,0,0,0,0,0,0,0,1,0,0,0
2022-10-04 00:00:00,19620.567543591394,26634227151.925247,1323.5040179722914,982344452268.458,375767908259.0832,159951067075.9052,982344452268.458,0.3825215354872205,0.1628258465821653,0.454652617930614,20.0,1.0,0.0,0.0,0.0,0.0,7.757261470809462,October,0,0,0,0,0,0,0,0,0,1,0,0,0
2022-10-05 00:00:00,20345.398520106643,30974520027.94433,1363.2371821945037,1009060806554.5508,390177741507.47705,164781680358.15567,1009060806554.5508,0.3866741617284128,0.1633020322341173,0.4500238060374698,25.0,1.0,0.0,0.0,0.0,0.0,7.757261470809462,October,0,0,0,0,0,0,0,0,0,1,0,0,0
2022-10-06 00:00:00,20161.830614985047,29366342083.10176,1352.5865243024869,1003498877210.464,386368899196.38165,163475522281.134,1003498877210.464,0.385021755351051,0.1629055358144145,0.4520727088345344,26.0,0.0,1.0,0.0,0.0,0.0,7.757261470809462,October,0,0,0,0,0,0,0,0,0,1,0,0,0
2022-10-07 00:00:00,19949.051041418512,31354758329.142307,1351.4273691979538,996301417351.5142,382505641462.1564,163307579801.84253,996301417351.5142,0.3839256221063882,0.1639138286443132,0.4521605492492985,23.0,1.0,0.0,0.0,0.0,0.0,7.757261470809462,October,0,0,0,0,0,0,0,0,0,1,0,0,0
2022-10-08 00:00:00,19457.308951251147,25445042398.33797,1324.89473802906,986024734208.5638,373170861484.1397,160084472602.33664,986024734208.5638,0.3784599397333238,0.1623534045835361,0.4591866556831401,24.0,1.0,0.0,0.0,0.0,0.0,7.757261470809462,October,0,0,0,0,0,0,0,0,0,1,0,0,0
2022-10-09 00:00:00,19418.037989243952,12996183216.30484,1315.857799905668,979170330391.3186,372391945609.07526,159083423929.71472,979170330391.3186,0.380313755483432,0.1624675697293015,0.4572186747872666,22.0,1.0,0.0,0.0,0.0,0.0,7.757261470809462,October,0,0,0,0,0,0,0,0,0,1,0,0,0
2022-10-10 00:00:00,19448.14900175761,14404623229.04686,1322.2697552193713,983930732076.5956,372264710552.3351,159586330117.54977,983930732076.5956,0.3783444285419022,0.1621926472209494,0.4594629242371484,22.0,1.0,0.0,0.0,0.0,0.0,7.757261470809462,October,0,0,0,0,0,0,0,0,0,1,0,0,0
2022-10-11 00:00:00,19142.69476739289,23743487600.53748,1291.0816596695552,963892045258.172,367207056773.2261,156180434676.1384,963892045258.172,0.3809628459739722,0.1620310442901378,0.4570061097358899,24.0,1.0,0.0,0.0,0.0,0.0,7.757261470809462,October,0,0,0,0,0,0,0,0,0,1,0,0,0
2022-10-12 00:00:00,19058.628039738272,25102717820.99086,1279.8833075472612,957327540343.115,365118514776.268,154657511483.1829,957327540343.115,0.3813935141209937,0.1615513029404254,0.4570551829385809,20.0,1.0,0.0,0.0,0.0,0.0,7.757261470809462,October,0,0,0,0,0,0,0,0,0,1,0,0,0
2022-10-13 00:00:00,19153.039779986982,22339104401.38417,1294.2710513882173,960712983977.5668,367301644901.367,156488571589.45505,960712983977.5668,0.3823219328010495,0.1628879532173671,0.4547901139815835,20.0,1.0,0.0,0.0,0.0,0.0,7.757261470809462,October,0,0,0,0,0,0,0,0,0,1,0,0,0
2022-10-14 00:00:00,19383.9432200889,37194496437.924,1288.1640147020812,962815656949.9696,371647189087.476,155703285133.85605,962815656949.9696,0.386000358848327,0.1617166110770327,0.4522830300746401,24.0,1.0,0.0,0.0,0.0,0.0,7.757261470809462,October,0,0,0,0,0,0,0,0,0,1,0,0,0
2022-10-15 00:00:00,19198.107144951755,34806651159.13548,1297.6276053223842,959403884003.9496,367584653730.7548,156801885520.45496,959403884003.9496,0.3831385924733671,0.1634367841685842,0.4534246233580486,24.0,1.0,0.0,0.0,0.0,0.0,7.757261470809462,October,0,0,0,0,0,0,0,0,0,1,0,0,0
2022-10-16 00:00:00,19072.780513358884,13103099352.405506,1275.6937773947975,953495701667.6588,365870425566.53,154496140301.9263,953495701667.6588,0.3837148137391963,0.1620312918366736,0.45425389442413,24.0,1.0,0.0,0.0,0.0,0.0,7.757261470809462,October,0,0,0,0,0,0,0,0,0,1,0,0,0
2022-10-17 00:00:00,19272.92184777201,15683330320.159586,1306.943118828839,963653915808.8688,369552982160.5376,157219790372.87076,963653915808.8688,0.3834913926026476,0.1631496409589163,0.4533589664384361,20.0,1.0,0.0,0.0,0.0,0.0,7.757261470809462,October,0,0,0,0,0,0,0,0,0,1,0,0,0
2022-10-18 00:00:00,19557.895548868444,23713928577.519844,1333.4408776301657,978025401932.7628,375052275829.7958,160690333948.33112,978025401932.7628,0.3834790743559642,0.1643007774959389,0.4522201481480968,22.0,1.0,0.0,0.0,0.0,0.0,7.757261470809462,October,0,0,0,0,0,0,0,0,0,1,0,0,0
2022-10-19 00:00:00,19348.02936881037,25848175158.687187,1311.8067255158232,966408688449.8092,371196833238.99286,158082173402.60727,966408688449.8092,0.3840992301449814,0.1635769372646915,0.4523238325903271,23.0,1.0,0.0,0.0,0.0,0.0,7.757261470809462,October,0,0,0,0,0,0,0,0,0,1,0,0,0
2022-10-20 00:00:00,19134.242664465204,23047051893.294765,1284.654933702257,952627682841.667,367085331987.69183,154808369275.81442,952627682841.667,0.3853397697752017,0.1625066876222036,0.4521535426025947,23.0,1.0,0.0,0.0,0.0,0.0,7.757261470809462,October,0,0,0,0,0,0,0,0,0,1,0,0,0
2022-10-21 00:00:00,19031.15987195947,25712511231.935688,1282.0426467759612,948870473181.127,365098952754.63934,154512893268.0924,948870473181.127,0.3847721718335593,0.1628387621232238,0.4523890660432168,23.0,1.0,0.0,0.0,0.0,0.0,7.757261470809462,October,0,0,0,0,0,0,0,0,0,1,0,0,0
2022-10-22 00:00:00,19173.28046885863,30297335038.197,1299.8019052506386,956533169071.9918,367999082249.1525,156673724237.28812,956533169071.9918,0.3847217160343508,0.1637932999116901,0.4514849840539591,20.0,1.0,0.0,0.0,0.0,0.0,7.757261470809462,October,0,0,0,0,0,0,0,0,0,1,0,0,0
2022-10-23 00:00:00,19203.86547117714,13362526957.65784,1313.767778723105,960796473265.258,368484939423.5548,158365108378.3375,960796473265.258,0.3835202872584056,0.1648269043287962,0.4516528084127982,23.0,1.0,0.0,0.0,0.0,0.0,7.757261470809462,October,0,0,0,0,0,0,0,0,0,1,0,0,0
2022-10-24 00:00:00,19574.8242318408,19928822961.41621,1364.4868713063736,980002311730.1434,375197423662.3941,164218113409.75653,980002311730.1434,0.3828536108246545,0.1675691081991816,0.4495772809761638,22.0,1.0,0.0,0.0,0.0,0.0,7.757261470809462,October,0,0,0,0,0,0,0,0,0,1,0,0,0
2022-10-25 00:00:00,19316.94062294213,28657172008.9177,1343.334491985092,967803679896.8218,370622833880.7626,161858058865.06808,967803679896.8218,0.3829524949938968,0.1672426569842386,0.4498048480218645,20.0,1.0,0.0,0.0,0.0,0.0,7.757261470809462,October,0,0,0,0,0,0,0,0,0,1,0,0,0
2022-10-26 00:00:00,20095.152230674925,39846253138.59686,1462.0489375629863,1009278868075.4148,385476931983.846,176051206695.99817,1009278868075.4148,0.3819330258235849,0.1744326689725593,0.4436343052038558,33.0,0.0,1.0,0.0,0.0,0.0,7.757261470809462,October,0,0,0,0,0,0,0,0,0,1,0,0,0
2022-10-27 00:00:00,20774.24749642604,50667020407.51415,1568.7475855708392,1044234790987.053,398674628646.93066,189173389239.5451,1044234790987.053,0.3817863875901772,0.1811598223621057,0.437053790047717,32.0,0.0,1.0,0.0,0.0,0.0,7.757261470809462,October,0,0,0,0,0,0,0,0,0,1,0,0,0
2022-10-28 00:00:00,20278.36623205219,41829789298.17936,1514.8635252533977,1024384518109.4716,389238872375.6226,182723289741.9848,1024384518109.4716,0.3799734040240798,0.1783737322379739,0.4416528637379462,30.0,0.0,1.0,0.0,0.0,0.0,7.757261470809462,October,0,0,0,0,0,0,0,0,0,1,0,0,0
2022-10-29 00:00:00,20591.24120809861,36165609164.5681,1555.0292135813938,1044079362264.7604,395201306734.5831,187324850268.18915,1044079362264.7604,0.3785165390850499,0.1794162944298163,0.4420671664851338,34.0,0.0,1.0,0.0,0.0,0.0,7.757261470809462,October,0,0,0,0,0,0,0,0,0,1,0,0,0
2022-10-30 00:00:00,20800.70708772471,32806216910.570454,1619.4295836277445,1065551973940.2872,399135164712.3964,195052502985.67032,1065551973940.2872,0.3745806628619353,0.183053016423393,0.4423663207146716,34.0,0.0,1.0,0.0,0.0,0.0,7.757261470809462,October,0,0,0,0,0,0,0,0,0,1,0,0,0
2022-10-31 00:00:00,20623.871497040946,24707906148.749344,1591.0517734961002,1057701023506.536,395548335410.141,191500820025.9781,1057701023506.536,0.3739698899967044,0.1810538287947442,0.4449762812085513,31.0,0.0,1.0,0.0,0.0,0.0,7.757261470809462,October,0,0,0,0,0,0,0,0,0,1,0,0,0
2022-11-01 00:00:00,20494.60120983709,37290619694.72375,1572.979514885975,1057922578260.5416,393311097043.5727,189478578997.59592,1057922578260.5416,0.3717768248128922,0.1791043908989451,0.4491187842881625,30.0,0.0,1.0,0.0,0.0,0.0,7.131380368978291,November,0,0,0,0,0,0,0,0,0,0,1,0,0
2022-11-02 00:00:00,20489.646203160763,32262771910.727062,1580.378733440259,1057816998602.8512,393218202887.5868,190428736966.3317,1057816998602.8512,0.3717261146369773,0.1800204924082777,0.4482533929547449,30.0,0.0,1.0,0.0,0.0,0.0,7.131380368978291,November,0,0,0,0,0,0,0,0,0,0,1,0,0
2022-11-03 00:00:00,20162.980904822525,44539856162.44828,1520.6383643789843,1037886202791.3076,387015867490.0914,183368006193.10983,1037886202791.3076,0.3728885367675615,0.1766744809787017,0.4504369822537366,30.0,0.0,1.0,0.0,0.0,0.0,7.131380368978291,November,0,0,0,0,0,0,0,0,0,0,1,0,0
2022-11-04 00:00:00,20210.91241711132,36562782563.97917,1531.112630741574,1046058137813.1636,387756249891.6283,184398997533.25903,1046058137813.1636,0.3706832688116666,0.1762798747675289,0.4530368564208045,30.0,0.0,1.0,0.0,0.0,0.0,7.131380368978291,November,0,0,0,0,0,0,0,0,0,0,1,0,0
2022-11-05 00:00:00,21150.3155839124,33773463079.332672,1644.1928578089398,1101186092978.0005,405987599945.2726,198053929735.6524,1101186092978.0005,0.3686820988152303,0.1798550953363784,0.4514628058483911,38.0,0.0,1.0,0.0,0.0,0.0,7.131380368978291,November,0,0,0,0,0,0,0,0,0,0,1,0,0
2022-11-06 00:00:00,21282.98510942269,31061573100.60496,1626.8064304933644,1103071809022.902,408892506459.0742,196264485041.5907,1103071809022.902,0.3706853018220727,0.1779253929220086,0.4513893052559187,40.0,0.0,1.0,0.0,0.0,0.0,7.131380368978291,November,0,0,0,0,0,0,0,0,0,0,1,0,0
2022-11-07 00:00:00,20906.99792695512,50602704770.81252,1572.9477769721586,1075069544767.312,401869336200.07385,189763621397.9497,1075069544767.312,0.3738077579781635,0.176512879861202,0.4496793621606344,33.0,0.0,1.0,0.0,0.0,0.0,7.131380368978291,November,0,0,0,0,0,0,0,0,0,0,1,0,0
2022-11-08 00:00:00,20597.75501706084,91750982446.38734,1569.9886360033397,1069456182601.5082,395168506455.3059,188875473098.0201,1069456182601.5082,0.3695041581732108,0.1766088935393039,0.4538869482874853,31.0,0.0,1.0,0.0,0.0,0.0,7.131380368978291,November,0,0,0,0,0,0,0,0,0,0,1,0,0
2022-11-09 00:00:00,18562.353215089643,92144963385.0274,1334.2879331082397,961333620438.6276,356871594631.61395,160813058133.9897,961333620438.6276,0.3712255423551963,0.1672812171705963,0.4614932404742073,29.0,0.0,1.0,0.0,0.0,0.0,7.131380368978291,November,0,0,0,0,0,0,0,0,0,0,1,0,0
2022-11-10 00:00:00,15742.444335961438,74978675390.59279,1095.1839771132936,831479701405.6488,301963847693.5264,131794377265.61276,831479701405.6488,0.363164425040136,0.1585058264715413,0.4783297484883226,22.0,1.0,0.0,0.0,0.0,0.0,7.131380368978291,November,0,0,0,0,0,0,0,0,0,0,1,0,0
2022-11-11 00:00:00,17594.923500278233,65200666543.364624,1301.5538803074423,924732340364.0378,336597208099.6668,156380990539.85645,924732340364.0378,0.3639941996266283,0.1691094641269864,0.4668963362463853,25.0,1.0,0.0,0.0,0.0,0.0,7.131380368978291,November,0,0,0,0,0,0,0,0,0,0,1,0,0
2022-11-12 00:00:00,17080.215260565037,45030331310.74984,1293.9115948871518,904670978731.362,325921112619.09045,155222424523.53937,904670978731.362,0.3602648037589711,0.1715788702995765,0.4681563259414523,21.0,1.0,0.0,0.0,0.0,0.0,7.131380368978291,November,0,0,0,0,0,0,0,0,0,0,1,0,0
2022-11-13 00:00:00,16797.98748257006,21893997140.86048,1255.6010507578435,881116598638.735,322330608513.1628,151059842003.22357,881116598638.735,0.3658206065021832,0.171441375904847,0.4627380175929698,22.0,1.0,0.0,0.0,0.0,0.0,7.131380368978291,November,0,0,0,0,0,0,0,0,0,0,1,0,0
2022-11-14 00:00:00,16344.342316001042,20411619109.007805,1223.0064433283685,859074245253.1931,313605586517.2854,147426038251.7689,859074245253.1931,0.3650506207701025,0.171610357389213,0.4633390218406844,24.0,1.0,0.0,0.0,0.0,0.0,7.131380368978291,November,0,0,0,0,0,0,0,0,0,0,1,0,0
2022-11-15 00:00:00,16645.828500283515,37539226046.106285,1241.997092728311,871999266549.255,320598982524.9025,149987178583.21732,871999266549.255,0.3676596928729107,0.1720037898389049,0.4603365172881842,22.0,1.0,0.0,0.0,0.0,0.0,7.131380368978291,November,0,0,0,0,0,0,0,0,0,0,1,0,0
2022-11-16 00:00:00,16890.52938386464,28676275678.9418,1252.7067308366848,883191255745.1343,324608360619.00433,151062413577.56232,883191255745.1343,0.3675402790816101,0.1710415638684209,0.461418157049969,23.0,1.0,0.0,0.0,0.0,0.0,7.131380368978291,November,0,0,0,0,0,0,0,0,0,0,1,0,0
2022-11-17 00:00:00,16689.39673273771,26922027947.40892,1217.7020892163014,869460724152.9669,320099234744.2721,146462319554.31644,869460724152.9669,0.3681583605241219,0.1684519098858672,0.4633897295900109,20.0,1.0,0.0,0.0,0.0,0.0,7.131380368978291,November,0,0,0,0,0,0,0,0,0,0,1,0,0
2022-11-18 00:00:00,16718.361228055077,22011291267.356167,1201.7898419641292,866154739591.8593,321287480849.7667,144894942760.29672,866154739591.8593,0.37093543008396,0.1672852853389368,0.4617792845771031,23.0,1.0,0.0,0.0,0.0,0.0,7.131380368978291,November,0,0,0,0,0,0,0,0,0,0,1,0,0
2022-11-19 00:00:00,16707.022778986535,20942172141.414623,1213.49631006335,870079075561.893,320876918352.4405,146145817586.6032,870079075561.893,0.3687905241776096,0.1679684314810386,0.4632410443413518,23.0,1.0,0.0,0.0,0.0,0.0,7.131380368978291,November,0,0,0,0,0,0,0,0,0,0,1,0,0
2022-11-20 00:00:00,16712.729525794817,10844466289.901129,1218.8936571112465,871234257280.7877,321151208473.7581,146971097131.67468,871234257280.7877,0.3686163690074633,0.1686929731050598,0.4626906578874769,24.0,1.0,0.0,0.0,0.0,0.0,7.131380368978291,November,0,0,0,0,0,0,0,0,0,0,1,0,0
2022-11-21 00:00:00,16304.07685562355,15680401749.95844,1144.2531525085535,842036192723.5547,313370674122.3842,137964810712.74976,842036192723.5547,0.372158200360475,0.1638466516106682,0.4639951480288566,21.0,1.0,0.0,0.0,0.0,0.0,7.131380368978291,November,0,0,0,0,0,0,0,0,0,0,1,0,0
2022-11-22 00:00:00,15814.335280855255,31057277097.34788,1110.2882130124592,821262036833.909,303834128504.1595,133733639793.52232,821262036833.909,0.3699600308757563,0.162839183835997,0.4672007852882467,22.0,1.0,0.0,0.0,0.0,0.0,7.131380368978291,November,0,0,0,0,0,0,0,0,0,0,1,0,0
2022-11-23 00:00:00,16171.628978315088,25091849198.571053,1135.175811894246,842068895079.7578,311463297390.4882,137050514642.06915,842068895079.7578,0.3698786396343348,0.1627545150317993,0.4673668453338658,22.0,1.0,0.0,0.0,0.0,0.0,7.131380368978291,November,0,0,0,0,0,0,0,0,0,0,1,0,0
2022-11-24 00:00:00,16608.00998544357,26858079944.170044,1184.4617581029652,869866510097.1046,319494112507.07404,142854533237.69275,869866510097.1046,0.3672909679801426,0.1642258111784826,0.4684832208413748,20.0,1.0,0.0,0.0,0.0,0.0,7.131380368978291,November,0,0,0,0,0,0,0,0,0,0,1,0,0
2022-11-25 00:00:00,16596.03575847268,20949512927.386944,1204.2078028331202,871922722744.1049,318949911014.53784,145091739838.44122,871922722744.1049,0.3658006640895221,0.1664043567780986,0.4677949791323791,20.0,1.0,0.0,0.0,0.0,0.0,7.131380368978291,November,0,0,0,0,0,0,0,0,0,0,1,0,0
2022-11-26 00:00:00,16524.449007720887,18933018587.76629,1198.9755884889066,868705741527.8651,317919884011.3825,144810246844.91675,868705741527.8651,0.3659695899467987,0.1666965462784059,0.4673338637747953,22.0,1.0,0.0,0.0,0.0,0.0,7.131380368978291,November,0,0,0,0,0,0,0,0,0,0,1,0,0
2022-11-27 00:00:00,16456.156062496684,18243019109.753235,1205.6579602157142,871240266324.2229,316206865319.883,145222050633.46432,871240266324.2229,0.3629387639003015,0.1666842732673026,0.4703769628323958,26.0,0.0,1.0,0.0,0.0,0.0,7.131380368978291,November,0,0,0,0,0,0,0,0,0,0,1,0,0
2022-11-28 00:00:00,16459.149543755877,16551822516.185429,1196.1962195659255,871313540047.1747,316487666895.4407,144507830172.60718,871313540047.1747,0.3632305161679289,0.1658505503825675,0.4709189334495035,28.0,0.0,1.0,0.0,0.0,0.0,7.131380368978291,November,0,0,0,0,0,0,0,0,0,0,1,0,0
2022-11-29 00:00:00,16222.210728731225,24566056814.212288,1170.115741471507,854788093490.1063,311810991501.448,141048501904.6694,854788093490.1063,0.3647816270209396,0.1650099047692244,0.4702084682098358,26.0,0.0,1.0,0.0,0.0,0.0,7.131380368978291,November,0,0,0,0,0,0,0,0,0,0,1,0,0
2022-11-30 00:00:00,16441.979978419113,24663035431.352062,1216.936420693739,869369135728.6923,316170903326.0224,146749281622.5983,869369135728.6923,0.3636785461230029,0.1687997371790698,0.4675217166979272,29.0,0.0,1.0,0.0,0.0,0.0,7.131380368978291,November,0,0,0,0,0,0,0,0,0,0,1,0,0
2022-12-01 00:00:00,17186.502572066118,30676053555.32337,1298.94077037352,903469788161.3508,330763402606.7043,156777674228.40683,903469788161.3508,0.3661034457829963,0.1735284082353929,0.4603681459816107,27.0,0.0,1.0,0.0,0.0,0.0,6.410831677385809,December,0,0,0,0,0,0,0,0,0,0,0,1,0
2022-12-02 00:00:00,16972.73406077455,23319572025.36399,1276.6393714030964,890523204986.0255,326141917292.63745,153787135286.89285,890523204986.0255,0.3662362928518582,0.1726930128556348,0.4610706942925068,27.0,0.0,1.0,0.0,0.0,0.0,6.410831677385809,December,0,0,0,0,0,0,0,0,0,0,0,1,0
2022-12-03 00:00:00,17084.87334047068,20945433171.615204,1293.9480231782145,901827259770.174,328178365692.1309,155766037022.93884,901827259770.174,0.3639037988004105,0.1727226975403638,0.4633735036592256,27.0,0.0,1.0,0.0,0.0,0.0,6.410831677385809,December,0,0,0,0,0,0,0,0,0,0,0,1,0
2022-12-04 00:00:00,16923.38287008033,16931408153.950111,1243.0408423289737,884566879171.1064,326498242602.6305,150322759022.75156,884566879171.1064,0.3691052087645192,0.1699393935748682,0.4609553976606125,26.0,0.0,1.0,0.0,0.0,0.0,6.410831677385809,December,0,0,0,0,0,0,0,0,0,0,0,1,0
2022-12-05 00:00:00,17149.93175096291,18214353301.13762,1282.4164481394064,897522214640.1324,329544949093.6664,154484879835.4558,897522214640.1324,0.3671719136509614,0.172123739463538,0.4607043468855005,26.0,0.0,1.0,0.0,0.0,0.0,6.410831677385809,December,0,0,0,0,0,0,0,0,0,0,0,1,0
2022-12-06 00:00:00,16973.372577553495,23204017213.929634,1259.7575748565346,889345840197.6002,326635737516.3175,151960138515.5798,889345840197.6002,0.3672763988458569,0.1708673180298638,0.4618562831242792,25.0,1.0,0.0,0.0,0.0,0.0,6.410831677385809,December,0,0,0,0,0,0,0,0,0,0,0,1,0
2022-12-07 00:00:00,17085.64314125141,21026126511.19885,1271.9354761263946,893146735292.8273,328108161816.87274,153112232020.5009,893146735292.8273,0.3673619897511008,0.1714300976202991,0.4612079126286,29.0,0.0,1.0,0.0,0.0,0.0,6.410831677385809,December,0,0,0,0,0,0,0,0,0,0,0,1,0
2022-12-08 00:00:00,16851.30346863184,21192130005.603653,1233.6250483990402,877105285159.4016,324178677956.7833,148778387852.61035,877105285159.4016,0.3696006436648804,0.1696243203295394,0.4607750360055801,25.0,1.0,0.0,0.0,0.0,0.0,6.410831677385809,December,0,0,0,0,0,0,0,0,0,0,0,1,0
2022-12-09 00:00:00,17235.014157992136,22674029585.253864,1281.210637067264,895337326237.003,331389860355.59094,154438830699.8818,895337326237.003,0.3701284986613742,0.1724923402322228,0.457379161106403,26.0,0.0,1.0,0.0,0.0,0.0,6.410831677385809,December,0,0,0,0,0,0,0,0,0,0,0,1,0
2022-12-10 00:00:00,17149.824203925327,23179829829.17013,1264.4773467215684,889756523669.6497,329756788298.6587,152405570526.73016,889756523669.6497,0.3706146339210111,0.1712890734401803,0.4580962926388086,27.0,0.0,1.0,0.0,0.0,0.0,6.410831677385809,December,0,0,0,0,0,0,0,0,0,0,0,1,0
2022-12-11 00:00:00,17125.364927688952,14234368489.84426,1264.7922793495136,889673631659.6672,329283186564.5152,152480155389.30975,889673631659.6672,0.3701168325627954,0.171388866617145,0.4584943008200595,26.0,0.0,1.0,0.0,0.0,0.0,6.410831677385809,December,0,0,0,0,0,0,0,0,0,0,0,1,0
2022-12-12 00:00:00,17101.038019732932,15681124918.738192,1264.317985551174,886594190098.2219,328868814164.99066,152290250844.83786,886594190098.2219,0.3709349980384562,0.1717699625664886,0.4572950393950552,27.0,0.0,1.0,0.0,0.0,0.0,6.410831677385809,December,0,0,0,0,0,0,0,0,0,0,0,1,0
2022-12-13 00:00:00,17179.596038203494,21633829199.48912,1275.332421155143,886757234147.1702,330715694645.24335,153743004467.3702,886757234147.1702,0.372949531066759,0.173376656594441,0.4536738123388,27.0,0.0,1.0,0.0,0.0,0.0,6.410831677385809,December,0,0,0,0,0,0,0,0,0,0,0,1,0
2022-12-14 00:00:00,17784.162894053265,28941242217.591747,1319.413007743119,906486762345.5148,342102502914.68976,159205793114.4748,906486762345.5148,0.3773938209858762,0.1756294738408901,0.4469767051732336,30.0,0.0,1.0,0.0,0.0,0.0,6.410831677385809,December,0,0,0,0,0,0,0,0,0,0,0,1,0
2022-12-15 00:00:00,17808.71617265881,27267536668.811485,1308.4001523403851,902895332647.9292,342692750075.4062,157633274799.26862,902895332647.9292,0.3795487003686109,0.1745864322246257,0.4458648674067633,31.0,0.0,1.0,0.0,0.0,0.0,6.410831677385809,December,0,0,0,0,0,0,0,0,0,0,0,1,0
2022-12-16 00:00:00,17338.358126632633,22754686787.817104,1263.7464240856875,881290572815.7119,333854506370.7365,152444818382.92126,881290572815.7119,0.3788245519341886,0.1729790639832468,0.4481963840825645,29.0,0.0,1.0,0.0,0.0,0.0,6.410831677385809,December,0,0,0,0,0,0,0,0,0,0,0,1,0
2022-12-17 00:00:00,16623.75782614431,22250411214.773224,1165.9737772823323,833820764350.8466,318992400741.96515,140289330990.1754,833820764350.8466,0.3825671107990575,0.168248785576112,0.4491841036248304,28.0,0.0,1.0,0.0,0.0,0.0,6.410831677385809,December,0,0,0,0,0,0,0,0,0,0,0,1,0
2022-12-18 00:00:00,16806.48559206152,15086383815.776106,1189.4275215641987,844732839963.7443,323096167353.6004,143321475845.90793,844732839963.7443,0.3824832563245293,0.1696648562308282,0.4478518874446424,26.0,0.0,1.0,0.0,0.0,0.0,6.410831677385809,December,0,0,0,0,0,0,0,0,0,0,0,1,0
2022-12-19 00:00:00,16742.816663834055,11134054723.147482,1186.7779210362507,844055827049.9631,322740705484.67255,143142028259.18048,844055827049.9631,0.3823689087162337,0.1695883419932924,0.4480427492904738,29.0,0.0,1.0,0.0,0.0,0.0,6.410831677385809,December,0,0,0,0,0,0,0,0,0,0,0,1,0
2022-12-20 00:00:00,16422.562273279298,17719672544.8918,1166.9895905156618,825919108862.8158,316270478163.65466,140848456817.4131,825919108862.8158,0.3829315422900414,0.1705354135846829,0.4465330441252756,29.0,0.0,1.0,0.0,0.0,0.0,6.410831677385809,December,0,0,0,0,0,0,0,0,0,0,0,1,0
2022-12-21 00:00:00,16899.331969046758,24938219697.886032,1217.8888916641763,849281912093.2316,325120443529.51874,146802833364.30045,849281912093.2316,0.382818047694189,0.1728552454419692,0.4443267068638419,26.0,0.0,1.0,0.0,0.0,0.0,6.410831677385809,December,0,0,0,0,0,0,0,0,0,0,0,1,0
2022-12-22 00:00:00,16816.85370118997,16062767787.358068,1213.3431612255224,843532326679.2875,323127932459.19025,146039250786.06482,843532326679.2875,0.383065262870529,0.173128220658684,0.4438065164707868,28.0,0.0,1.0,0.0,0.0,0.0,6.410831677385809,December,0,0,0,0,0,0,0,0,0,0,0,1,0
2022-12-23 00:00:00,16824.790162441503,17847826941.681046,1217.8525497108176,844846458686.8127,323519254392.6745,146741009624.09518,844846458686.8127,0.3829326039852693,0.1736895599375324,0.4433778360771981,27.0,0.0,1.0,0.0,0.0,0.0,6.410831677385809,December,0,0,0,0,0,0,0,0,0,0,0,1,0
2022-12-24 00:00:00,16791.45543916491,16765392449.950891,1220.701744919786,844299529708.2854,323013370317.2425,147069822795.65387,844299529708.2854,0.3825814879096842,0.1741915251883038,0.4432269869020119,29.0,0.0,1.0,0.0,0.0,0.0,6.410831677385809,December,0,0,0,0,0,0,0,0,0,0,0,1,0
2022-12-25 00:00:00,16848.568708323422,10169853734.117493,1221.35953034845,845342076365.195,324072643385.91296,147173116811.52798,845342076365.195,0.3833627266956375,0.1740988895812965,0.442538383723066,29.0,0.0,1.0,0.0,0.0,0.0,6.410831677385809,December,0,0,0,0,0,0,0,0,0,0,0,1,0
2022-12-26 00:00:00,16842.177039905502,12574453968.75801,1219.286343216304,844107472118.435,323868581953.1157,146840669268.71204,844107472118.435,0.3836816906031065,0.1739596841859363,0.4423586252109572,28.0,0.0,1.0,0.0,0.0,0.0,6.410831677385809,December,0,0,0,0,0,0,0,0,0,0,0,1,0
2022-12-27 00:00:00,16900.081871938084,12574997282.039291,1226.2534148310056,848191715235.614,325036912914.6697,147697269147.94653,848191715235.614,0.3832116101539375,0.1741319403325209,0.4426564495135415,27.0,0.0,1.0,0.0,0.0,0.0,6.410831677385809,December,0,0,0,0,0,0,0,0,0,0,0,1,0
2022-12-28 00:00:00,16701.840210667935,17436062121.5136,1211.819562063861,840489281772.0668,321351469136.8621,146030514727.00162,840489281772.0668,0.382338568862333,0.1737446483780429,0.4439167827596241,28.0,0.0,1.0,0.0,0.0,0.0,6.410831677385809,December,0,0,0,0,0,0,0,0,0,0,0,1,0
2022-12-29 00:00:00,16538.906094001977,19113614755.87469,1188.7286638821608,827395908388.5054,318288869204.81464,143241827136.73636,827395908388.5054,0.3846875068849887,0.1731236832143927,0.4421888099006186,28.0,0.0,1.0,0.0,0.0,0.0,6.410831677385809,December,0,0,0,0,0,0,0,0,0,0,0,1,0
2022-12-30 00:00:00,16644.379087037905,15683731676.998154,1201.5431060594274,831261620180.643,320297298175.8769,144831301452.10547,831261620180.643,0.3853146715786932,0.1742307090042626,0.4404546194170441,28.0,0.0,1.0,0.0,0.0,0.0,6.410831677385809,December,0,0,0,0,0,0,0,0,0,0,0,1,0
2022-12-31 00:00:00,16604.020520373393,17497327983.349342,1199.1104971711857,829262009288.9207,319722045805.09534,144611517916.40677,829262009288.9207,0.3855500942087677,0.1743857988145494,0.4400641069766828,25.0,1.0,0.0,0.0,0.0,0.0,6.410831677385809,December,0,0,0,0,0,0,0,0,0,0,0,1,0
2023-01-01 00:00:00,16540.693624776803,12013247678.029589,1196.6130648084502,828578631897.6833,318278329991.7019,144188788703.97467,828578631897.6833,0.384125679493753,0.1740194390165974,0.4418548814896494,26.0,0.0,1.0,0.0,0.0,0.0,6.340296309929161,January,1,0,0,0,0,0,0,0,0,0,0,0,0
2023-01-02 00:00:00,16615.969318012816,9799252684.089952,1200.65921690107,832069367936.0369,319832024054.6308,144712215098.15164,832069367936.0369,0.384381442677045,0.1739184504016929,0.441700106921262,27.0,0.0,1.0,0.0,0.0,0.0,6.340296309929161,January,1,0,0,0,0,0,0,0,0,0,0,0,0
2023-01-03 00:00:00,16674.342536301097,13023861027.769472,1214.3789459253508,839087693596.8314,321486454934.26776,146443084804.90094,839087693596.8314,0.3831380884114563,0.1745265553558035,0.4423353562327401,26.0,0.0,1.0,0.0,0.0,0.0,6.340296309929161,January,1,0,0,0,0,0,0,0,0,0,0,0,0
2023-01-04 00:00:00,16677.646185850346,15367167883.495031,1214.760969419338,839763043598.0459,321080820418.184,146422424046.4976,839763043598.0459,0.3823469285365098,0.1743615954080767,0.4432914760554135,29.0,0.0,1.0,0.0,0.0,0.0,6.340296309929161,January,1,0,0,0,0,0,0,0,0,0,0,0,0
2023-01-05 00:00:00,16855.1747387671,20836560771.72364,1256.4366037834864,855264809503.2738,324397588037.39484,151322902029.0838,855264809503.2738,0.3792949089368012,0.1769310514681062,0.4437740395950926,29.0,0.0,1.0,0.0,0.0,0.0,6.340296309929161,January,1,0,0,0,0,0,0,0,0,0,0,0,0
2023-01-06 00:00:00,16832.098988497855,14919039445.1069,1250.7922522355914,851365654059.8236,324138957221.0557,150805231900.39493,851365654059.8236,0.3807282519272021,0.177133328295856,0.4421384197769418,26.0,0.0,1.0,0.0,0.0,0.0,6.340296309929161,January,1,0,0,0,0,0,0,0,0,0,0,0,0
2023-01-07 00:00:00,16960.23206247515,19046576249.72856,1270.028610178057,858846723485.5535,326571439011.6566,153115414332.1746,858846723485.5535,0.3802441461106067,0.1782802567037447,0.4414755971856484,25.0,1.0,0.0,0.0,0.0,0.0,6.340296309929161,January,1,0,0,0,0,0,0,0,0,0,0,0,0
2023-01-08 00:00:00,16950.861521853905,9594456673.448977,1264.8369433837202,858630201944.9802,326371741274.41095,152351777734.96948,858630201944.9802,0.380107455497267,0.1774358476907291,0.4424566968120039,25.0,1.0,0.0,0.0,0.0,0.0,6.340296309929161,January,1,0,0,0,0,0,0,0,0,0,0,0,0
2023-01-09 00:00:00,17074.61539572674,11841041542.993702,1284.5754041342989,870969898905.1096,328470896861.37854,154857941332.0086,870969898905.1096,0.377132317975968,0.1777994182424438,0.4450682637815881,25.0,1.0,0.0,0.0,0.0,0.0,6.340296309929161,January,1,0,0,0,0,0,0,0,0,0,0,0,0
2023-01-10 00:00:00,17194.90932945318,25532751567.19817,1321.676571173056,884075790359.1389,331158152699.25574,159397504473.27673,884075790359.1389,0.3745811799288487,0.180298461072579,0.4451203589985722,26.0,0.0,1.0,0.0,0.0,0.0,6.340296309929161,January,1,0,0,0,0,0,0,0,0,0,0,0,0
2023-01-11 00:00:00,17436.90232978116,21858206845.29233,1336.017071771777,893998843090.7368,335743942932.3494,160999220384.61914,893998843090.7368,0.3755529948692259,0.1800888464553398,0.4443581586754341,26.0,0.0,1.0,0.0,0.0,0.0,6.340296309929161,January,1,0,0,0,0,0,0,0,0,0,0,0,0
2023-01-12 00:00:00,17996.832553741606,25439279072.98185,1389.771662094107,920221455955.9388,345688973386.69006,167839113151.03107,920221455955.9388,0.3756584582431666,0.182389915019616,0.4419516267372173,30.0,0.0,1.0,0.0,0.0,0.0,6.340296309929161,January,1,0,0,0,0,0,0,0,0,0,0,0,0
2023-01-13 00:00:00,18866.810330617045,48025109150.17737,1417.134908743914,943425456000.234,363381125082.7658,170890542806.26074,943425456000.234,0.3851720586630807,0.1811383630994777,0.4336895782374416,31.0,0.0,1.0,0.0,0.0,0.0,6.340296309929161,January,1,0,0,0,0,0,0,0,0,0,0,0,0
2023-01-14 00:00:00,19941.780543296303,39514419053.17687,1453.3769102089225,980156530125.4417,382675302196.4898,174798760594.58777,980156530125.4417,0.3904226421340217,0.178337597334802,0.4312397605311762,46.0,0.0,1.0,0.0,0.0,0.0,6.340296309929161,January,1,0,0,0,0,0,0,0,0,0,0,0,0
2023-01-15 00:00:00,21019.20661402266,49498711311.53301,1549.111474081304,1023564319030.1184,405209898132.0056,187276048380.94897,1023564319030.1184,0.3958812266101299,0.1829646118950326,0.4211541614948374,52.0,0.0,0.0,1.0,0.0,0.0,6.340296309929161,January,1,0,0,0,0,0,0,0,0,0,0,0,0
2023-01-16 00:00:00,20853.230569490253,23072133987.553684,1551.324517175301,1023325784973.2424,401697403586.5178,186901700956.48312,1023325784973.2424,0.3925410748806855,0.1826414458630788,0.4248174792562357,45.0,0.0,1.0,0.0,0.0,0.0,6.340296309929161,January,1,0,0,0,0,0,0,0,0,0,0,0,0
2023-01-17 00:00:00,21175.33773662521,34809391745.54498,1577.725890482971,1031596626629.7444,407760358639.0028,190122961411.6948,1031596626629.7444,0.3952711245006369,0.1842997122168108,0.4204291632825522,51.0,0.0,0.0,1.0,0.0,0.0,6.340296309929161,January,1,0,0,0,0,0,0,0,0,0,0,0,0
2023-01-18 00:00:00,21156.78393116713,33278841336.508595,1569.5308332272923,1029926942491.8127,407405144842.9396,188982728685.0973,1029926942491.8127,0.3955670329948458,0.1834913923388305,0.4209415746663236,52.0,0.0,0.0,1.0,0.0,0.0,6.340296309929161,January,1,0,0,0,0,0,0,0,0,0,0,0,0
2023-01-19 00:00:00,20726.844969426445,40612056908.80891,1516.555475473704,994668060682.4417,399349603616.14526,183517931282.5893,994668060682.4417,0.4014903256692002,0.1845016830606561,0.4140079912701437,45.0,0.0,1.0,0.0,0.0,0.0,6.340296309929161,January,1,0,0,0,0,0,0,0,0,0,0,0,0
2023-01-20 00:00:00,21081.67102220433,29144534677.57505,1550.5088875585636,1012972057556.8073,406258441952.3726,186967330908.32364,1012972057556.8073,0.4010559214557502,0.1845730388252477,0.414371039719002,51.0,0.0,0.0,1.0,0.0,0.0,6.340296309929161,January,1,0,0,0,0,0,0,0,0,0,0,0,0
2023-01-21 00:00:00,22705.83367889906,41321936668.62795,1661.3349193405402,1077563602371.1854,436724993652.4275,200011161010.51965,1077563602371.1854,0.4052892958628256,0.185614251047821,0.4090964530893534,53.0,0.0,0.0,1.0,0.0,0.0,6.340296309929161,January,1,0,0,0,0,0,0,0,0,0,0,0,0
2023-01-22 00:00:00,22771.023287021784,44077026803.66082,1625.9093109886562,1070206118541.6836,438578588179.0604,195908718395.08084,1070206118541.6836,0.4098075880716226,0.1830569971530679,0.4071354147753094,53.0,0.0,0.0,1.0,0.0,0.0,6.340296309929161,January,1,0,0,0,0,0,0,0,0,0,0,0,0
2023-01-23 00:00:00,22736.66142892971,34124364415.43915,1630.8448549407967,1076150913819.6924,438060367560.3554,196512572594.4076,1076150913819.6924,0.40706220840858,0.1826068909767547,0.4103309006146652,50.0,0.0,0.0,1.0,0.0,0.0,6.340296309929161,January,1,0,0,0,0,0,0,0,0,0,0,0,0
2023-01-24 00:00:00,22984.87497643721,36750647385.65293,1632.9617267135266,1086692209867.7136,442926343072.5924,196541663696.4373,1086692209867.7136,0.4075913483602787,0.1808623103319779,0.4115463413077432,52.0,0.0,0.0,1.0,0.0,0.0,6.340296309929161,January,1,0,0,0,0,0,0,0,0,0,0,0,0
2023-01-25 00:00:00,22610.01059827285,35621897292.95152,1557.0597608721732,1058187859613.2466,435679436196.35767,187270576772.9432,1058187859613.2466,0.411722202478861,0.176972902374242,0.4113048951468969,51.0,0.0,0.0,1.0,0.0,0.0,6.340296309929161,January,1,0,0,0,0,0,0,0,0,0,0,0,0
2023-01-26 00:00:00,23180.422697874263,42772537174.72366,1614.6771850629295,1084394573728.838,446715261348.7517,194402223992.6201,1084394573728.838,0.4119490010104538,0.1792725901644284,0.4087784088251177,54.0,0.0,0.0,1.0,0.0,0.0,6.340296309929161,January,1,0,0,0,0,0,0,0,0,0,0,0,0
2023-01-27 00:00:00,23024.74618081709,37099702812.22777,1602.8469492523193,1085444675000.6198,444005849172.13904,193276131177.5973,1085444675000.6198,0.4090543345029405,0.1780617065328428,0.4128839589642166,55.0,0.0,0.0,0.0,1.0,0.0,6.340296309929161,January,1,0,0,0,0,0,0,0,0,0,0,0,0
2023-01-28 00:00:00,23082.858382122955,36109035905.258965,1598.4701935450053,1091777366771.4906,444898315874.05536,192677648328.43668,1091777366771.4906,0.4074991197057602,0.1764807131862481,0.4160201671079916,52.0,0.0,0.0,1.0,0.0,0.0,6.340296309929161,January,1,0,0,0,0,0,0,0,0,0,0,0,0
2023-01-29 00:00:00,23022.23299135344,19567219823.87809,1573.0634394330648,1084832382430.0546,443702765526.11646,189301295262.2017,1084832382430.0546,0.409005826810046,0.1744981974433336,0.4164959757466203,55.0,0.0,0.0,0.0,1.0,0.0,6.340296309929161,January,1,0,0,0,0,0,0,0,0,0,0,0,0
2023-01-30 00:00:00,23797.46089488124,38438621263.58117,1646.5159900930198,1118925425329.4685,458368002025.743,198339307428.10373,1118925425329.4685,0.409650180118819,0.1772587367649658,0.4130910831162151,61.0,0.0,0.0,0.0,1.0,0.0,6.340296309929161,January,1,0,0,0,0,0,0,0,0,0,0,0,0
2023-01-31 00:00:00,22840.385858797104,38594596831.97205,1568.64771349631,1075286900284.5294,439295730927.16473,188787565951.3305,1075286900284.5294,0.4085381592679345,0.1755694837362715,0.415892356995794,51.0,0.0,0.0,1.0,0.0,0.0,6.340296309929161,January,1,0,0,0,0,0,0,0,0,0,0,0,0
2023-02-01 00:00:00,23137.323554088376,32683643418.329483,1586.5395765836909,1089808045778.8594,445991168199.3282,191042852121.47128,1089808045778.8594,0.4092382781782356,0.175299542760246,0.4154621790615184,56.0,0.0,0.0,0.0,1.0,0.0,5.957648712766894,February,0,1,0,0,0,0,0,0,0,0,0,0,0
2023-02-02 00:00:00,23725.16179614224,37452064508.17389,1642.857168158598,1117435290921.952,457383099382.75,197724834027.55963,1117435290921.952,0.4093150655778745,0.1769452205723918,0.4137397138497336,60.0,0.0,0.0,0.0,1.0,0.0,5.957648712766894,February,0,1,0,0,0,0,0,0,0,0,0,0,0
2023-02-03 00:00:00,23539.676770196525,44735297656.69828,1648.6796840768716,1116226896797.8271,453565018922.5452,198613736403.15057,1116226896797.8271,0.4063376543099872,0.1779331218168306,0.4157292238731821,60.0,0.0,0.0,0.0,1.0,0.0,5.957648712766894,February,0,1,0,0,0,0,0,0,0,0,0,0,0
2023-02-04 00:00:00,23451.57765077464,41267040610.76361,1665.4278712238624,1123522036967.1438,452312595756.25696,200784153460.4712,1123522036967.1438,0.4025845340579504,0.1787095818809853,0.4187058840610643,58.0,0.0,0.0,0.0,1.0,0.0,5.957648712766894,February,0,1,0,0,0,0,0,0,0,0,0,0,0
2023-02-05 00:00:00,23340.34958553934,21063097082.257824,1667.2716925637008,1124379149142.536,450197147854.798,201099652782.7474,1124379149142.536,0.4003962081635215,0.1788539505878495,0.4207498412486289,58.0,0.0,0.0,0.0,1.0,0.0,5.957648712766894,February,0,1,0,0,0,0,0,0,0,0,0,0,0
2023-02-06 00:00:00,22946.28657859124,26678691424.549904,1631.3725233636533,1105059214010.0854,442933975658.56586,196817854756.22067,1105059214010.0854,0.4008237477621026,0.1781061614264087,0.4210700908114886,56.0,0.0,0.0,0.0,1.0,0.0,5.957648712766894,February,0,1,0,0,0,0,0,0,0,0,0,0,0
2023-02-07 00:00:00,22786.483006387727,33963650031.470352,1617.144163289206,1096678425701.485,438726385719.1618,194725338782.41467,1096678425701.485,0.4000501655155043,0.1775591953109313,0.4223906391735643,54.0,0.0,0.0,1.0,0.0,0.0,5.957648712766894,February,0,1,0,0,0,0,0,0,0,0,0,0,0
2023-02-08 00:00:00,23294.9136483527,38850594358.69947,1672.8226777758136,1136961405021.4658,449391195299.20337,201779050385.86017,1136961405021.4658,0.3952563326375347,0.1774722074950737,0.4272714598673915,58.0,0.0,0.0,0.0,1.0,0.0,5.957648712766894,February,0,1,0,0,0,0,0,0,0,0,0,0,0
2023-02-09 00:00:00,22947.50782856846,34247782005.793324,1651.4083786023796,1123489580121.006,442518382691.6549,199107556553.15936,1123489580121.006,0.393878492975425,0.1772224327454059,0.4288990742791689,55.0,0.0,0.0,0.0,1.0,0.0,5.957648712766894,February,0,1,0,0,0,0,0,0,0,0,0,0,0
2023-02-10 00:00:00,21820.88650809277,51161546272.35185,1546.383768658398,1060566159246.0984,420790678627.7739,186306817307.09564,1060566159246.0984,0.3967604236277841,0.1756673222908899,0.427572254081326,48.0,0.0,0.0,1.0,0.0,0.0,5.957648712766894,February,0,1,0,0,0,0,0,0,0,0,0,0,0
2023-02-11 00:00:00,21630.132979576298,42389972640.44812,1515.5340268615537,1055756021755.0192,417351358181.0193,182839491763.3784,1055756021755.0192,0.3953104217082673,0.1731834704190823,0.4315061078726503,49.0,0.0,0.0,1.0,0.0,0.0,5.957648712766894,February,0,1,0,0,0,0,0,0,0,0,0,0,0
2023-02-12 00:00:00,21889.432080049624,23574706405.838543,1541.9688769412712,1069484553336.4536,422107650473.77954,185826666441.3843,1069484553336.4536,0.3946832604145026,0.1737534832659937,0.4315632563195036,50.0,0.0,0.0,1.0,0.0,0.0,5.957648712766894,February,0,1,0,0,0,0,0,0,0,0,0,0,0
2023-02-13 00:00:00,21779.87440384417,25877166000.55028,1515.3346311806397,1061525981348.8112,420218240428.1313,182722050130.9965,1061525981348.8112,0.3958624167579842,0.1721314912130776,0.4320060920289381,48.0,0.0,0.0,1.0,0.0,0.0,5.957648712766894,February,0,1,0,0,0,0,0,0,0,0,0,0,0
2023-02-14 00:00:00,21807.834274723064,36761909546.14395,1506.916201013505,1054063281843.7328,420838871938.8273,181589830341.348,1054063281843.7328,0.3992538960305208,0.1722760231470325,0.4284700808224466,50.0,0.0,0.0,1.0,0.0,0.0,5.957648712766894,February,0,1,0,0,0,0,0,0,0,0,0,0,0
2023-02-15 00:00:00,22220.070997481067,45363697019.73754,1556.963484345393,1078839539516.8588,428649056117.7321,187619568130.73468,1078839539516.8588,0.3973241992128837,0.1739086873055812,0.4287671134815349,53.0,0.0,0.0,1.0,0.0,0.0,5.957648712766894,February,0,1,0,0,0,0,0,0,0,0,0,0,0
2023-02-16 00:00:00,24307.8751016316,44336284482.19016,1674.858207473528,1155593907100.7395,468820317786.9533,201595282287.4858,1155593907100.7395,0.405696425799936,0.1744516659777712,0.4198519082222927,62.0,0.0,0.0,0.0,1.0,0.0,5.957648712766894,February,0,1,0,0,0,0,0,0,0,0,0,0,0
2023-02-17 00:00:00,23756.907281577434,48144978044.45546,1646.143501886728,1119696469586.8804,459293697174.9459,198370400841.4434,1119696469586.8804,0.4101948248031946,0.1771644425338176,0.4126407326629877,61.0,0.0,0.0,0.0,1.0,0.0,5.957648712766894,February,0,1,0,0,0,0,0,0,0,0,0,0,0
2023-02-18 00:00:00,24628.82455217312,54200707340.94142,1697.0848665737892,1170819879731.873,475194230168.0997,204534589183.7981,1170819879731.873,0.4058645043479471,0.1746934714079488,0.419442024244104,60.0,0.0,0.0,0.0,1.0,0.0,5.957648712766894,February,0,1,0,0,0,0,0,0,0,0,0,0,0
2023-02-19 00:00:00,24642.79087073843,24900444765.27695,1692.518962831222,1171045340066.0557,475529620771.9494,203613145994.36063,1171045340066.0557,0.4060727663585818,0.1738729825634892,0.4200542510779289,60.0,0.0,0.0,0.0,1.0,0.0,5.957648712766894,February,0,1,0,0,0,0,0,0,0,0,0,0,0
2023-02-20 00:00:00,24284.478003714703,33664683478.33256,1680.3786857000732,1160056769627.4275,470798520570.0436,202999098993.98264,1160056769627.4275,0.405840932009947,0.174990659344352,0.419168408645701,58.0,0.0,0.0,0.0,1.0,0.0,5.957648712766894,February,0,1,0,0,0,0,0,0,0,0,0,0,0
2023-02-21 00:00:00,24786.665940845705,38997046274.497246,1700.1986814992665,1181650265329.111,478236525469.6496,204900256888.84143,1181650265329.111,0.40471917918662,0.1734017779209595,0.4218790428924204,60.0,0.0,0.0,0.0,1.0,0.0,5.957648712766894,February,0,1,0,0,0,0,0,0,0,0,0,0,0
2023-02-22 00:00:00,24417.38703630947,41991954878.4476,1656.582369571119,1159353880372.215,470623925511.17865,199387951962.05505,1159353880372.215,0.4059363870504172,0.1719819593807205,0.4220816535688622,59.0,0.0,0.0,0.0,1.0,0.0,5.957648712766894,February,0,1,0,0,0,0,0,0,0,0,0,0,0
2023-02-23 00:00:00,24146.101364545226,40336608135.49699,1643.1733937453491,1151343644060.1567,465998918250.2451,198153971276.356,1151343644060.1567,0.4047435538940597,0.1721067140107498,0.4231497320951904,56.0,0.0,0.0,0.0,1.0,0.0,5.957648712766894,February,0,1,0,0,0,0,0,0,0,0,0,0,0
2023-02-24 00:00:00,23951.11098423326,42356618035.349625,1651.850006691427,1147747484380.8623,461042830140.0772,198619189860.056,1147747484380.8623,0.4016936098002261,0.1730512961805344,0.4252550940192393,53.0,0.0,0.0,1.0,0.0,0.0,5.957648712766894,February,0,1,0,0,0,0,0,0,0,0,0,0,0
2023-02-25 00:00:00,23172.286538018925,35081974267.07997,1608.1034936538365,1113247273605.3423,447316067422.04736,193773223390.3348,1113247273605.3423,0.4018119586077024,0.1740612602290813,0.4241267811632161,52.0,0.0,0.0,1.0,0.0,0.0,5.957648712766894,February,0,1,0,0,0,0,0,0,0,0,0,0,0
2023-02-26 00:00:00,23157.038107459524,22999909593.10942,1593.9519737908456,1108933843701.5908,447030240435.99854,192056375721.21072,1108933843701.5908,0.4031171408240403,0.1731901112154101,0.4236927479605495,51.0,0.0,0.0,1.0,0.0,0.0,5.957648712766894,February,0,1,0,0,0,0,0,0,0,0,0,0,0
2023-02-27 00:00:00,23541.11585449356,24469102669.371048,1640.5827101943062,1130798839089.3003,454284528651.5023,197696596339.3676,1130798839089.3003,0.4017377034250979,0.1748291468875087,0.4234331496873933,50.0,0.0,0.0,1.0,0.0,0.0,5.957648712766894,February,0,1,0,0,0,0,0,0,0,0,0,0,0
2023-02-28 00:00:00,23518.12390627588,28832423816.47872,1633.9766289833815,1124724535889.379,454364917718.867,197018105507.0608,1124724535889.379,0.4039788439038335,0.1751700965172491,0.4208510595789173,53.0,0.0,0.0,1.0,0.0,0.0,5.957648712766894,February,0,1,0,0,0,0,0,0,0,0,0,0,0
2023-03-01 00:00:00,23155.543746825795,25534054046.06684,1606.632639454843,1106942278129.539,446010055987.85736,193276888983.6779,1106942278129.539,0.4029207889154843,0.1746043066583999,0.4224749044261157,50.0,0.0,0.0,1.0,0.0,0.0,4.931348641757127,March,0,0,1,0,0,0,0,0,0,0,0,0,0
2023-03-02 00:00:00,23634.333489123783,32507897259.08433,1663.925777294461,1132964754992.3477,456417315966.7193,200476156508.34192,1132964754992.3477,0.4028521751939248,0.1769482727727889,0.4201995520332863,51.0,0.0,0.0,1.0,0.0,0.0,4.931348641757127,March,0,0,1,0,0,0,0,0,0,0,0,0,0
2023-03-03 00:00:00,23464.33654185282,27432755758.4402,1647.6646669077718,1121593889758.235,453067155320.8529,198520753673.54544,1121593889758.235,0.403949379056009,0.1769987831480943,0.4190518377958966,50.0,0.0,0.0,1.0,0.0,0.0,4.931348641757127,March,0,0,1,0,0,0,0,0,0,0,0,0,0
2023-03-04 00:00:00,22367.43302246967,34239649135.07021,1570.668210599776,1077247698255.6956,431727585101.1504,189178795460.26093,1077247698255.6956,0.400769094981789,0.1756130885836039,0.423617816434607,50.0,0.0,0.0,1.0,0.0,0.0,4.931348641757127,March,0,0,1,0,0,0,0,0,0,0,0,0,0
2023-03-05 00:00:00,22348.32991538815,13392431931.930376,1568.4956010562191,1072693072348.2792,431837491811.4938,189002414068.6852,1072693072348.2792,0.4025732084445548,0.1761943084566881,0.421232483098757,47.0,0.0,0.0,1.0,0.0,0.0,4.931348641757127,March,0,0,1,0,0,0,0,0,0,0,0,0,0
2023-03-06 00:00:00,22421.885805853268,16080097920.160831,1563.2256620056305,1073804713025.527,433081135066.3954,188337456156.2138,1073804713025.527,0.4033146156028279,0.1753926518217252,0.4212927325754468,48.0,0.0,0.0,1.0,0.0,0.0,4.931348641757127,March,0,0,1,0,0,0,0,0,0,0,0,0,0
2023-03-07 00:00:00,22415.113659694827,21124920006.05772,1567.3501465252189,1073160124306.8698,432758824798.3097,188803304807.8448,1073160124306.8698,0.4032565271448368,0.1759320911497607,0.4208113817054024,49.0,0.0,0.0,1.0,0.0,0.0,4.931348641757127,March,0,0,1,0,0,0,0,0,0,0,0,0,0
2023-03-08 00:00:00,22217.209884905325,27780357943.16268,1563.813182247501,1065469889199.6808,427994888566.54205,187945419858.86072,1065469889199.6808,0.4016959023478617,0.1763967445387259,0.4219073531134124,50.0,0.0,0.0,1.0,0.0,0.0,4.931348641757127,March,0,0,1,0,0,0,0,0,0,0,0,0,0
2023-03-09 00:00:00,21712.65119391273,28493032424.783108,1535.2602520971095,1041753878241.7118,419694984165.3824,185138878803.2572,1041753878241.7118,0.4028734549793565,0.177718444509885,0.4194081005107584,44.0,0.0,1.0,0.0,0.0,0.0,4.931348641757127,March,0,0,1,0,0,0,0,0,0,0,0,0,0
2023-03-10 00:00:00,20376.320007428807,40173833477.66077,1440.167661880184,980411581585.0658,392841773384.4403,173232609854.28854,980411581585.0658,0.4006906698810302,0.1766937611795826,0.4226155689393871,34.0,0.0,1.0,0.0,0.0,0.0,4.931348641757127,March,0,0,1,0,0,0,0,0,0,0,0,0,0
2023-03-11 00:00:00,20195.2289502733,51593890225.48742,1429.6031691041849,975616256614.47,390202255053.33545,172474466355.71472,975616256614.47,0.3999546465199277,0.1767851500898787,0.4232602033901935,33.0,0.0,1.0,0.0,0.0,0.0,4.931348641757127,March,0,0,1,0,0,0,0,0,0,0,0,0,0
2023-03-12 00:00:00,20521.55615175117,37746654239.61721,1474.40324440156,981991187379.8296,394742728281.98926,176915178456.41873,981991187379.8296,0.4019819458209706,0.1801596396485672,0.4178584145304622,33.0,0.0,1.0,0.0,0.0,0.0,4.931348641757127,March,0,0,1,0,0,0,0,0,0,0,0,0,0
2023-03-13 00:00:00,22095.71339833569,36639901908.82403,1588.1968020530471,1050681469980.8055,425816781283.9279,190440681263.2129,1050681469980.8055,0.4052767593699991,0.1812544398129453,0.4134688008170555,49.0,0.0,0.0,1.0,0.0,0.0,4.931348641757127,March,0,0,1,0,0,0,0,0,0,0,0,0,0
2023-03-14 00:00:00,24178.95532797469,66799159801.95812,1678.915634393308,1114155592987.907,466509005562.78174,202294154847.0903,1114155592987.907,0.4187108232448152,0.1815672390106522,0.3997219377445326,56.0,0.0,0.0,0.0,1.0,0.0,4.931348641757127,March,0,0,1,0,0,0,0,0,0,0,0,0,0
2023-03-15 00:00:00,24758.765085827567,70714394276.37074,1708.300897366666,1135015318354.6567,478406045309.6089,205738833552.6544,1135015318354.6567,0.4214974349448577,0.1812652483412276,0.3972373167139147,50.0,0.0,0.0,1.0,0.0,0.0,4.931348641757127,March,0,0,1,0,0,0,0,0,0,0,0,0,0
2023-03-16 00:00:00,24470.88205445031,63107437928.81401,1658.0701085663115,1106843704961.4836,472833547484.0809,199607487558.33243,1106843704961.4836,0.4271908900638638,0.1803393619745783,0.3924697479615578,52.0,0.0,0.0,1.0,0.0,0.0,4.931348641757127,March,0,0,1,0,0,0,0,0,0,0,0,0,0
2023-03-17 00:00:00,25161.27201752005,60688056874.81415,1679.7924762080895,1132836377050.526,486375597562.7987,202411234958.1569,1132836377050.526,0.4293432020863731,0.1786764964991313,0.3919803014144956,51.0,0.0,0.0,1.0,0.0,0.0,4.931348641757127,March,0,0,1,0,0,0,0,0,0,0,0,0,0
2023-03-18 00:00:00,27466.677829829863,64617615617.80156,1793.2988017342332,1209015542771.878,530038219067.3334,215660560704.77524,1209015542771.878,0.4384048015231704,0.1783769960560937,0.3832182024207358,64.0,0.0,0.0,0.0,1.0,0.0,4.931348641757127,March,0,0,1,0,0,0,0,0,0,0,0,0,0
2023-03-19 00:00:00,27107.792183504385,46473651090.578415,1769.4253269123851,1191611221231.8445,523262280970.14777,213123927233.32803,1191611221231.8445,0.4391216460929414,0.1788535752567085,0.38202477865035,63.0,0.0,0.0,0.0,1.0,0.0,4.931348641757127,March,0,0,1,0,0,0,0,0,0,0,0,0,0
2023-03-20 00:00:00,28186.842652360127,46394763656.03816,1801.3674190114589,1222020552977.7026,546680822196.2155,217844457987.9951,1222020552977.7026,0.4473581241036544,0.1782657889486167,0.3743760869477288,66.0,0.0,0.0,0.0,1.0,0.0,4.931348641757127,March,0,0,1,0,0,0,0,0,0,0,0,0,0
2023-03-21 00:00:00,27929.167733140293,55315948514.426994,1744.4414599600184,1200995507805.6074,538935400013.3555,209763828559.9232,1200995507805.6074,0.4487405627337179,0.1746582957193504,0.3766011415469317,68.0,0.0,0.0,0.0,1.0,0.0,4.931348641757127,March,0,0,1,0,0,0,0,0,0,0,0,0,0
2023-03-22 00:00:00,28264.23961052235,34430928756.27183,1811.4112436682733,1229356228684.2383,545917428270.1058,218008486913.6836,1229356228684.2383,0.4440677287285501,0.1773354881416388,0.378596783129811,62.0,0.0,0.0,0.0,1.0,0.0,4.931348641757127,March,0,0,1,0,0,0,0,0,0,0,0,0,0
2023-03-23 00:00:00,27449.25483080736,35394833933.50181,1747.6400281141143,1191415919895.9185,530515158753.954,210285658211.08432,1191415919895.9185,0.4452812404926564,0.1765006281177229,0.3782181313896205,57.0,0.0,0.0,0.0,1.0,0.0,4.931348641757127,March,0,0,1,0,0,0,0,0,0,0,0,0,0
2023-03-24 00:00:00,28459.735113552502,20360807194.56342,1824.9566578949327,1231825086641.372,549578396178.6341,219518418514.19247,1231825086641.372,0.4461497026960905,0.1782058353046856,0.3756444619992238,61.0,0.0,0.0,0.0,1.0,0.0,4.931348641757127,March,0,0,1,0,0,0,0,0,0,0,0,0,0
2023-03-25 00:00:00,27595.4947483755,21551272690.41361,1751.2194078261723,1199535841513.032,533634255119.3758,212072713258.261,1199535841513.032,0.444867286705062,0.1767956453812697,0.3783370679136682,64.0,0.0,0.0,0.0,1.0,0.0,4.931348641757127,March,0,0,1,0,0,0,0,0,0,0,0,0,0
2023-03-26 00:00:00,27670.19949849684,15053754845.31385,1753.982636507409,1196781572993.0146,534960802333.31067,211355889911.33264,1196781572993.0146,0.4469995314144372,0.1766035629899912,0.3763969055955715,64.0,0.0,0.0,0.0,1.0,0.0,4.931348641757127,March,0,0,1,0,0,0,0,0,0,0,0,0,0
2023-03-27 00:00:00,28048.46997853496,14450374261.063795,1776.867690456723,1209163965457.0786,542675619058.77966,214528709136.8291,1209163965457.0786,0.4488023415861898,0.1774190393241951,0.3737786190896149,64.0,0.0,0.0,0.0,1.0,0.0,4.931348641757127,March,0,0,1,0,0,0,0,0,0,0,0,0,0
2023-03-28 00:00:00,27182.299559950465,18519053231.63728,1719.1709726748606,1176076418555.422,525230880103.1384,206685090340.53693,1176076418555.422,0.4465958774586102,0.1757412078667547,0.3776629146746351,59.0,0.0,0.0,0.0,1.0,0.0,4.931348641757127,March,0,0,1,0,0,0,0,0,0,0,0,0,0
2023-03-29 00:00:00,27291.3500210497,17658503318.910484,1776.043639329832,1192786452333.301,528042785008.98267,213909228254.6471,1192786452333.301,0.4426968330970205,0.1793357292382076,0.3779674376647718,57.0,0.0,0.0,0.0,1.0,0.0,4.931348641757127,March,0,0,1,0,0,0,0,0,0,0,0,0,0
2023-03-30 00:00:00,28394.997780199057,21097595427.48953,1795.5369478273235,1225401718033.411,548808373530.0567,216268184816.8208,1225401718033.411,0.4478599674324051,0.1764875808758448,0.3756524516917501,60.0,0.0,0.0,0.0,1.0,0.0,4.931348641757127,March,0,0,1,0,0,0,0,0,0,0,0,0,0
2023-03-31 00:00:00,28041.123080088284,22702531379.35043,1792.9085783080432,1216261359036.508,542369769760.288,216024475834.15308,1216261359036.508,0.4459319255114212,0.1776135320169032,0.3764545424716756,63.0,0.0,0.0,0.0,1.0,0.0,4.931348641757127,March,0,0,1,0,0,0,0,0,0,0,0,0,0
2023-04-01 00:00:00,28516.78472968864,19112345639.9622,1824.0200055528176,1234766103895.3452,551707238559.8757,219903281108.44144,1234766103895.3452,0.4468111303180352,0.1780930658970208,0.3750958037849438,61.0,0.0,0.0,0.0,1.0,0.0,4.946947488062325,April,0,0,0,1,0,0,0,0,0,0,0,0,0
2023-04-02 00:00:00,28498.94463304862,10085380788.870918,1823.0003798253083,1233890695017.7925,550949831049.3949,219561711559.01,1233890695017.7925,0.4465142927765172,0.1779425944660713,0.3755431127574113,63.0,0.0,0.0,0.0,1.0,0.0,4.946947488062325,April,0,0,0,1,0,0,0,0,0,0,0,0,0
2023-04-03 00:00:00,28236.508738939792,11682876586.814528,1797.7369883938552,1222047334898.2578,545181408318.2205,216494189054.4792,1222047334898.2578,0.4461213512352284,0.1771569585498122,0.3767216902149592,63.0,0.0,0.0,0.0,1.0,0.0,4.946947488062325,April,0,0,0,1,0,0,0,0,0,0,0,0,0
2023-04-04 00:00:00,27815.42653124798,19711493345.47604,1810.466255484756,1214349951433.2964,539350908801.9282,218499091537.9477,1214349951433.2964,0.4441478407153825,0.1799309097678584,0.3759212495167591,62.0,0.0,0.0,0.0,1.0,0.0,4.946947488062325,April,0,0,0,1,0,0,0,0,0,0,0,0,0
2023-04-05 00:00:00,28175.33033421539,14871614372.831093,1871.333525898643,1235648525510.9006,544313567953.4008,225257854355.94864,1235648525510.9006,0.4405084105355483,0.1822992944233974,0.3771922950410541,62.0,0.0,0.0,0.0,1.0,0.0,4.946947488062325,April,0,0,0,1,0,0,0,0,0,0,0,0,0
2023-04-06 00:00:00,28197.20034124555,16507617903.813946,1911.3386899517511,1242070013769.8591,545409754928.52686,230370056366.2714,1242070013769.8591,0.439113535374009,0.1854726817428476,0.3754137828831434,63.0,0.0,0.0,0.0,1.0,0.0,4.946947488062325,April,0,0,0,1,0,0,0,0,0,0,0,0,0
2023-04-07 00:00:00,28042.9833864884,13079528995.139923,1872.2466823679088,1229803676804.4478,542601176317.4441,225549620778.91388,1229803676804.4478,0.4412095902391123,0.1834029488064205,0.3753874609544672,64.0,0.0,0.0,0.0,1.0,0.0,4.946947488062325,April,0,0,0,1,0,0,0,0,0,0,0,0,0
2023-04-08 00:00:00,27934.43871284895,10141276803.893911,1866.657544787416,1225471710983.9028,540432353743.3232,224884695655.05383,1225471710983.9028,0.4409994526184718,0.1835086796695609,0.3754918677119673,61.0,0.0,0.0,0.0,1.0,0.0,4.946947488062325,April,0,0,0,1,0,0,0,0,0,0,0,0,0
2023-04-09 00:00:00,27968.12804705512,8844199146.1801,1851.0506710706209,1222799611314.318,541094458101.4472,223169245107.38303,1222799611314.318,0.4425046042661523,0.1825068008220177,0.37498859491183,61.0,0.0,0.0,0.0,1.0,0.0,4.946947488062325,April,0,0,0,1,0,0,0,0,0,0,0,0,0
2023-04-10 00:00:00,28351.23699385011,11429030269.731691,1859.9403872878145,1233874405004.374,548568597244.1978,224219517643.8137,1233874405004.374,0.4445903043448357,0.1817198871574119,0.3736898084977522,62.0,0.0,0.0,0.0,1.0,0.0,4.946947488062325,April,0,0,0,1,0,0,0,0,0,0,0,0,0
2023-04-11 00:00:00,29657.97413687356,17475381731.251884,1909.882060941592,1271231265196.7402,574059578670.3654,230201702660.8635,1271231265196.7402,0.4515776117113685,0.1810856206602475,0.3673367676283838,68.0,0.0,0.0,0.0,1.0,0.0,4.946947488062325,April,0,0,0,1,0,0,0,0,0,0,0,0,0
2023-04-12 00:00:00,30260.93610940865,18320296514.777645,1892.938911069582,1282354525017.7163,585359301945.2595,227988460702.9362,1282354525017.7163,0.4564722863493405,0.1777889470150904,0.3657387666355691,65.0,0.0,0.0,0.0,1.0,0.0,4.946947488062325,April,0,0,0,1,0,0,0,0,0,0,0,0,0
2023-04-13 00:00:00,29904.138694718906,18407698928.06657,1920.2230311931223,1277439558583.2212,578850627447.6105,231476399968.9067,1277439558583.2212,0.4531334759114555,0.1812034067785029,0.3656631173100414,61.0,0.0,0.0,0.0,1.0,0.0,4.946947488062325,April,0,0,0,1,0,0,0,0,0,0,0,0,0
2023-04-14 00:00:00,30405.027312781145,16404033694.47376,2012.785415162006,1307860558988.412,587939018759.4221,242284529486.34308,1307860558988.412,0.4495425867220691,0.185252569795164,0.3652048434827668,68.0,0.0,0.0,0.0,1.0,0.0,4.946947488062325,April,0,0,0,1,0,0,0,0,0,0,0,0,0
2023-04-15 00:00:00,30468.40870059078,20984067684.216217,2102.946188294908,1327867487220.099,589051372432.549,252719453976.0147,1327867487220.099,0.4436070452072989,0.1903197844726847,0.3660731703200164,68.0,0.0,0.0,0.0,1.0,0.0,4.946947488062325,April,0,0,0,1,0,0,0,0,0,0,0,0,0
2023-04-16 00:00:00,30312.16187965924,11028264273.146706,2093.166331331955,1325459079977.3584,586969785778.0928,251586840869.99887,1325459079977.3584,0.4428426306364127,0.1898110961481334,0.3673462732154539,68.0,0.0,0.0,0.0,1.0,0.0,4.946947488062325,April,0,0,0,1,0,0,0,0,0,0,0,0,0
2023-04-17 00:00:00,30304.807514785844,11188035367.077024,2118.5987891538853,1335482924695.3062,586268225587.8677,253507799906.4971,1335482924695.3062,0.4389934268321898,0.1898248155919594,0.3711817575758508,69.0,0.0,0.0,0.0,1.0,0.0,4.946947488062325,April,0,0,0,1,0,0,0,0,0,0,0,0,0
2023-04-18 00:00:00,29467.459829260344,16771824487.579355,2077.535664637184,1302485279708.8372,569958059900.5195,247900016291.37604,1302485279708.8372,0.4375927074031349,0.1903284591030407,0.3720788334938243,58.0,0.0,0.0,0.0,1.0,0.0,4.946947488062325,April,0,0,0,1,0,0,0,0,0,0,0,0,0
2023-04-19 00:00:00,30365.90416754141,18078539248.52104,2103.2788135921514,1334516356922.313,587730212230.9563,251100187595.887,1334516356922.313,0.4404069003593113,0.1881581940104346,0.3714349056302539,63.0,0.0,0.0,0.0,1.0,0.0,4.946947488062325,April,0,0,0,1,0,0,0,0,0,0,0,0,0
2023-04-20 00:00:00,28833.217501221105,24136616861.63636,1936.4259207983632,1258113454026.1018,558796473890.5958,231458322403.79388,1258113454026.1018,0.4441542788548882,0.1839725357543087,0.371873185390803,52.0,0.0,0.0,1.0,0.0,0.0,4.946947488062325,April,0,0,0,1,0,0,0,0,0,0,0,0,0
2023-04-21 00:00:00,28255.57824866478,21695904964.79905,1943.4355981925776,1241560463619.184,546141074655.3764,233965107542.7419,1241560463619.184,0.4398827851390818,0.1884443926804233,0.3716728221804948,50.0,0.0,0.0,1.0,0.0,0.0,4.946947488062325,April,0,0,0,1,0,0,0,0,0,0,0,0,0
2023-04-22 00:00:00,27300.15712851557,20420333533.71415,1850.1497384242152,1198905682792.3655,528357279464.0127,222536195564.3714,1198905682792.3655,0.4406996205351352,0.1856160987126722,0.3736842807521925,53.0,0.0,0.0,1.0,0.0,0.0,4.946947488062325,April,0,0,0,1,0,0,0,0,0,0,0,0,0
2023-04-23 00:00:00,27861.640663476548,11700230849.968126,1877.5413280611456,1222371913579.6868,539454716829.9368,226130094815.9329,1222371913579.6868,0.4413179907334067,0.184992875166541,0.3736891341000522,56.0,0.0,0.0,0.0,1.0,0.0,4.946947488062325,April,0,0,0,1,0,0,0,0,0,0,0,0,0
2023-04-24 00:00:00,27606.578347653143,11435645306.771605,1863.6391422142244,1211483923105.822,533753154140.2553,224130103074.6425,1211483923105.822,0.4405779919653399,0.1850046036930074,0.3744174043416527,53.0,0.0,0.0,1.0,0.0,0.0,4.946947488062325,April,0,0,0,1,0,0,0,0,0,0,0,0,0
2023-04-25 00:00:00,27511.635682161308,16443099944.64734,1842.6307920871573,1206593729469.8503,532290845181.53394,221819334333.2904,1206593729469.8503,0.4411516753161069,0.1838392898252113,0.3750090348586818,53.0,0.0,0.0,1.0,0.0,0.0,4.946947488062325,April,0,0,0,1,0,0,0,0,0,0,0,0,0
2023-04-26 00:00:00,28351.218248373007,17061823985.865343,1870.565223123028,1231460710053.7964,548359667398.65234,225096171581.73505,1231460710053.7964,0.445292052699511,0.1827879442226798,0.3719200030778091,56.0,0.0,0.0,0.0,1.0,0.0,4.946947488062325,April,0,0,0,1,0,0,0,0,0,0,0,0,0
2023-04-27 00:00:00,28352.19132059668,30540034741.28477,1867.5893250124868,1229872212893.2593,548638734338.3676,224807445929.1713,1229872212893.2593,0.446094097083226,0.1827892715783167,0.3711166313384573,59.0,0.0,0.0,0.0,1.0,0.0,4.946947488062325,April,0,0,0,1,0,0,0,0,0,0,0,0,0
2023-04-28 00:00:00,29483.52170499186,26238597379.49954,1910.456779102895,1260905450731.98,570258039118.5771,229940294581.2185,1260905450731.98,0.4522607454726532,0.1823612503599962,0.3653780041673505,64.0,0.0,0.0,0.0,1.0,0.0,4.946947488062325,April,0,0,0,1,0,0,0,0,0,0,0,0,0
2023-04-29 00:00:00,29339.99499754935,18730801539.18156,1894.4280839501075,1254891791603.7805,568153896404.9741,228152292773.1309,1254891791603.7805,0.4527513050976773,0.1818103316155626,0.36543836328676,64.0,0.0,0.0,0.0,1.0,0.0,4.946947488062325,April,0,0,0,1,0,0,0,0,0,0,0,0,0
2023-04-30 00:00:00,29217.94404680992,9711415138.827158,1905.2738522732104,1255278158837.5706,565714356650.6621,229429843509.54,1255278158837.5706,0.4506685252729422,0.1827721146060564,0.3665593601210012,60.0,0.0,0.0,0.0,1.0,0.0,4.946947488062325,April,0,0,0,1,0,0,0,0,0,0,0,0,0
2023-05-01 00:00:00,29362.0562136254,14707008604.647,1885.3919353369213,1250843750158.9424,568513467268.4124,227186562478.89905,1250843750158.9424,0.4545039835680295,0.1816266519699449,0.3638693644620254,63.0,0.0,0.0,0.0,1.0,0.0,4.125314539356473,May,0,0,0,0,1,0,0,0,0,0,0,0,0
2023-05-02 00:00:00,28125.501155636823,19980169281.008976,1832.725799406749,1214563056646.7085,544421676291.20087,220608989107.972,1214563056646.7085,0.4482448838797194,0.1816365053264934,0.3701186107937871,55.0,0.0,0.0,0.0,1.0,0.0,4.125314539356473,May,0,0,0,0,1,0,0,0,0,0,0,0,0
2023-05-03 00:00:00,28654.39013332672,17699097406.188805,1870.828572787594,1231409547309.8845,554886795897.9369,225192198744.26425,1231409547309.8845,0.4506110880089672,0.1828735202160931,0.3665153917749395,64.0,0.0,0.0,0.0,1.0,0.0,4.125314539356473,May,0,0,0,0,1,0,0,0,0,0,0,0,0
2023-05-04 00:00:00,28988.32099624928,19944381490.560024,1903.7282107352776,1244915791397.9478,561312171794.5802,229058202737.14035,1244915791397.9478,0.4508836466475121,0.1839949371032759,0.3651214162492119,64.0,0.0,0.0,0.0,1.0,0.0,4.125314539356473,May,0,0,0,0,1,0,0,0,0,0,0,0,0
2023-05-05 00:00:00,28846.461458608057,12676760580.080193,1877.4011950525364,1235899211896.2883,558634329303.2208,226033834100.12152,1235899211896.2883,0.4520063803957658,0.1828901838632205,0.3651034357410136,61.0,0.0,0.0,0.0,1.0,0.0,4.125314539356473,May,0,0,0,0,1,0,0,0,0,0,0,0,0
2023-05-06 00:00:00,29520.322268970496,4971523630.54862,1993.6129657474344,1269692905781.2732,571520224182.8824,239911504424.29404,1269692905781.2732,0.4501247676352196,0.1889523863068846,0.3609228460578957,60.0,0.0,0.0,0.0,1.0,0.0,4.125314539356473,May,0,0,0,0,1,0,0,0,0,0,0,0,0
2023-05-07 00:00:00,28887.74104552337,6463808309.438925,1900.410599025731,1235741838146.7063,559078681902.6073,228369002903.6794,1235741838146.7063,0.452423527830927,0.1848031650738425,0.3627733070952305,64.0,0.0,0.0,0.0,1.0,0.0,4.125314539356473,May,0,0,0,0,1,0,0,0,0,0,0,0,0
2023-05-08 00:00:00,28611.43919761457,10199066943.170338,1895.2301480548908,1227935566006.1108,554373015261.6681,228246618295.4416,1227935566006.1108,0.4514675123099327,0.1858783348362643,0.362654152853803,60.0,0.0,0.0,0.0,1.0,0.0,4.125314539356473,May,0,0,0,0,1,0,0,0,0,0,0,0,0
2023-05-09 00:00:00,27696.76078562556,21535578788.860283,1849.2886295625285,1189827192469.8086,536032086472.038,222406833247.6045,1189827192469.8086,0.450512553305626,0.1869236429081259,0.3625638037862481,51.0,0.0,0.0,1.0,0.0,0.0,4.125314539356473,May,0,0,0,0,1,0,0,0,0,0,0,0,0
2023-05-10 00:00:00,27607.39168091902,8876813250.933558,1846.0642640231483,1189541337771.1697,535037100026.6903,222246427487.2296,1189541337771.1697,0.4497843690150216,0.1868337151726481,0.3633819158123302,52.0,0.0,0.0,1.0,0.0,0.0,4.125314539356473,May,0,0,0,0,1,0,0,0,0,0,0,0,0
2023-05-11 00:00:00,27639.73356593586,17159331951.189877,1842.865558834664,1190474708276.8013,534937464538.75824,221632027136.72604,1190474708276.8013,0.449348029672192,0.1861711345867531,0.3644808357410548,52.0,0.0,0.0,1.0,0.0,0.0,4.125314539356473,May,0,0,0,0,1,0,0,0,0,0,0,0,0
2023-05-12 00:00:00,27024.76572929978,7754296234.077171,1798.0719455262629,1163774871065.3582,523414877659.3074,216323022928.9258,1163774871065.3582,0.449756126096928,0.1858804725100281,0.3643634013930438,49.0,0.0,0.0,1.0,0.0,0.0,4.125314539356473,May,0,0,0,0,1,0,0,0,0,0,0,0,0
2023-05-13 00:00:00,26787.69039591833,9157286238.193071,1808.6949999015687,1170442245904.3042,518816444750.7709,217659652941.87607,1170442245904.3042,0.4432653098145173,0.1859635994031541,0.3707710907823284,48.0,0.0,0.0,1.0,0.0,0.0,4.125314539356473,May,0,0,0,0,1,0,0,0,0,0,0,0,0
2023-05-14 00:00:00,26798.126271474703,8365379054.202115,1797.1994701376498,1167257963300.8,520426027097.3362,216032102439.73026,1167257963300.8,0.4458534818007692,0.185076571959149,0.3690699462400817,48.0,0.0,0.0,1.0,0.0,0.0,4.125314539356473,May,0,0,0,0,1,0,0,0,0,0,0,0,0
2023-05-15 00:00:00,26911.805273213893,6019488454.419681,1799.0086586150053,1173127404903.475,521319019334.69617,216439514891.84528,1173127404903.475,0.4443839749678256,0.1844978763492904,0.3711181486828839,50.0,0.0,0.0,1.0,0.0,0.0,4.125314539356473,May,0,0,0,0,1,0,0,0,0,0,0,0,0
2023-05-16 00:00:00,27227.793422558792,14570026781.747086,1820.0447595407188,1181631697878.0554,527655229433.8867,218513683684.05072,1181631697878.0554,0.4465479644642546,0.1849253740200539,0.3685266615156914,54.0,0.0,0.0,1.0,0.0,0.0,4.125314539356473,May,0,0,0,0,1,0,0,0,0,0,0,0,0
2023-05-17 00:00:00,27022.713173921147,12927093920.902998,1823.6630183475188,1175822848048.4297,523965691858.8659,219562064257.98773,1175822848048.4297,0.4456161850643719,0.1867305645764628,0.3676532503591653,50.0,0.0,0.0,1.0,0.0,0.0,4.125314539356473,May,0,0,0,0,1,0,0,0,0,0,0,0,0
2023-05-18 00:00:00,27389.971511442203,12580626234.913448,1821.050634709663,1185823230980.5012,530762551513.4872,219124262711.374,1185823230980.5012,0.4475899422839142,0.1847866165770681,0.3676234411390176,51.0,0.0,0.0,1.0,0.0,0.0,4.125314539356473,May,0,0,0,0,1,0,0,0,0,0,0,0,0
2023-05-19 00:00:00,26842.95249471792,12599487111.93878,1802.3909554834493,1170237613586.3423,520544913836.41,217078808863.77985,1170237613586.3423,0.4448198449553623,0.1854997705966006,0.3696803844480371,48.0,0.0,0.0,1.0,0.0,0.0,4.125314539356473,May,0,0,0,0,1,0,0,0,0,0,0,0,0
2023-05-20 00:00:00,26884.371059589947,11559136131.368769,1812.1317035605853,1172558200099.691,521153640362.9618,218083824882.0496,1172558200099.691,0.4444586548613564,0.1859897656794418,0.3695515794592018,48.0,0.0,0.0,1.0,0.0,0.0,4.125314539356473,May,0,0,0,0,1,0,0,0,0,0,0,0,0
2023-05-21 00:00:00,27093.79110149735,3882362454.219783,1818.969529503585,1179136398005.224,525040003344.1629,218770214155.48007,1179136398005.224,0.4452750370800077,0.1855342728165964,0.3691906901033959,52.0,0.0,0.0,1.0,0.0,0.0,4.125314539356473,May,0,0,0,0,1,0,0,0,0,0,0,0,0
2023-05-22 00:00:00,26773.83024366478,8125825605.684245,1804.9290671072804,1165203891108.9863,519171380714.0945,217302257173.6874,1165203891108.9863,0.445562690509016,0.1864929038014706,0.3679444056895134,49.0,0.0,0.0,1.0,0.0,0.0,4.125314539356473,May,0,0,0,0,1,0,0,0,0,0,0,0,0
2023-05-23 00:00:00,26869.68602179077,8025716966.179398,1818.4014644980853,1171053301196.4268,520821915713.9187,218746186925.5668,1171053301196.4268,0.4447465501201457,0.186794389889923,0.3684590599899312,50.0,0.0,0.0,1.0,0.0,0.0,4.125314539356473,May,0,0,0,0,1,0,0,0,0,0,0,0,0
2023-05-24 00:00:00,27222.937746603853,11685763863.312372,1854.1931182731785,1186106032040.9253,527528695688.7587,222906967413.9726,1186106032040.9253,0.4447567767453668,0.1879317374606197,0.3673114857940134,50.0,0.0,0.0,1.0,0.0,0.0,4.125314539356473,May,0,0,0,0,1,0,0,0,0,0,0,0,0
2023-05-25 00:00:00,26338.948946998687,17477200137.10873,1800.736010305837,1155469953482.492,510987979871.2201,216837950430.06705,1155469953482.492,0.4422338965467203,0.1876621281034051,0.3701039753498745,51.0,0.0,0.0,1.0,0.0,0.0,4.125314539356473,May,0,0,0,0,1,0,0,0,0,0,0,0,0
2023-05-26 00:00:00,26475.60790253428,11953749225.494,1805.8057604056933,1158078029494.975,513295724355.69904,217194191610.31747,1158078029494.975,0.4432306902321095,0.1875471134747573,0.3692221962931332,49.0,0.0,0.0,1.0,0.0,0.0,4.125314539356473,May,0,0,0,0,1,0,0,0,0,0,0,0,0
2023-05-27 00:00:00,26717.987553571777,10994037071.45216,1828.956536619728,1169215723369.633,517973731437.9403,219969209232.79053,1169215723369.633,0.4430095499786478,0.1881339814682341,0.368856468553118,48.0,0.0,0.0,1.0,0.0,0.0,4.125314539356473,May,0,0,0,0,1,0,0,0,0,0,0,0,0
2023-05-28 00:00:00,26848.23993959246,6029471707.897409,1830.3066513168976,1174080158018.128,520461980942.25433,220035586188.35385,1174080158018.128,0.4432933964413513,0.1874110423259163,0.3692955612327324,50.0,0.0,0.0,1.0,0.0,0.0,4.125314539356473,May,0,0,0,0,1,0,0,0,0,0,0,0,0
2023-05-29 00:00:00,28110.313467609285,13144599279.47902,1913.8162493165785,1217861601763.463,544879177078.8053,230041639357.4828,1217861601763.463,0.4474064838646859,0.1888898040831426,0.3637037120521715,52.0,0.0,0.0,1.0,0.0,0.0,4.125314539356473,May,0,0,0,0,1,0,0,0,0,0,0,0,0
2023-05-30 00:00:00,27759.74666392068,13483205892.539597,1893.7142740897043,1203802165937.2742,538430950369.49817,227805314887.09955,1203802165937.2742,0.4472752796139709,0.1892381666465365,0.3634865537394924,51.0,0.0,0.0,1.0,0.0,0.0,4.125314539356473,May,0,0,0,0,1,0,0,0,0,0,0,0,0
2023-05-31 00:00:00,27713.908547529507,12766436369.815956,1901.078310164527,1206283476566.5024,537414074116.4985,228588229006.90048,1206283476566.5024,0.4455122569084372,0.189497935972348,0.3649898071192146,51.0,0.0,0.0,1.0,0.0,0.0,4.125314539356473,May,0,0,0,0,1,0,0,0,0,0,0,0,0
2023-06-01 00:00:00,27245.474465179723,10001106221.647074,1874.694885027078,1188521648753.215,528464394082.93866,225483513769.4682,1188521648753.215,0.4446401078493683,0.1897176328306727,0.365642259319959,52.0,0.0,0.0,1.0,0.0,0.0,3.0592533347792994,June,0,0,0,0,0,1,0,0,0,0,0,0,0
2023-06-02 00:00:00,26824.10149951678,12156086970.872988,1861.7253869476187,1175438870800.1006,520271910707.11273,223850958023.0443,1175438870800.1006,0.4426192834281316,0.1904403228308018,0.3669403937410666,50.0,0.0,0.0,1.0,0.0,0.0,3.0592533347792994,June,0,0,0,0,0,1,0,0,0,0,0,0,0
2023-06-03 00:00:00,27247.74008145703,15428145241.775955,1907.212321851008,1196741905842.621,528508990069.2122,229335461597.8791,1196741905842.621,0.4416232000308297,0.191633183795302,0.3667436161738682,53.0,0.0,0.0,1.0,0.0,0.0,3.0592533347792994,June,0,0,0,0,0,1,0,0,0,0,0,0,0
2023-06-04 00:00:00,27066.371328526235,6673279605.629511,1892.0781764647577,1190492270239.8655,525209390395.5061,227515751048.97668,1190492270239.8655,0.4411699290493374,0.1911106495493127,0.3677194214013498,52.0,0.0,0.0,1.0,0.0,0.0,3.0592533347792994,June,0,0,0,0,0,1,0,0,0,0,0,0,0
2023-06-05 00:00:00,27315.447587487684,6098045626.047618,1893.178280382087,1192046464119.6377,529630092281.3869,227418753400.94525,1192046464119.6377,0.4443032282911344,0.1907801081972931,0.3649166635115725,53.0,0.0,0.0,1.0,0.0,0.0,3.0592533347792994,June,0,0,0,0,0,1,0,0,0,0,0,0,0
2023-06-06 00:00:00,25792.6160902334,21208433571.87331,1813.6816549004,1134654993271.9482,500593893699.2183,218224817446.19363,1134654993271.9482,0.4411859963315197,0.1923270234037481,0.3664869802647322,44.0,0.0,1.0,0.0,0.0,0.0,3.0592533347792994,June,0,0,0,0,0,1,0,0,0,0,0,0,0
2023-06-07 00:00:00,27216.61556469773,22188018260.83246,1883.242584625582,1180732260314.2634,527295592028.0809,226225955928.7249,1180732260314.2634,0.4465835395127901,0.191598013819418,0.3618184466677918,53.0,0.0,0.0,1.0,0.0,0.0,3.0592533347792994,June,0,0,0,0,0,1,0,0,0,0,0,0,0
2023-06-08 00:00:00,26346.24454513764,14723854336.09437,1832.3204025034536,1142933739883.9106,510979921090.6337,220285044251.91275,1142933739883.9106,0.4470774667502025,0.1927364960581944,0.360186037191603,50.0,0.0,0.0,1.0,0.0,0.0,3.0592533347792994,June,0,0,0,0,0,1,0,0,0,0,0,0,0
2023-06-09 00:00:00,26507.90989220298,10197924963.780262,1846.0300017820573,1149267753695.486,514279355771.4992,222012641423.2545,1149267753695.486,0.4474843691714371,0.1931774738387724,0.3593381569897904,50.0,0.0,0.0,1.0,0.0,0.0,3.0592533347792994,June,0,0,0,0,0,1,0,0,0,0,0,0,0
2023-06-10 00:00:00,26469.581684007026,10464066236.48124,1839.2080126581927,1145123837429.973,513226142603.1213,221018802010.8545,1145123837429.973,0.4481839656355126,0.1930086465642807,0.3588073878002066,49.0,0.0,0.0,1.0,0.0,0.0,3.0592533347792994,June,0,0,0,0,0,1,0,0,0,0,0,0,0
2023-06-11 00:00:00,25858.12289218562,9755626714.244692,1754.6732284106365,1098067891782.1224,501653860264.2029,210950148701.20724,1098067891782.1224,0.4568514060182906,0.1921102968950701,0.3510382970866392,47.0,0.0,0.0,1.0,0.0,0.0,3.0592533347792994,June,0,0,0,0,0,1,0,0,0,0,0,0,0
2023-06-12 00:00:00,25916.57989637981,10439993428.365507,1751.7245965042496,1098864810218.6544,502683000962.43024,210604043872.2481,1098864810218.6544,0.4574566373295777,0.1916560089228279,0.3508873537475944,47.0,0.0,0.0,1.0,0.0,0.0,3.0592533347792994,June,0,0,0,0,0,1,0,0,0,0,0,0,0
2023-06-13 00:00:00,25910.362742919464,9761691909.31603,1742.5960525666158,1095502213031.1678,502562686069.16986,209462687695.93985,1095502213031.1678,0.4587509546681961,0.191202432276584,0.3500466130552198,45.0,0.0,1.0,0.0,0.0,0.0,3.0592533347792994,June,0,0,0,0,0,1,0,0,0,0,0,0,0
2023-06-14 00:00:00,25872.20645879509,9921875985.888603,1736.7894371674618,1098452160904.478,501752262681.7188,208703993936.8153,1098452160904.478,0.456781169485406,0.1899982551492876,0.3532205753653064,46.0,0.0,1.0,0.0,0.0,0.0,3.0592533347792994,June,0,0,0,0,0,1,0,0,0,0,0,0,0
2023-06-15 00:00:00,25107.754695880594,11982737579.702812,1650.6766675535464,1063059983819.3114,487262840554.6715,198559274296.62064,1063059983819.3114,0.4583587454811879,0.1867808753211143,0.3548603791976977,41.0,0.0,1.0,0.0,0.0,0.0,3.0592533347792994,June,0,0,0,0,0,1,0,0,0,0,0,0,0
2023-06-16 00:00:00,25564.599632887144,15184095954.029512,1664.9774623940225,1075290065162.4708,495788386559.1016,200099209933.71683,1075290065162.4708,0.4610740883988271,0.186088588016,0.3528373235851728,47.0,0.0,0.0,1.0,0.0,0.0,3.0592533347792994,June,0,0,0,0,0,1,0,0,0,0,0,0,0
2023-06-17 00:00:00,26327.3256694539,13604025863.641972,1716.3772810928574,1100538612119.2742,510906153487.6052,206321573355.8956,1100538612119.2742,0.4642328291451479,0.1874732708910488,0.3482938999638033,47.0,0.0,0.0,1.0,0.0,0.0,3.0592533347792994,June,0,0,0,0,0,1,0,0,0,0,0,0,0
2023-06-18 00:00:00,26501.04444223368,9533422254.890305,1726.372809734998,1109017667311.8428,514331114457.8236,207595972780.22693,1109017667311.8428,0.4637717951820507,0.187189058298251,0.3490391465196982,49.0,0.0,0.0,1.0,0.0,0.0,3.0592533347792994,June,0,0,0,0,0,1,0,0,0,0,0,0,0
2023-06-19 00:00:00,26333.092529664373,8589379740.11672,1719.2731615068672,1102334001271.8872,511384956032.88007,206730774198.4613,1102334001271.8872,0.4639110790766115,0.1875391432723046,0.3485497776510838,47.0,0.0,0.0,1.0,0.0,0.0,3.0592533347792994,June,0,0,0,0,0,1,0,0,0,0,0,0,0
2023-06-20 00:00:00,26779.38746152284,6651894946.454161,1734.793103442663,1115047510832.9258,519667661979.1768,208507638780.89432,1115047510832.9258,0.4660497933321172,0.1869943986737765,0.3469558079941062,49.0,0.0,0.0,1.0,0.0,0.0,3.0592533347792994,June,0,0,0,0,0,1,0,0,0,0,0,0,0
2023-06-21 00:00:00,28330.891419807507,19958565664.552258,1790.1904407317654,1159706107258.733,549330089183.52325,215060967094.14032,1159706107258.733,0.4736804313999931,0.1854443688345255,0.3408751997654813,59.0,0.0,0.0,0.0,1.0,0.0,3.0592533347792994,June,0,0,0,0,0,1,0,0,0,0,0,0,0
2023-06-22 00:00:00,30101.76481948869,23757254196.777027,1892.899571916819,1215413414694.748,584070487996.789,227581626984.15152,1215413414694.748,0.4805529385599867,0.1872462688272276,0.3322007926127856,65.0,0.0,0.0,0.0,1.0,0.0,3.0592533347792994,June,0,0,0,0,0,1,0,0,0,0,0,0,0
2023-06-23 00:00:00,29935.63210674956,19613389213.798763,1874.177947016714,1207236662998.5398,581473706978.9268,225381084937.87924,1207236662998.5398,0.4816567660682701,0.1866917165836205,0.3316515173481092,65.0,0.0,0.0,0.0,1.0,0.0,3.0592533347792994,June,0,0,0,0,0,1,0,0,0,0,0,0,0
2023-06-24 00:00:00,30629.24435333575,22630955878.97284,1891.3450080216776,1232341682805.5166,594588611688.3142,227419416441.5965,1232341682805.5166,0.4824868135066968,0.1845425011705028,0.3329706853228003,62.0,0.0,0.0,0.0,1.0,0.0,3.0592533347792994,June,0,0,0,0,0,1,0,0,0,0,0,0,0
2023-06-25 00:00:00,30537.8166646348,11736119929.84371,1875.0599619284883,1224012100730.6697,592912110031.5245,225448939889.3552,1224012100730.6697,0.4844005297640339,0.1841884894395849,0.3314109807963811,64.0,0.0,0.0,0.0,1.0,0.0,3.0592533347792994,June,0,0,0,0,0,1,0,0,0,0,0,0,0
2023-06-26 00:00:00,30454.75697441562,12076819255.30491,1899.147312104605,1229441463317.072,591387700082.1104,228332438014.13016,1229441463317.072,0.4810214375611894,0.1857204631752715,0.3332580992635391,55.0,0.0,0.0,0.0,1.0,0.0,3.0592533347792994,June,0,0,0,0,0,1,0,0,0,0,0,0,0
2023-06-27 00:00:00,30285.50506407074,16032184116.631308,1859.8024196427973,1215424732964.238,587134340343.6245,223061316934.54123,1215424732964.238,0.4830692715226324,0.1835254054691879,0.3334053230081797,59.0,0.0,0.0,0.0,1.0,0.0,3.0592533347792994,June,0,0,0,0,0,1,0,0,0,0,0,0,0
2023-06-28 00:00:00,30693.54635606798,14411853963.110468,1890.0129037837075,1230752893139.494,595427193050.2291,227143144300.6532,1230752893139.494,0.4837910163520885,0.1845562546038303,0.3316527290440813,62.0,0.0,0.0,0.0,1.0,0.0,3.0592533347792994,June,0,0,0,0,0,1,0,0,0,0,0,0,0
2023-06-29 00:00:00,30083.477245263824,8489428028.028098,1828.458336400725,1200200848780.9414,584187696961.3756,219923192180.6849,1200200848780.9414,0.4867416129181562,0.1832386574330984,0.3300197296487452,54.0,0.0,0.0,1.0,0.0,0.0,3.0592533347792994,June,0,0,0,0,0,1,0,0,0,0,0,0,0
2023-06-30 00:00:00,30466.61045689353,12545425127.446297,1853.4452458749936,1216016897931.2087,591688337868.8445,222892015037.67108,1216016897931.2087,0.4865790425079412,0.1832968073197617,0.330124150172297,56.0,0.0,0.0,0.0,1.0,0.0,3.0592533347792994,June,0,0,0,0,0,1,0,0,0,0,0,0,0
2023-07-01 00:00:00,30480.781481944465,21422361050.823097,1934.045714261776,1236486138092.439,591722375245.7673,232417040695.4234,1236486138092.439,0.478551563997825,0.1879657470758059,0.333482688926369,59.0,0.0,0.0,0.0,1.0,0.0,3.28032820234625,July,0,0,0,0,0,0,1,0,0,0,0,0,0
2023-07-02 00:00:00,30583.619599697537,4210431244.432685,1924.567240867652,1241356184013.059,593625140902.5646,231096044843.46228,1241356184013.059,0.4782069389492159,0.1861641709443734,0.3356288901064106,63.0,0.0,0.0,0.0,1.0,0.0,3.28032820234625,July,0,0,0,0,0,0,1,0,0,0,0,0,0
2023-07-03 00:00:00,30571.887072871446,7236318143.905301,1933.959881383208,1245404848474.3054,593627203721.8534,232373535009.1871,1245404848474.3054,0.476654000864925,0.1865847361152146,0.3367612630198603,62.0,0.0,0.0,0.0,1.0,0.0,3.28032820234625,July,0,0,0,0,0,0,1,0,0,0,0,0,0
2023-07-04 00:00:00,31134.713133508405,14755008156.77765,1953.7811276489165,1260365192311.7927,604507839820.0979,234942840998.1385,1260365192311.7927,0.4796291134566282,0.1864085444689253,0.3339623420744464,64.0,0.0,0.0,0.0,1.0,0.0,3.28032820234625,July,0,0,0,0,0,0,1,0,0,0,0,0,0
2023-07-05 00:00:00,30775.624022375305,12403890725.264544,1937.000425539136,1248231119927.6367,598449423994.1252,233226523011.07104,1248231119927.6367,0.4794379938458984,0.1868456244101587,0.3337163817439428,61.0,0.0,0.0,0.0,1.0,0.0,3.28032820234625,July,0,0,0,0,0,0,1,0,0,0,0,0,0
2023-07-06 00:00:00,30484.79377442352,10260132141.46154,1910.5052605097408,1234656715218.1594,592386606697.3153,230045605241.41965,1234656715218.1594,0.4797986350340651,0.1863235362558016,0.3338778287101333,56.0,0.0,0.0,0.0,1.0,0.0,3.28032820234625,July,0,0,0,0,0,0,1,0,0,0,0,0,0
2023-07-07 00:00:00,29990.055151220247,21776707863.50336,1855.4747836363103,1209491798287.0151,583429029204.2451,223411633998.65668,1209491798287.0151,0.482375349738251,0.1847152947337643,0.3329093555279846,55.0,0.0,0.0,0.0,1.0,0.0,3.28032820234625,July,0,0,0,0,0,0,1,0,0,0,0,0,0
2023-07-08 00:00:00,30315.26540235163,13018507892.814608,1869.317187141899,1222982051732.0752,588811434763.8912,224666147793.6088,1222982051732.0752,0.4814554996371157,0.18370355270171,0.3348409476611742,58.0,0.0,0.0,0.0,1.0,0.0,3.28032820234625,July,0,0,0,0,0,0,1,0,0,0,0,0,0
2023-07-09 00:00:00,30264.19734525722,5608541981.756295,1864.8685919146385,1222395807639.7312,587678367157.9867,224139520023.71573,1222395807639.7312,0.4807594753557837,0.1833608383004001,0.3358796863438161,55.0,0.0,0.0,0.0,1.0,0.0,3.28032820234625,July,0,0,0,0,0,0,1,0,0,0,0,0,0
2023-07-10 00:00:00,30169.87065747925,7559670230.189486,1866.9167424803984,1216940100303.798,585883986681.1711,224416034755.062,1216940100303.798,0.4814402833261148,0.1844100910957232,0.3341496255781618,56.0,0.0,0.0,0.0,1.0,0.0,3.28032820234625,July,0,0,0,0,0,0,1,0,0,0,0,0,0
2023-07-11 00:00:00,30394.28114637557,12835219756.96589,1875.2742726720533,1227328658207.6506,590311894648.7518,225295266243.2764,1227328658207.6506,0.4809729575701617,0.1835655549445818,0.3354614874852565,57.0,0.0,0.0,0.0,1.0,0.0,3.28032820234625,July,0,0,0,0,0,0,1,0,0,0,0,0,0
2023-07-12 00:00:00,30620.81424697801,11753418050.421658,1875.8658719294945,1233052898811.5498,594749192359.1351,225467256388.7196,1233052898811.5498,0.4823387487530914,0.1828528659281618,0.3348083853187467,64.0,0.0,0.0,0.0,1.0,0.0,3.28032820234625,July,0,0,0,0,0,0,1,0,0,0,0,0,0
2023-07-13 00:00:00,30407.41631435991,13072555444.26232,1873.5068153773984,1227011047497.5898,590629381260.7114,225081147081.1057,1227011047497.5898,0.481356204954521,0.183438566050521,0.3352052289949578,57.0,0.0,0.0,0.0,1.0,0.0,3.28032820234625,July,0,0,0,0,0,0,1,0,0,0,0,0,0
2023-07-14 00:00:00,31446.0149710716,21254274345.702217,2003.253616074307,1300488771986.7666,610725509598.8464,240656450975.356,1300488771986.7666,0.4696122894362528,0.1850507718015152,0.3453369387622318,60.0,0.0,0.0,0.0,1.0,0.0,3.28032820234625,July,0,0,0,0,0,0,1,0,0,0,0,0,0
2023-07-15 00:00:00,30311.82780813052,21977151420.85325,1935.9402407442035,1258990785543.3452,588107447250.1327,232297518076.9016,1258990785543.3452,0.4671260933782942,0.1845108961434126,0.3483630104782931,56.0,0.0,0.0,0.0,1.0,0.0,3.28032820234625,July,0,0,0,0,0,0,1,0,0,0,0,0,0
2023-07-16 00:00:00,30297.97140012553,6233916918.782722,1931.389384157173,1259462718935.5007,588642134563.5204,232081207333.19733,1259462718935.5007,0.4673755925550868,0.1842700096191434,0.3483543978257696,57.0,0.0,0.0,0.0,1.0,0.0,3.28032820234625,July,0,0,0,0,0,0,1,0,0,0,0,0,0
2023-07-17 00:00:00,30237.334785146097,8356410453.563714,1923.035989816044,1254173922431.204,586391434733.7153,230847045457.2026,1254173922431.204,0.4675519274049337,0.1840630245362683,0.3483850480587979,54.0,0.0,0.0,1.0,0.0,0.0,3.28032820234625,July,0,0,0,0,0,0,1,0,0,0,0,0,0
2023-07-18 00:00:00,30147.860079211525,10974383371.546566,1912.122835569564,1251826996217.5845,585500720965.1113,229772643177.7628,1251826996217.5845,0.4677169630741398,0.1835498386534437,0.3487331982724164,56.0,0.0,0.0,0.0,1.0,0.0,3.28032820234625,July,0,0,0,0,0,0,1,0,0,0,0,0,0
2023-07-19 00:00:00,29848.03227250528,13152758553.030825,1897.199112644643,1241220657627.441,579708613537.5165,227853365302.58752,1241220657627.441,0.4670471845397848,0.1835720054306242,0.349380810029591,50.0,0.0,0.0,1.0,0.0,0.0,3.28032820234625,July,0,0,0,0,0,0,1,0,0,0,0,0,0
2023-07-20 00:00:00,29919.87483825516,8545620844.326587,1889.2238055517664,1246938125829.6406,581327322356.8716,227127167868.4293,1246938125829.6406,0.4662038238425743,0.1821479054682941,0.3516482706891315,56.0,0.0,0.0,0.0,1.0,0.0,3.28032820234625,July,0,0,0,0,0,0,1,0,0,0,0,0,0
2023-07-21 00:00:00,29787.041530355687,11117456853.464512,1891.0145054589368,1244511650917.5647,579308712612.258,227484313829.408,1244511650917.5647,0.4654907908536976,0.1827900234294201,0.3517191857168822,50.0,0.0,0.0,1.0,0.0,0.0,3.28032820234625,July,0,0,0,0,0,0,1,0,0,0,0,0,0
2023-07-22 00:00:00,29914.68272835899,8492627980.9282,1891.4724028266849,1246654449959.9087,581397880391.4172,227467577018.6977,1246654449959.9087,0.4663665063002137,0.1824624113169554,0.3511710823828308,52.0,0.0,0.0,1.0,0.0,0.0,3.28032820234625,July,0,0,0,0,0,0,1,0,0,0,0,0,0
2023-07-23 00:00:00,29710.155935991766,6745541064.873876,1858.311195808306,1235576748968.0945,577068525402.119,223308803225.0452,1235576748968.0945,0.4670438529084204,0.1807324420854827,0.3522237050060968,54.0,0.0,0.0,1.0,0.0,0.0,3.28032820234625,July,0,0,0,0,0,0,1,0,0,0,0,0,0
2023-07-24 00:00:00,30057.956718714588,7427606999.412798,1887.8269808569785,1247937389475.131,584296796267.4817,226861079166.83176,1247937389475.131,0.4682100249542411,0.181788830978329,0.3500011440674299,55.0,0.0,0.0,0.0,1.0,0.0,3.28032820234625,July,0,0,0,0,0,0,1,0,0,0,0,0,0
2023-07-25 00:00:00,29184.901913057693,15195244950.83804,1850.431150587501,1216694575085.0427,567051778655.836,222318417477.21103,1216694575085.0427,0.4660592643936142,0.1827232750352912,0.3512174605710946,50.0,0.0,0.0,1.0,0.0,0.0,3.28032820234625,July,0,0,0,0,0,0,1,0,0,0,0,0,0
2023-07-26 00:00:00,29222.974630383527,7929844775.363448,1857.5965927470293,1223086233103.939,568019115128.7598,223476900309.93112,1223086233103.939,0.4644146093340002,0.1827155716917793,0.3528698189742204,51.0,0.0,0.0,1.0,0.0,0.0,3.28032820234625,July,0,0,0,0,0,0,1,0,0,0,0,0,0
2023-07-27 00:00:00,29363.672907978616,13088677750.42505,1871.5331057115,1228911440389.4785,570531781624.6747,224855185617.9887,1228911440389.4785,0.4642578487542245,0.1829710247849311,0.3527711264608443,51.0,0.0,0.0,1.0,0.0,0.0,3.28032820234625,July,0,0,0,0,0,0,1,0,0,0,0,0,0
2023-07-28 00:00:00,29200.24400129132,9047649539.81237,1858.77702138144,1224575781632.11,567708714251.7643,223413249190.37912,1224575781632.11,0.4635962288059659,0.182441342170441,0.3539624290235931,52.0,0.0,0.0,1.0,0.0,0.0,3.28032820234625,July,0,0,0,0,0,0,1,0,0,0,0,0,0
2023-07-29 00:00:00,29314.09738709836,7682754827.054111,1874.6939950760675,1230793144162.8728,569952119667.3986,225320465659.74567,1230793144162.8728,0.4630770998119696,0.1830693213789373,0.3538535788090932,52.0,0.0,0.0,1.0,0.0,0.0,3.28032820234625,July,0,0,0,0,0,0,1,0,0,0,0,0,0
2023-07-30 00:00:00,29356.74774591667,4882536540.911603,1880.918076529941,1235065679205.8616,570804910032.5747,226074318965.13025,1235065679205.8616,0.4621656318711716,0.1830463940269917,0.3547879741018367,52.0,0.0,0.0,1.0,0.0,0.0,3.28032820234625,July,0,0,0,0,0,0,1,0,0,0,0,0,0
2023-07-31 00:00:00,29277.75581027272,7872881636.625643,1861.8699097932104,1226246096891.7622,569135711632.8535,223813641443.30435,1226246096891.7622,0.4641284592672507,0.1825193507327916,0.3533521899999575,50.0,0.0,0.0,1.0,0.0,0.0,3.28032820234625,July,0,0,0,0,0,0,1,0,0,0,0,0,0
2023-08-01 00:00:00,29233.13636558044,6641808341.386258,1857.276195762852,1221811760665.834,568333703606.0996,223177200443.9528,1221811760665.834,0.4651565174789139,0.1826608710349382,0.3521826114861477,53.0,0.0,0.0,1.0,0.0,0.0,3.718635867760756,August,0,0,0,0,0,0,0,1,0,0,0,0,0
2023-08-02 00:00:00,29537.109746927432,15289922840.873833,1869.7451086679923,1241307028721.733,572408929757.971,225952018918.5821,1241307028721.733,0.4611340438049588,0.1820275030193472,0.3568384531756938,53.0,0.0,0.0,1.0,0.0,0.0,3.718635867760756,August,0,0,0,0,0,0,0,1,0,0,0,0,0
2023-08-03 00:00:00,29146.63627084363,19266318894.08652,1838.0119518760305,1215187853412.993,567074709353.651,220936460217.74472,1215187853412.993,0.4666560052924799,0.1818125976137924,0.3515313970937275,52.0,0.0,0.0,1.0,0.0,0.0,3.718635867760756,August,0,0,0,0,0,0,0,1,0,0,0,0,0
2023-08-04 00:00:00,29176.15059658541,12539132810.40034,1835.701302675286,1210376603437.2769,567940644790.4882,220768212248.9121,1210376603437.2769,0.4692263905115376,0.1823962984925233,0.348377310995939,54.0,0.0,0.0,1.0,0.0,0.0,3.718635867760756,August,0,0,0,0,0,0,0,1,0,0,0,0,0
2023-08-05 00:00:00,29087.938086007627,12112869085.655884,1828.46119377611,1206629454316.1873,565073127339.627,219476177802.6977,1206629454316.1873,0.4683070890722299,0.1818919445548242,0.3498009663729459,50.0,0.0,0.0,1.0,0.0,0.0,3.718635867760756,August,0,0,0,0,0,0,0,1,0,0,0,0,0
2023-08-06 00:00:00,29046.8004570232,5335308729.48437,1835.0705778421905,1207823146629.4316,564970113457.8998,220487019493.58868,1207823146629.4316,0.467758972027083,0.1825490926456268,0.34969193532729,49.0,0.0,0.0,1.0,0.0,0.0,3.718635867760756,August,0,0,0,0,0,0,0,1,0,0,0,0,0
2023-08-07 00:00:00,29044.20437557756,5360283576.269965,1826.7067792702176,1205961871801.8215,564947914083.0184,219533986979.75125,1205961871801.8215,0.4684625005921063,0.18204057036376,0.3494969290441336,49.0,0.0,0.0,1.0,0.0,0.0,3.718635867760756,August,0,0,0,0,0,0,0,1,0,0,0,0,0
2023-08-08 00:00:00,29178.147751873083,13252185122.112452,1826.933485573052,1207912871221.0269,567529179865.8152,219422824381.9936,1207912871221.0269,0.4698428118347017,0.1816545130115126,0.3485026751537856,54.0,0.0,0.0,1.0,0.0,0.0,3.718635867760756,August,0,0,0,0,0,0,0,1,0,0,0,0,0
2023-08-09 00:00:00,29779.56167125089,14603570418.91888,1856.8441445120409,1229019061754.526,579214283623.8071,223111331723.6391,1229019061754.526,0.4712817739351667,0.1815361036021112,0.3471821224627221,50.0,0.0,0.0,1.0,0.0,0.0,3.718635867760756,August,0,0,0,0,0,0,0,1,0,0,0,0,0
2023-08-10 00:00:00,29585.48807737921,14633310097.491425,1855.8907273266504,1225624840387.3052,575535414817.4033,222992437544.13272,1225624840387.3052,0.4695853052680708,0.1819418391305333,0.3484728556013957,53.0,0.0,0.0,1.0,0.0,0.0,3.718635867760756,August,0,0,0,0,0,0,0,1,0,0,0,0,0
2023-08-11 00:00:00,29423.81891597763,8106253519.025447,1850.876988699349,1220120187364.7112,572414205818.4142,222411268370.8958,1220120187364.7112,0.4691457544479686,0.1822863605357379,0.3485678850162935,51.0,0.0,0.0,1.0,0.0,0.0,3.718635867760756,August,0,0,0,0,0,0,0,1,0,0,0,0,0
2023-08-12 00:00:00,29396.8479714205,4651950357.636653,1847.541835114324,1219187069577.7566,571976559045.8302,222019374228.7649,1219187069577.7566,0.4691458540844958,0.1821044364468672,0.348749709468637,54.0,0.0,0.0,1.0,0.0,0.0,3.718635867760756,August,0,0,0,0,0,0,0,1,0,0,0,0,0
2023-08-13 00:00:00,29412.142274584105,3994297895.288944,1848.505238656101,1220255925201.413,572257798803.9086,222069758272.72745,1220255925201.413,0.4689653924109836,0.1819862159129225,0.3490483916760939,54.0,0.0,0.0,1.0,0.0,0.0,3.718635867760756,August,0,0,0,0,0,0,0,1,0,0,0,0,0
2023-08-14 00:00:00,29284.96971374381,4755220448.634491,1839.512809542205,1214800603600.6626,569687130446.7833,220948326523.3336,1214800603600.6626,0.4689552579725707,0.1818803232962215,0.3491644187312078,50.0,0.0,0.0,1.0,0.0,0.0,3.718635867760756,August,0,0,0,0,0,0,0,1,0,0,0,0,0
2023-08-15 00:00:00,29400.58680419105,12408355477.111338,1843.5133910053464,1219721103593.2185,572242735188.2397,221564238004.3088,1219721103593.2185,0.469158673652895,0.1816515573532302,0.3491897689938747,53.0,0.0,0.0,1.0,0.0,0.0,3.718635867760756,August,0,0,0,0,0,0,0,1,0,0,0,0,0
2023-08-16 00:00:00,29170.490397060614,11523395157.99864,1826.9131281594616,1204035026073.447,567498309102.7323,219472776850.5117,1204035026073.447,0.4713303988783749,0.1822810566950431,0.3463885444265819,52.0,0.0,0.0,1.0,0.0,0.0,3.718635867760756,August,0,0,0,0,0,0,0,1,0,0,0,0,0
2023-08-17 00:00:00,28754.197021112574,14809979642.373243,1809.4604742643007,1181668125762.6572,559982624303.4923,217444475880.3843,1181668125762.6572,0.4738916215939018,0.1840148440494187,0.3420935343566795,50.0,0.0,0.0,1.0,0.0,0.0,3.718635867760756,August,0,0,0,0,0,0,0,1,0,0,0,0,0
2023-08-18 00:00:00,26501.58726991974,29965585683.42136,1675.862170945784,1107025487299.0117,516026928368.8375,201482976932.07773,1107025487299.0117,0.466138254529145,0.182003918829067,0.3518578266417879,37.0,0.0,1.0,0.0,0.0,0.0,3.718635867760756,August,0,0,0,0,0,0,0,1,0,0,0,0,0
2023-08-19 00:00:00,26042.838256849,18062351745.50358,1660.6791095302815,1092709345199.419,506815826635.9217,199322878932.42487,1092709345199.419,0.4638157702800904,0.1824116173327396,0.3537726123871699,39.0,0.0,1.0,0.0,0.0,0.0,3.718635867760756,August,0,0,0,0,0,0,0,1,0,0,0,0,0
2023-08-20 00:00:00,26104.778630797897,3355038748.9824667,1669.233454808334,1098489962754.0408,508087686822.7044,200676423059.4708,1098489962754.0408,0.462532844222691,0.1826838932204277,0.3547832625568812,37.0,0.0,1.0,0.0,0.0,0.0,3.718635867760756,August,0,0,0,0,0,0,0,1,0,0,0,0,0
2023-08-21 00:00:00,26160.70041981821,8304370131.833873,1682.461825140931,1104764005736.7683,509078930366.0949,202267391138.31247,1104764005736.7683,0.4608033278805002,0.1830865144845302,0.3561101576349695,38.0,0.0,1.0,0.0,0.0,0.0,3.718635867760756,August,0,0,0,0,0,0,0,1,0,0,0,0,0
2023-08-22 00:00:00,26119.005958595222,9377753161.447634,1666.8404654985095,1096014101210.6588,508491920831.3545,200439393151.86392,1096014101210.6588,0.4639465133429155,0.182880305034815,0.3531731816222695,37.0,0.0,1.0,0.0,0.0,0.0,3.718635867760756,August,0,0,0,0,0,0,0,1,0,0,0,0,0
2023-08-23 00:00:00,26033.675406585844,13702941053.015312,1635.191294137295,1088169951199.0323,506356213378.17975,196541301460.12344,1088169951199.0323,0.4653282447472806,0.1806163653421587,0.3540553899105606,37.0,0.0,1.0,0.0,0.0,0.0,3.718635867760756,August,0,0,0,0,0,0,0,1,0,0,0,0,0
2023-08-24 00:00:00,26450.00862461353,14600566342.214417,1679.123993491918,1106671471779.0747,514955818082.4346,201763902449.8512,1106671471779.0747,0.4653195019607729,0.1823159877117799,0.3523645103274472,41.0,0.0,1.0,0.0,0.0,0.0,3.718635867760756,August,0,0,0,0,0,0,0,1,0,0,0,0,0
2023-08-25 00:00:00,26134.934254516003,11961319630.81013,1658.3996538851384,1095770084665.1548,508906955118.32086,199312028651.9732,1095770084665.1548,0.4644285897564292,0.1818921974976884,0.3536792127458823,39.0,0.0,1.0,0.0,0.0,0.0,3.718635867760756,August,0,0,0,0,0,0,0,1,0,0,0,0,0
2023-08-26 00:00:00,26044.036209289134,2582213805.5461373,1653.4293196573103,1093074378877.6422,507007928705.4434,198709215180.5684,1093074378877.6422,0.4638366231088813,0.1817892899334087,0.35437408695771,38.0,0.0,1.0,0.0,0.0,0.0,3.718635867760756,August,0,0,0,0,0,0,0,1,0,0,0,0,0
2023-08-27 00:00:00,26002.01571731937,3420999388.355067,1645.9049996794286,1091076494971.0931,506086069151.6848,197789939427.44345,1091076494971.0931,0.4638410519191809,0.181279626441484,0.3548793216393351,38.0,0.0,1.0,0.0,0.0,0.0,3.718635867760756,August,0,0,0,0,0,0,0,1,0,0,0,0,0
2023-08-28 00:00:00,26082.717178218525,4743752357.401259,1656.9310584772877,1095556226539.9264,507835678906.7792,199214693241.6577,1095556226539.9264,0.463541410841748,0.1818388581212609,0.354619731036991,39.0,0.0,1.0,0.0,0.0,0.0,3.718635867760756,August,0,0,0,0,0,0,0,1,0,0,0,0,0
2023-08-29 00:00:00,26109.2698239287,9995933796.2508,1653.198566161456,1095774992089.0988,508350651765.9018,198642500829.7732,1095774992089.0988,0.4639188295370106,0.1812803744052057,0.3548007960577836,39.0,0.0,1.0,0.0,0.0,0.0,3.718635867760756,August,0,0,0,0,0,0,0,1,0,0,0,0,0
2023-08-30 00:00:00,27730.50373550554,29462388818.839893,1730.1902578762465,1146702002421.641,539045091002.1688,207724452339.73703,1146702002421.641,0.470082976975532,0.181149463331413,0.3487675596930549,49.0,0.0,0.0,1.0,0.0,0.0,3.718635867760756,August,0,0,0,0,0,0,0,1,0,0,0,0,0
2023-08-31 00:00:00,27297.261438480404,16029914124.395369,1705.1081032258105,1130437098670.7004,531729400483.3156,205067943948.6809,1130437098670.7004,0.4703750444041379,0.1814058864396999,0.3482190691561622,52.0,0.0,0.0,1.0,0.0,0.0,3.718635867760756,August,0,0,0,0,0,0,0,1,0,0,0,0,0
2023-09-01 00:00:00,25927.417005779287,20360682650.055054,1645.1815254166893,1087225142303.214,505403246528.0237,197803774139.33783,1087225142303.214,0.4648561064890024,0.1819345105654048,0.3532093829455928,40.0,0.0,1.0,0.0,0.0,0.0,3.6950823322234414,September,0,0,0,0,0,0,0,0,1,0,0,0,0
2023-09-02 00:00:00,25812.33049442542,15924588668.893366,1630.6058904999302,1081098096939.2043,502687549096.97,196004320566.4386,1081098096939.2043,0.4649786643045387,0.1813011429040198,0.3537201927914414,39.0,0.0,1.0,0.0,0.0,0.0,3.6950823322234414,September,0,0,0,0,0,0,0,0,1,0,0,0,0
2023-09-03 00:00:00,25853.65684277757,8203515572.755595,1636.1621989563407,1083917202749.4982,503679892454.50775,196740112479.6953,1083917202749.4982,0.4646848404812264,0.1815084325450673,0.3538067269737062,40.0,0.0,1.0,0.0,0.0,0.0,3.6950823322234414,September,0,0,0,0,0,0,0,0,1,0,0,0,0
2023-09-04 00:00:00,25959.59631146345,8301138495.084562,1635.4030431134638,1086311173983.0204,505513039060.6845,196612298871.42145,1086311173983.0204,0.4653482824881501,0.1809907727916776,0.3536609447201723,40.0,0.0,1.0,0.0,0.0,0.0,3.6950823322234414,September,0,0,0,0,0,0,0,0,1,0,0,0,0
2023-09-05 00:00:00,25829.364772941324,6700578092.438599,1630.6275466678564,1081886725595.8094,502409490053.88367,195725018396.24792,1081886725595.8094,0.4643827104701742,0.1809108234399119,0.3547064660899137,40.0,0.0,1.0,0.0,0.0,0.0,3.6950823322234414,September,0,0,0,0,0,0,0,0,1,0,0,0,0
2023-09-06 00:00:00,25784.41351983038,7633735596.705433,1633.077003857269,1082029967281.3906,501979376928.41833,196210323898.26404,1082029967281.3906,0.4639237286464863,0.1813353879571784,0.3547408833963352,42.0,0.0,1.0,0.0,0.0,0.0,3.6950823322234414,September,0,0,0,0,0,0,0,0,1,0,0,0,0
2023-09-07 00:00:00,25752.958418589413,12225427270.62692,1632.9024163463462,1081962097880.9868,501615002105.18665,196288430172.8556,1081962097880.9868,0.4636160574271457,0.1814189522509935,0.3549649903218607,41.0,0.0,1.0,0.0,0.0,0.0,3.6950823322234414,September,0,0,0,0,0,0,0,0,1,0,0,0,0
2023-09-08 00:00:00,26192.333433090567,4521997781.160889,1646.3050827277937,1095017235126.4672,509837705629.17126,197814700367.66592,1095017235126.4672,0.4655978821833689,0.1806498509996691,0.3537522668169619,46.0,0.0,1.0,0.0,0.0,0.0,3.6950823322234414,September,0,0,0,0,0,0,0,0,1,0,0,0,0
2023-09-09 00:00:00,25907.22813724973,8058794338.820984,1636.354258593187,1085513608281.7662,504533063388.2184,196733382406.69147,1085513608281.7662,0.464787414491129,0.18123529811671,0.3539772873921609,41.0,0.0,1.0,0.0,0.0,0.0,3.6950823322234414,September,0,0,0,0,0,0,0,0,1,0,0,0,0
2023-09-10 00:00:00,25889.3250094629,404806432.5216888,1634.4459462937054,1084142172223.7625,504373920218.6837,196524550291.2688,1084142172223.7625,0.4652285771561915,0.1812719358459814,0.3534994869978271,40.0,0.0,1.0,0.0,0.0,0.0,3.6950823322234414,September,0,0,0,0,0,0,0,0,1,0,0,0,0
2023-09-11 00:00:00,25834.58009856292,6603006234.083502,1617.486179584741,1076190165059.704,503489661583.33154,194563248123.9965,1076190165059.704,0.4678445110631534,0.1807889111430438,0.3513665777938027,40.0,0.0,1.0,0.0,0.0,0.0,3.6950823322234414,September,0,0,0,0,0,0,0,0,1,0,0,0,0
2023-09-12 00:00:00,25133.303106566527,14859931201.000029,1549.8934231592937,1046247514101.49,489502952545.6269,186283839916.62595,1046247514101.49,0.4678653434756388,0.1780494934572009,0.3540851630671603,30.0,0.0,1.0,0.0,0.0,0.0,3.6950823322234414,September,0,0,0,0,0,0,0,0,1,0,0,0,0
2023-09-13 00:00:00,25866.806663158084,16825266473.04872,1594.974501393525,1069791685962.5367,503997883573.3815,191687080858.3302,1069791685962.5367,0.4711177794580758,0.179181688709668,0.3497005318322561,41.0,0.0,1.0,0.0,0.0,0.0,3.6950823322234414,September,0,0,0,0,0,0,0,0,1,0,0,0,0
2023-09-14 00:00:00,26223.436075660946,12975855576.243193,1607.736697039678,1081790147451.7134,510909474484.6564,193243620018.56183,1081790147451.7134,0.4722815008882869,0.1786331854415298,0.3490853136701832,45.0,0.0,1.0,0.0,0.0,0.0,3.6950823322234414,September,0,0,0,0,0,0,0,0,1,0,0,0,0
2023-09-15 00:00:00,26531.39556626326,11739428177.432598,1626.436340686946,1093374821344.5372,516823786025.9003,195463813946.392,1093374821344.5372,0.4726867456032647,0.1787710948986621,0.3485421594980731,45.0,0.0,1.0,0.0,0.0,0.0,3.6950823322234414,September,0,0,0,0,0,0,0,0,1,0,0,0,0
2023-09-16 00:00:00,26634.631025000588,9768889419.723415,1641.9347582842215,1100880371440.9812,518872387637.1001,197321595722.872,1100880371440.9812,0.4713249514640085,0.179239816461248,0.3494352320747435,43.0,0.0,1.0,0.0,0.0,0.0,3.6950823322234414,September,0,0,0,0,0,0,0,0,1,0,0,0,0
2023-09-17 00:00:00,26557.768691994646,1224363671.9175522,1634.4198849990876,1100269430920.817,517396850180.9239,196489101206.889,1100269430920.817,0.470245592252721,0.1785827140925355,0.3511716936547434,46.0,0.0,1.0,0.0,0.0,0.0,3.6950823322234414,September,0,0,0,0,0,0,0,0,1,0,0,0,0
2023-09-18 00:00:00,26520.98825478389,5791146184.464804,1622.47877705834,1094456050272.7324,516614128895.5437,194894815433.2932,1094456050272.7324,0.4720282086857725,0.1780745927483579,0.3498971985658695,46.0,0.0,1.0,0.0,0.0,0.0,3.6950823322234414,September,0,0,0,0,0,0,0,0,1,0,0,0,0
2023-09-19 00:00:00,26741.461110948952,16477839825.05836,1636.6346089914616,1104340498013.228,521346975856.4663,196866517080.99243,1104340498013.228,0.4720889769001494,0.1782661393249333,0.3496448837749172,46.0,0.0,1.0,0.0,0.0,0.0,3.6950823322234414,September,0,0,0,0,0,0,0,0,1,0,0,0,0
2023-09-20 00:00:00,27219.296874634216,12615959842.229397,1643.69841825706,1118199255148.215,530357673731.022,197579394306.666,1118199255148.215,0.474296214461996,0.1766942639221104,0.3490095216158936,47.0,0.0,0.0,1.0,0.0,0.0,3.6950823322234414,September,0,0,0,0,0,0,0,0,1,0,0,0,0
2023-09-21 00:00:00,27115.846446970816,13497179076.831764,1621.5329552921687,1112754742934.414,529168513966.1614,195238284476.48944,1112754742934.414,0.475548199031447,0.1754549110809737,0.3489968898875792,47.0,0.0,0.0,1.0,0.0,0.0,3.6950823322234414,September,0,0,0,0,0,0,0,0,1,0,0,0,0
2023-09-22 00:00:00,26561.13345419872,8169328790.751264,1583.824247006604,1091665726200.7128,517743774814.63885,190533550315.61185,1091665726200.7128,0.4742695152815001,0.1745347002682948,0.3511957844502049,43.0,0.0,1.0,0.0,0.0,0.0,3.6950823322234414,September,0,0,0,0,0,0,0,0,1,0,0,0,0
2023-09-23 00:00:00,26572.0381115526,9968041758.936825,1593.47015355046,1094045880820.3156,518383856096.9625,191671036661.16183,1094045880820.3156,0.4738227757946296,0.1751946970610107,0.3509825271443596,47.0,0.0,0.0,1.0,0.0,0.0,3.6950823322234414,September,0,0,0,0,0,0,0,0,1,0,0,0,0
2023-09-24 00:00:00,26573.9234797301,6583511185.708387,1593.1799744357936,1094155580177.9496,517968304453.2548,191463785607.09103,1094155580177.9496,0.4733954785196217,0.1749877157103673,0.351616805770011,44.0,0.0,1.0,0.0,0.0,0.0,3.6950823322234414,September,0,0,0,0,0,0,0,0,1,0,0,0,0
2023-09-25 00:00:00,26249.562897845204,7226298594.495522,1580.4777945863666,1082955312304.0916,511787693512.02826,190012572341.59976,1082955312304.0916,0.4725843141423358,0.1754574451805677,0.3519582406770964,47.0,0.0,0.0,1.0,0.0,0.0,3.6950823322234414,September,0,0,0,0,0,0,0,0,1,0,0,0,0
2023-09-26 00:00:00,26298.634678281232,11974957450.276283,1588.471183440202,1086822225011.9464,512103393581.80255,190754565038.93527,1086822225011.9464,0.4711933394407475,0.1755158853480738,0.3532907752111787,46.0,0.0,1.0,0.0,0.0,0.0,3.6950823322234414,September,0,0,0,0,0,0,0,0,1,0,0,0,0
2023-09-27 00:00:00,26204.75759083597,9786025048.05344,1592.4861256187212,1084428532352.1534,511054250889.6227,191614654068.4459,1084428532352.1534,0.4712659577308731,0.1766964335149212,0.3520376087542056,44.0,0.0,1.0,0.0,0.0,0.0,3.6950823322234414,September,0,0,0,0,0,0,0,0,1,0,0,0,0
2023-09-28 00:00:00,26350.146895428057,12889674588.31686,1597.4168102614992,1088402686970.2688,513713645983.85016,192175393181.7551,1088402686970.2688,0.4719885867002485,0.1765664450137512,0.3514449682860002,46.0,0.0,1.0,0.0,0.0,0.0,3.6950823322234414,September,0,0,0,0,0,0,0,0,1,0,0,0,0
2023-09-29 00:00:00,27009.01375072488,16683207554.844349,1652.196396535431,1113829198503.0608,526917684460.4055,198707180238.3852,1113829198503.0608,0.4730686582543899,0.1784000459903899,0.3485312957552201,48.0,0.0,0.0,1.0,0.0,0.0,3.6950823322234414,September,0,0,0,0,0,0,0,0,1,0,0,0,0
2023-09-30 00:00:00,26917.199101637976,9059145545.41355,1667.9888487709648,1114821635610.335,524946724658.764,200591326138.499,1114821635610.335,0.4708795630534831,0.179931317917669,0.3491891190288477,47.0,0.0,0.0,1.0,0.0,0.0,3.6950823322234414,September,0,0,0,0,0,0,0,0,1,0,0,0,0
2023-10-01 00:00:00,26969.876144072576,6295435107.555985,1670.9989557571496,1117424929703.1956,525936342995.4552,200867042112.70465,1117424929703.1956,0.4706681666169302,0.1797588694983365,0.3495729638847332,48.0,0.0,0.0,1.0,0.0,0.0,3.2465375076767167,October,0,0,0,0,0,0,0,0,0,1,0,0,0
2023-10-02 00:00:00,27967.51057908712,9358226524.285364,1733.8180349156962,1153673853135.153,545302108027.2094,208616290407.59848,1153673853135.153,0.4726657421812325,0.1808277875420992,0.3465064702766681,50.0,0.0,0.0,1.0,0.0,0.0,3.2465375076767167,October,0,0,0,0,0,0,0,0,0,1,0,0,0
2023-10-03 00:00:00,27615.06488509527,18127133423.88185,1665.2764251106737,1128909538537.3665,538323470357.8827,200172602294.2138,1128909538537.3665,0.4768526192588853,0.1773150066156414,0.3458323741254733,50.0,0.0,0.0,1.0,0.0,0.0,3.2465375076767167,October,0,0,0,0,0,0,0,0,0,1,0,0,0
2023-10-04 00:00:00,27439.12194670512,12676657038.293432,1656.3220030722484,1125578687680.3838,535605771922.4797,199352909263.55,1125578687680.3838,0.4758492478444731,0.1771114818053109,0.347039270350216,49.0,0.0,0.0,1.0,0.0,0.0,3.2465375076767167,October,0,0,0,0,0,0,0,0,0,1,0,0,0
2023-10-05 00:00:00,27792.1112772493,10876597601.123323,1648.1933725281149,1131531071550.8125,541954661181.1118,198232748756.17667,1131531071550.8125,0.4789569414460174,0.1751898412161939,0.3458532173377886,48.0,0.0,0.0,1.0,0.0,0.0,3.2465375076767167,October,0,0,0,0,0,0,0,0,0,1,0,0,0
2023-10-06 00:00:00,27435.874615135104,13376186563.311192,1612.9948892467298,1116505377318.9417,534851643044.50543,193905617404.47992,1116505377318.9417,0.4790408124400097,0.1736719064175977,0.3472872811423925,50.0,0.0,0.0,1.0,0.0,0.0,3.2465375076767167,October,0,0,0,0,0,0,0,0,0,1,0,0,0
2023-10-07 00:00:00,27958.196437350485,13817979024.520027,1646.393402292886,1136399486891.5408,545154869332.6545,197904394911.01013,1136399486891.5408,0.4797211505470212,0.174150373344808,0.3461284761081708,49.0,0.0,0.0,1.0,0.0,0.0,3.2465375076767167,October,0,0,0,0,0,0,0,0,0,1,0,0,0
2023-10-08 00:00:00,27977.543490700005,7226218924.820883,1635.0828552489816,1133796700819.1873,545619681437.3984,196552291634.25327,1133796700819.1873,0.4812323770594666,0.1733576147224991,0.3454100082180342,50.0,0.0,0.0,1.0,0.0,0.0,3.2465375076767167,October,0,0,0,0,0,0,0,0,0,1,0,0,0
2023-10-09 00:00:00,27948.10365174851,7141598446.869208,1634.2216551482747,1132344461173.896,544989660641.62256,196420396270.57187,1132344461173.896,0.4812931747611804,0.1734634671740645,0.3452433580647551,50.0,0.0,0.0,1.0,0.0,0.0,3.2465375076767167,October,0,0,0,0,0,0,0,0,0,1,0,0,0
2023-10-10 00:00:00,27593.782534439662,7640029989.224315,1580.1777604853462,1110337257283.983,538282690587.88,190023356509.71805,1110337257283.983,0.4847920639037039,0.171140214617798,0.3440677214784979,50.0,0.0,0.0,1.0,0.0,0.0,3.2465375076767167,October,0,0,0,0,0,0,0,0,0,1,0,0,0
2023-10-11 00:00:00,27392.247702732497,10151720983.669058,1567.4582264892952,1102929447011.5967,535200388379.76337,188607402750.23563,1102929447011.5967,0.4852535126611195,0.171005863757895,0.3437406235809854,47.0,0.0,0.0,1.0,0.0,0.0,3.2465375076767167,October,0,0,0,0,0,0,0,0,0,1,0,0,0
2023-10-12 00:00:00,26842.1904390924,14608441295.942532,1564.9162030441023,1090487890436.17,523656381533.0463,188207961818.06888,1090487890436.17,0.4802037566172292,0.1725906023062668,0.347205641076504,45.0,0.0,1.0,0.0,0.0,0.0,3.2465375076767167,October,0,0,0,0,0,0,0,0,0,1,0,0,0
2023-10-13 00:00:00,26729.137205815103,10867640258.925844,1536.812804708381,1082096448632.1602,521607675083.3507,184921581767.45752,1082096448632.1602,0.4820343655528086,0.1708919588463767,0.3470736756008146,44.0,0.0,1.0,0.0,0.0,0.0,3.2465375076767167,October,0,0,0,0,0,0,0,0,0,1,0,0,0
2023-10-14 00:00:00,26841.136220644406,14344414895.617512,1550.9668729956577,1088204909558.509,523655619453.7407,186499171781.44952,1088204909558.509,0.4812104915665109,0.1713824024715283,0.3474071059619606,47.0,0.0,0.0,1.0,0.0,0.0,3.2465375076767167,October,0,0,0,0,0,0,0,0,0,1,0,0,0
2023-10-15 00:00:00,26863.18356907992,5543160607.188677,1555.4562079337263,1090334950540.2384,523979202939.078,187282206956.7056,1090334950540.2384,0.4805671896323759,0.1717657558935546,0.3476670544740693,45.0,0.0,1.0,0.0,0.0,0.0,3.2465375076767167,October,0,0,0,0,0,0,0,0,0,1,0,0,0
2023-10-16 00:00:00,27150.29700140705,6604845643.42894,1557.7608092483292,1098523813526.1498,529643463244.3381,187396158882.85187,1098523813526.1498,0.4821410849021437,0.1705890728771088,0.3472698422207475,47.0,0.0,0.0,1.0,0.0,0.0,3.2465375076767167,October,0,0,0,0,0,0,0,0,0,1,0,0,0
2023-10-17 00:00:00,28513.30993247735,22792799561.834,1601.2321896426622,1137281883700.6245,555338775502.1107,192317986892.3589,1137281883700.6245,0.4883035450235808,0.1691031833432284,0.3425932716331907,52.0,0.0,0.0,1.0,0.0,0.0,3.2465375076767167,October,0,0,0,0,0,0,0,0,0,1,0,0,0
2023-10-18 00:00:00,28417.72175169982,10403248077.491972,1565.060587724063,1125633701113.089,555003134086.2079,188245637231.07703,1125633701113.089,0.4930583843904015,0.1672352533909826,0.3397063622186159,50.0,0.0,0.0,1.0,0.0,0.0,3.2465375076767167,October,0,0,0,0,0,0,0,0,0,1,0,0,0
2023-10-19 00:00:00,28328.245198134824,13461030457.558895,1564.0711872017082,1122725212119.2136,553311088369.7102,188182177984.6937,1122725212119.2136,0.4928285945634917,0.1676119641327802,0.3395594413037279,52.0,0.0,0.0,1.0,0.0,0.0,3.2465375076767167,October,0,0,0,0,0,0,0,0,0,1,0,0,0
2023-10-20 00:00:00,28715.748142407952,11193923144.463654,1568.3746833451946,1134505481740.6414,559364043794.7655,188300682203.6159,1134505481740.6414,0.4930465765018149,0.1659760003228113,0.3409774231753738,53.0,0.0,0.0,1.0,0.0,0.0,3.2465375076767167,October,0,0,0,0,0,0,0,0,0,1,0,0,0
2023-10-21 00:00:00,29677.392888476206,23561406297.715862,1603.9099355967796,1162468150047.521,579536788709.3126,192964601205.1603,1162468150047.521,0.4985399287590129,0.1659956027158869,0.3354644685251002,63.0,0.0,0.0,0.0,1.0,0.0,3.2465375076767167,October,0,0,0,0,0,0,0,0,0,1,0,0,0
2023-10-22 00:00:00,29920.07449265145,7452489477.484937,1629.2955293417388,1177329887458.588,583719549318.5221,195866648537.69147,1177329887458.588,0.4957994828268166,0.1663651374386612,0.3378353797345221,53.0,0.0,0.0,1.0,0.0,0.0,3.2465375076767167,October,0,0,0,0,0,0,0,0,0,1,0,0,0
2023-10-23 00:00:00,30019.38050086351,11330304246.065748,1664.5706380939323,1183558193623.3145,583399133857.2509,197491207720.22275,1183558193623.3145,0.4929196865861304,0.1668622707225136,0.3402180426913558,53.0,0.0,0.0,1.0,0.0,0.0,3.2465375076767167,October,0,0,0,0,0,0,0,0,0,1,0,0,0
2023-10-24 00:00:00,32953.262760830985,35558857925.14893,1764.9303085804013,1275953353898.6155,641535355789.0791,212527885674.17044,1275953353898.6155,0.5027890352173909,0.1665639931309412,0.3306469716516678,66.0,0.0,0.0,0.0,1.0,0.0,3.2465375076767167,October,0,0,0,0,0,0,0,0,0,1,0,0,0
2023-10-25 00:00:00,33846.72425733224,46464714676.18555,1784.773410988584,1293626704661.514,660676033939.1393,214740097898.5592,1293626704661.514,0.5107161374749214,0.1659985041471043,0.3232853583779743,72.0,0.0,0.0,0.0,1.0,0.0,3.2465375076767167,October,0,0,0,0,0,0,0,0,0,1,0,0,0
2023-10-26 00:00:00,34471.986031672015,23840463172.49865,1785.555149097494,1307815819576.2114,673948847498.8158,214935538924.01108,1307815819576.2114,0.5153239756017053,0.1643469483292069,0.3203290760690878,71.0,0.0,0.0,0.0,1.0,0.0,3.2465375076767167,October,0,0,0,0,0,0,0,0,0,1,0,0,0
2023-10-27 00:00:00,34174.451552912586,17712548549.578587,1804.1617691384567,1304728796190.0698,667401630872.5822,216879040348.27588,1304728796190.0698,0.5115251788888675,0.1662253803101326,0.3222494408009999,70.0,0.0,0.0,0.0,1.0,0.0,3.2465375076767167,October,0,0,0,0,0,0,0,0,0,1,0,0,0
2023-10-28 00:00:00,33899.09305644032,14148818689.499771,1780.5704118622923,1293859189589.1345,662119938018.2968,214351226094.45343,1293859189589.1345,0.5117403372375886,0.1656681251091324,0.3225915376532789,65.0,0.0,0.0,0.0,1.0,0.0,3.2465375076767167,October,0,0,0,0,0,0,0,0,0,1,0,0,0
2023-10-29 00:00:00,34092.630932838576,8431785274.868206,1776.3535658345309,1299900479822.736,665892923223.9833,213698048381.15945,1299900479822.736,0.5122645414476571,0.1643956992848413,0.3233397592675016,72.0,0.0,0.0,0.0,1.0,0.0,3.2465375076767167,October,0,0,0,0,0,0,0,0,0,1,0,0,0
2023-10-30 00:00:00,34556.242814761616,10359013389.425524,1798.1654135455135,1316582841271.9695,674293769229.6088,215950565096.1834,1316582841271.9695,0.5121544562878884,0.1640235299493577,0.3238220137627539,68.0,0.0,0.0,0.0,1.0,0.0,3.2465375076767167,October,0,0,0,0,0,0,0,0,0,1,0,0,0
2023-10-31 00:00:00,34498.70391946407,17075173423.648045,1809.639301345049,1322698206850.5652,673508057017.6387,217544224998.03268,1322698206850.5652,0.5091925380478948,0.1644700384950398,0.3263374234570653,66.0,0.0,0.0,0.0,1.0,0.0,3.2465375076767167,October,0,0,0,0,0,0,0,0,0,1,0,0,0
2023-11-01 00:00:00,34672.2892841885,16419150928.652369,1816.803148929945,1329309032273.0503,676319525450.0793,218052557576.0985,1329309032273.0503,0.5087752426488877,0.1640345113756128,0.3271902459754994,66.0,0.0,0.0,0.0,1.0,0.0,3.139855644977696,November,0,0,0,0,0,0,0,0,0,0,1,0,0
2023-11-02 00:00:00,35457.45491210553,18642295524.912045,1846.482230513473,1355856336486.2314,692543794894.7606,222024443887.9004,1355856336486.2314,0.5107796277956129,0.1637521896038688,0.3254681826005182,72.0,0.0,0.0,0.0,1.0,0.0,3.139855644977696,November,0,0,0,0,0,0,0,0,0,0,1,0,0
2023-11-03 00:00:00,34924.05545044328,20690186421.955303,1800.9071798806326,1339462222463.202,681560028736.5514,216775540617.1553,1339462222463.202,0.5088310945292639,0.1618377412828532,0.3293311641878829,65.0,0.0,0.0,0.0,1.0,0.0,3.139855644977696,November,0,0,0,0,0,0,0,0,0,0,1,0,0
2023-11-04 00:00:00,34731.38136896784,17254049537.002068,1834.1730567056395,1342419665820.843,677974451476.0634,220418913057.4458,1342419665820.843,0.5050391235601466,0.1641952354166886,0.3307656410231648,68.0,0.0,0.0,0.0,1.0,0.0,3.139855644977696,November,0,0,0,0,0,0,0,0,0,0,1,0,0
2023-11-05 00:00:00,35048.407834901074,10001404422.938835,1855.454385276214,1359511252049.0774,685385094861.7168,223507407757.9744,1359511252049.0774,0.5041408034164434,0.1644027641706535,0.331456432412903,70.0,0.0,0.0,0.0,1.0,0.0,3.139855644977696,November,0,0,0,0,0,0,0,0,0,0,1,0,0
2023-11-06 00:00:00,35061.92874919579,12796779677.519655,1895.9380660074169,1371257988643.0254,684647430279.3319,227772620755.0978,1371257988643.0254,0.4992841871840964,0.1661048633018341,0.3346109495140693,74.0,0.0,0.0,0.0,1.0,0.0,3.139855644977696,November,0,0,0,0,0,0,0,0,0,0,1,0,0
2023-11-07 00:00:00,35031.26888208706,12717348149.539808,1898.5182255844231,1384667888371.821,683644463783.0627,228021051988.9896,1384667888371.821,0.4937245021164855,0.1646756264833374,0.341599871400177,68.0,0.0,0.0,0.0,1.0,0.0,3.139855644977696,November,0,0,0,0,0,0,0,0,0,0,1,0,0
2023-11-08 00:00:00,35436.53762957962,18582602380.374496,1887.315321843377,1388789159453.817,691660755958.351,226838264619.0261,1388789159453.817,0.4980315055385134,0.1633352788469612,0.3386332156145253,66.0,0.0,0.0,0.0,1.0,0.0,3.139855644977696,November,0,0,0,0,0,0,0,0,0,0,1,0,0
2023-11-09 00:00:00,35795.0806307102,14717120833.223528,1891.491779137154,1392524660947.3816,699187515031.6934,227339109898.11093,1392524660947.3816,0.5021006339349225,0.1632567926972614,0.334642573367816,69.0,0.0,0.0,0.0,1.0,0.0,3.139855644977696,November,0,0,0,0,0,0,0,0,0,0,1,0,0
2023-11-10 00:00:00,36768.42081912672,38190964507.15763,2128.609503943864,1452467063879.8284,717022051490.4104,255606798758.6788,1452467063879.8284,0.493658045212469,0.1759811324574219,0.330360822330109,70.0,0.0,0.0,0.0,1.0,0.0,3.139855644977696,November,0,0,0,0,0,0,0,0,0,0,1,0,0
2023-11-11 00:00:00,37344.249000720345,23152060053.421646,2078.853466304058,1469975968104.5627,730760729870.4996,250188481452.5124,1469975968104.5627,0.4971242698700493,0.1701990283386155,0.3326767017913351,70.0,0.0,0.0,0.0,1.0,0.0,3.139855644977696,November,0,0,0,0,0,0,0,0,0,0,1,0,0
2023-11-12 00:00:00,37122.72282430656,12033297219.971031,2052.994586063755,1467235444681.079,720323851790.6948,246828307403.7689,1467235444681.079,0.4909395110389156,0.1682267888896454,0.3408337000714389,73.0,0.0,0.0,0.0,1.0,0.0,3.139855644977696,November,0,0,0,0,0,0,0,0,0,0,1,0,0
2023-11-13 00:00:00,37067.69698212008,8831221164.408867,2046.0870799735533,1466522256444.0916,725016899532.0363,246086372437.43423,1466522256444.0916,0.4943783814710051,0.1678026851321883,0.3378189333968066,72.0,0.0,0.0,0.0,1.0,0.0,3.139855644977696,November,0,0,0,0,0,0,0,0,0,0,1,0,0
2023-11-14 00:00:00,36549.16204829837,18041088204.36723,2060.5328561356905,1445763066291.869,714263437353.6985,248110456054.52948,1445763066291.869,0.4940390676777074,0.171612113934332,0.3343488183879605,69.0,0.0,0.0,0.0,1.0,0.0,3.139855644977696,November,0,0,0,0,0,0,0,0,0,0,1,0,0
2023-11-15 00:00:00,35545.201433454065,22330924588.059715,1980.5154306252407,1413456597541.059,694845286838.959,238322049371.8137,1413456597541.059,0.491592941762596,0.1686093862283527,0.3397976720090512,60.0,0.0,0.0,0.0,1.0,0.0,3.139855644977696,November,0,0,0,0,0,0,0,0,0,0,1,0,0
2023-11-16 00:00:00,37903.66245166294,28479730068.295124,2061.635532253063,1492209615361.8457,739215831747.2646,247252247163.20584,1492209615361.8457,0.4953833725083003,0.1656953852982978,0.3389212421934018,70.0,0.0,0.0,0.0,1.0,0.0,3.139855644977696,November,0,0,0,0,0,0,0,0,0,0,1,0,0
2023-11-17 00:00:00,36201.51611146142,12023334732.149555,1962.243839589886,1432169533736.4907,707488742969.5619,235765269163.39795,1432169533736.4907,0.4939979006003174,0.1646210616897378,0.3413810377099446,63.0,0.0,0.0,0.0,1.0,0.0,3.139855644977696,November,0,0,0,0,0,0,0,0,0,0,1,0,0
2023-11-18 00:00:00,36527.76022530742,22683923623.96373,1956.5174321166123,1441069963592.8442,714651953916.8749,235552986140.5357,1441069963592.8442,0.4959175973213127,0.1634570090915365,0.3406253935871508,69.0,0.0,0.0,0.0,1.0,0.0,3.139855644977696,November,0,0,0,0,0,0,0,0,0,0,1,0,0
2023-11-19 00:00:00,36582.36844192274,8877846889.346693,1962.6305661102024,1441638310658.4902,715117663450.342,236086751710.8589,1441638310658.4902,0.4960451301573008,0.1637628175981413,0.3401920522445578,66.0,0.0,0.0,0.0,1.0,0.0,3.139855644977696,November,0,0,0,0,0,0,0,0,0,0,1,0,0
2023-11-20 00:00:00,37413.99460790531,12599067947.734495,2011.1267210635333,1472092722460.3088,732521837352.2426,242034207822.1622,1472092722460.3088,0.4976057731798162,0.1644150562864344,0.3379791705337493,69.0,0.0,0.0,0.0,1.0,0.0,3.139855644977696,November,0,0,0,0,0,0,0,0,0,0,1,0,0
2023-11-21 00:00:00,37489.298470802016,16005284775.311718,2022.3881475372507,1469926181555.36,732673492672.5168,243006229904.0305,1469926181555.36,0.4984423720497715,0.1653186622248611,0.3362389657253674,71.0,0.0,0.0,0.0,1.0,0.0,3.139855644977696,November,0,0,0,0,0,0,0,0,0,0,1,0,0
2023-11-22 00:00:00,35965.36036068078,18891503534.641026,1940.4448103653,1406754886788.2656,702705880301.6978,233744228838.17505,1406754886788.2656,0.4995226154188323,0.1661584623116767,0.3343189222694909,62.0,0.0,0.0,0.0,1.0,0.0,3.139855644977696,November,0,0,0,0,0,0,0,0,0,0,1,0,0
2023-11-23 00:00:00,37464.83293220907,25245202377.321384,2065.9414413104028,1476766542950.6255,732259726682.3702,248555178589.6872,1476766542950.6255,0.4958534103970777,0.1683104074751492,0.335836182127773,66.0,0.0,0.0,0.0,1.0,0.0,3.139855644977696,November,0,0,0,0,0,0,0,0,0,0,1,0,0
2023-11-24 00:00:00,37293.316127426726,11956046626.60703,2062.269551857858,1474673044992.671,728816537112.472,247876188093.7795,1474673044992.671,0.4942224580473662,0.1680889122747961,0.3376886296778377,66.0,0.0,0.0,0.0,1.0,0.0,3.139855644977696,November,0,0,0,0,0,0,0,0,0,0,1,0,0
2023-11-25 00:00:00,37738.93169747125,22996708651.54232,2080.8517575183496,1491309770261.1453,737614054534.8141,250091072371.2108,1491309770261.1453,0.4946082090011718,0.1676989431427228,0.3376928478561053,73.0,0.0,0.0,0.0,1.0,0.0,3.139855644977696,November,0,0,0,0,0,0,0,0,0,0,1,0,0
2023-11-26 00:00:00,37809.85286625321,7505379785.011788,2085.426621540017,1498629242990.148,739536714717.2401,250789193104.9349,1498629242990.148,0.49347543308422,0.1673457222845501,0.3391788446312298,73.0,0.0,0.0,0.0,1.0,0.0,3.139855644977696,November,0,0,0,0,0,0,0,0,0,0,1,0,0
2023-11-27 00:00:00,37491.838186008135,10229112671.374176,2064.0742181655314,1486512289205.563,733376783676.3198,248377596959.2049,1486512289205.563,0.4933539998302055,0.1670874830721684,0.3395585170976259,66.0,0.0,0.0,0.0,1.0,0.0,3.139855644977696,November,0,0,0,0,0,0,0,0,0,0,1,0,0
2023-11-28 00:00:00,37250.16905148115,17979133247.880783,2030.000505811856,1469478182897.6592,728040168286.0479,243720423942.89383,1469478182897.6592,0.4954412911734612,0.1658550816061129,0.3387036272204259,68.0,0.0,0.0,0.0,1.0,0.0,3.139855644977696,November,0,0,0,0,0,0,0,0,0,0,1,0,0
2023-11-29 00:00:00,37802.23604377473,19715537240.688644,2048.535256652576,1490279602524.7908,738816928726.5587,246262800348.0733,1490279602524.7908,0.4957572575474262,0.1652460383480131,0.3389967041045606,72.0,0.0,0.0,0.0,1.0,0.0,3.139855644977696,November,0,0,0,0,0,0,0,0,0,0,1,0,0
2023-11-30 00:00:00,37810.34641654128,20964545194.804527,2025.9373276989,1486562516352.3706,740494537382.5989,244001473817.2662,1486562516352.3706,0.4981253928018955,0.1641380507938414,0.3377365564042629,74.0,0.0,0.0,0.0,1.0,0.0,3.139855644977696,November,0,0,0,0,0,0,0,0,0,0,1,0,0
2023-12-01 00:00:00,37711.81837585267,16566770727.560837,2051.7567179447,1489832828526.2317,737659515838.6104,246848217845.1464,1489832828526.2317,0.4951290518737702,0.1656885343903536,0.3391824137358761,71.0,0.0,0.0,0.0,1.0,0.0,3.322200208829762,December,0,0,0,0,0,0,0,0,0,0,0,1,0
2023-12-02 00:00:00,38688.25874179069,24470176251.56647,2085.71236132094,1519960327161.51,756249390093.0282,250640652575.9316,1519960327161.51,0.4975454796937404,0.1648994701355114,0.3375550501707481,74.0,0.0,0.0,0.0,1.0,0.0,3.322200208829762,December,0,0,0,0,0,0,0,0,0,0,0,1,0
2023-12-03 00:00:00,39481.666416062864,14892418344.328642,2165.297880951399,1555698632847.7888,771834682369.2777,260240551667.01883,1555698632847.7888,0.4961338051421909,0.1672821111828289,0.33658408367498,73.0,0.0,0.0,0.0,1.0,0.0,3.322200208829762,December,0,0,0,0,0,0,0,0,0,0,0,1,0
2023-12-04 00:00:00,39960.27542041052,14107800648.629309,2190.7040403697074,1569691992942.5776,782845232813.069,263980793708.9081,1569691992942.5776,0.4987253781842454,0.1681736257149685,0.333100996100786,74.0,0.0,0.0,0.0,1.0,0.0,3.322200208829762,December,0,0,0,0,0,0,0,0,0,0,0,1,0
2023-12-05 00:00:00,41974.331772543344,40273974905.38232,2242.961542677477,1616072759441.481,820527379429.3416,269584983992.8464,1616072759441.481,0.5077292310235574,0.1668148803436397,0.3254558886328028,75.0,0.0,0.0,0.0,1.0,0.0,3.322200208829762,December,0,0,0,0,0,0,0,0,0,0,0,1,0
2023-12-06 00:00:00,44105.94477259938,37740677039.99004,2294.0951698534136,1677119131681.5432,863171503830.3232,275703016277.70374,1677119131681.5432,0.514675128036298,0.1643908360888313,0.3209340358748707,72.0,0.0,0.0,0.0,1.0,0.0,3.322200208829762,December,0,0,0,0,0,0,0,0,0,0,0,1,0
2023-12-07 00:00:00,43788.28880825234,30306637687.60117,2232.0254402104606,1662012920008.3416,857037901744.5414,268795534917.09488,1662012920008.3416,0.5156625989046102,0.1617289081698268,0.3226084929255629,72.0,0.0,0.0,0.0,1.0,0.0,3.322200208829762,December,0,0,0,0,0,0,0,0,0,0,0,1,0
2023-12-08 00:00:00,43270.11955970747,27712048105.023373,2354.386930946088,1677594251317.421,848245522795.3333,283213143190.7205,1677594251317.421,0.5056321110597529,0.168821002437456,0.325546886502791,72.0,0.0,0.0,0.0,1.0,0.0,3.322200208829762,December,0,0,0,0,0,0,0,0,0,0,0,1,0
2023-12-09 00:00:00,44202.17610943621,24726661392.984177,2359.889056483325,1718167839004.7373,863242780337.311,283054038646.35785,1718167839004.7373,0.5024205207084724,0.16474178611696,0.3328376931745676,73.0,0.0,0.0,0.0,1.0,0.0,3.322200208829762,December,0,0,0,0,0,0,0,0,0,0,0,1,0
2023-12-10 00:00:00,43745.49199189547,17074228506.041449,2341.07248115182,1705849521059.352,855611272269.695,281067496144.66614,1705849521059.352,0.5015748820202796,0.1647668757852216,0.3336582421944988,74.0,0.0,0.0,0.0,1.0,0.0,3.322200208829762,December,0,0,0,0,0,0,0,0,0,0,0,1,0
2023-12-11 00:00:00,43757.959937619176,11865167562.179708,2352.098728488917,1710907800534.4517,856192504674.1926,282723216106.4694,1710907800534.4517,0.5004317032202062,0.1652474879231672,0.3343208088566265,74.0,0.0,0.0,0.0,1.0,0.0,3.322200208829762,December,0,0,0,0,0,0,0,0,0,0,0,1,0
2023-12-12 00:00:00,41200.96272610168,39734542163.66172,2222.346838400032,1624248881828.403,806178244439.1412,267009290987.55844,1624248881828.403,0.4963391100085803,0.1643893949842147,0.339271495007205,67.0,0.0,0.0,0.0,1.0,0.0,3.322200208829762,December,0,0,0,0,0,0,0,0,0,0,0,1,0
2023-12-13 00:00:00,41450.81938737744,24919333990.62709,2200.3337161808727,1637859811179.8347,812055172695.532,264706953102.87967,1637859811179.8347,0.4958026121359964,0.1616175885726127,0.3425797992913909,65.0,0.0,0.0,0.0,1.0,0.0,3.322200208829762,December,0,0,0,0,0,0,0,0,0,0,0,1,0
2023-12-14 00:00:00,42931.76182603245,26301358636.124893,2260.8823525751127,1678056073010.285,840112594142.6609,271717710927.8944,1678056073010.285,0.5006463178763585,0.1619240949680881,0.3374295871555534,72.0,0.0,0.0,0.0,1.0,0.0,3.322200208829762,December,0,0,0,0,0,0,0,0,0,0,0,1,0
2023-12-15 00:00:00,43009.5954563739,22978695605.48269,2317.465074373697,1706301303020.3042,841400560142.884,278468385078.2856,1706301303020.3042,0.4931137066200035,0.1632000072820503,0.3436862860979461,70.0,0.0,0.0,0.0,1.0,0.0,3.322200208829762,December,0,0,0,0,0,0,0,0,0,0,0,1,0
2023-12-16 00:00:00,41992.01418722399,17134765249.072596,2219.9516178764084,1648291795093.7024,821883086852.3783,267126085639.7962,1648291795093.7024,0.498627178330191,0.1620623765979558,0.3393104450718532,67.0,0.0,0.0,0.0,1.0,0.0,3.322200208829762,December,0,0,0,0,0,0,0,0,0,0,0,1,0
2023-12-17 00:00:00,42247.06788172229,13524832238.374014,2227.936447135476,1665307286132.6218,825747211475.3832,267401843617.0704,1665307286132.6218,0.4958527584377735,0.1605720733006959,0.3435751682615305,73.0,0.0,0.0,0.0,1.0,0.0,3.322200208829762,December,0,0,0,0,0,0,0,0,0,0,0,1,0
2023-12-18 00:00:00,41410.819634575855,16536428696.461372,2199.540121188385,1632655456210.627,810534011290.7083,264433892856.22263,1632655456210.627,0.4964513536566665,0.161965521782514,0.3415831245608194,65.0,0.0,0.0,0.0,1.0,0.0,3.322200208829762,December,0,0,0,0,0,0,0,0,0,0,0,1,0
2023-12-19 00:00:00,42684.182554683386,26473040426.60815,2216.929013563485,1664169977544.1814,834757901244.3383,266320508900.2563,1664169977544.1814,0.5016061535229664,0.1600320354855012,0.3383618109915323,73.0,0.0,0.0,0.0,1.0,0.0,3.322200208829762,December,0,0,0,0,0,0,0,0,0,0,0,1,0
2023-12-20 00:00:00,42250.20618279751,23402523667.558952,2176.839412657436,1655625402119.8137,827483345952.5029,261622480885.4028,1655625402119.8137,0.4998010690661171,0.158020335125584,0.3421785958082989,74.0,0.0,0.0,0.0,1.0,0.0,3.322200208829762,December,0,0,0,0,0,0,0,0,0,0,0,1,0
2023-12-21 00:00:00,43634.1241684964,28334648885.87903,2198.421404460542,1702994575146.412,854173854159.8182,264119934496.6169,1702994575146.412,0.5015716823915203,0.1550914714299131,0.3433368461785665,70.0,0.0,0.0,0.0,1.0,0.0,3.322200208829762,December,0,0,0,0,0,0,0,0,0,0,0,1,0
2023-12-22 00:00:00,43849.69959939619,21948638202.58336,2236.186961753279,1732311542131.019,858312140014.9476,268661930922.998,1732311542131.019,0.4954721591008318,0.1550886918368627,0.3494391490623054,74.0,0.0,0.0,0.0,1.0,0.0,3.322200208829762,December,0,0,0,0,0,0,0,0,0,0,0,1,0
2023-12-23 00:00:00,44003.6960216438,20833936534.62855,2327.048962711535,1753176716451.1057,861822676200.4246,279870641392.9921,1753176716451.1057,0.4915777560319088,0.1596362983644481,0.3487859456036431,70.0,0.0,0.0,0.0,1.0,0.0,3.322200208829762,December,0,0,0,0,0,0,0,0,0,0,0,1,0
2023-12-24 00:00:00,43752.03088478376,9872050975.657969,2310.955662998272,1753140275588.6863,856850313226.057,278079278701.17706,1753140275588.6863,0.488751713229756,0.1586178143148305,0.3526304724554134,71.0,0.0,0.0,0.0,1.0,0.0,3.322200208829762,December,0,0,0,0,0,0,0,0,0,0,0,1,0
2023-12-25 00:00:00,43034.97106309152,18313974069.82276,2264.911143671657,1731561674192.506,845029028630.4425,272522653481.91705,1731561674192.506,0.488015553372947,0.157385473208169,0.3545989734188838,73.0,0.0,0.0,0.0,1.0,0.0,3.322200208829762,December,0,0,0,0,0,0,0,0,0,0,0,1,0
2023-12-26 00:00:00,43638.23630220092,18744716867.39297,2273.632612114653,1762061185259.2534,854524607072.9797,273465660867.21103,1762061185259.2534,0.4849573977462382,0.1551964614821112,0.3598461407716505,71.0,0.0,0.0,0.0,1.0,0.0,3.322200208829762,December,0,0,0,0,0,0,0,0,0,0,0,1,0
2023-12-27 00:00:00,42516.42694028252,20477744539.87234,2230.8761843957795,1728719876719.3765,832471600531.6842,268089393468.3512,1728719876719.3765,0.4815537854007214,0.1550797194378937,0.3633664951613847,73.0,0.0,0.0,0.0,1.0,0.0,3.322200208829762,December,0,0,0,0,0,0,0,0,0,0,0,1,0
2023-12-28 00:00:00,43418.46777504291,23244754807.44397,2376.771249284193,1777883377613.004,849194163327.4839,285529301721.8697,1777883377613.004,0.477643344901293,0.1606006925522994,0.3617559625464074,73.0,0.0,0.0,0.0,1.0,0.0,3.322200208829762,December,0,0,0,0,0,0,0,0,0,0,0,1,0
2023-12-29 00:00:00,42600.65063315619,20336573643.81929,2345.2607087446872,1748597588558.6226,836073458797.803,282759891474.44507,1748597588558.6226,0.4781394325763553,0.1617066690041162,0.3601538984195285,65.0,0.0,0.0,0.0,1.0,0.0,3.322200208829762,December,0,0,0,0,0,0,0,0,0,0,0,1,0
2023-12-30 00:00:00,42074.70715618848,24832397519.050613,2299.52620727526,1729284429139.7424,822933961870.5416,275996795853.5979,1729284429139.7424,0.4758812072805872,0.1596017353784284,0.3645170573409844,68.0,0.0,0.0,0.0,1.0,0.0,3.322200208829762,December,0,0,0,0,0,0,0,0,0,0,0,1,0
2023-12-31 00:00:00,42220.61140121376,14727224645.41767,2294.3440063451,1729450086033.467,826609156660.5117,275712397143.1602,1729450086033.467,0.4779606901268591,0.1594220031961216,0.3626173066770192,67.0,0.0,0.0,0.0,1.0,0.0,3.322200208829762,December,0,0,0,0,0,0,0,0,0,0,0,1,0
2024-01-01 00:00:00,42208.20217618648,14183728910.169804,2279.941008568961,1724556588113.7185,827596236151.1959,274292310008.218,1724556588113.7185,0.4798892897196271,0.1590509188847394,0.3610597913956334,65.0,0.0,0.0,0.0,1.0,0.0,3.1079425939238847,January,1,0,0,0,0,0,0,0,0,0,0,0,1
2024-01-02 00:00:00,44168.68118687473,16958999497.58364,2350.026286008509,1791713491571.703,863804922701.8125,282101525979.4972,1791713491571.703,0.4821110778956501,0.1574478996259808,0.360441022478369,71.0,0.0,0.0,0.0,1.0,0.0,3.1079425939238847,January,1,0,0,0,0,0,0,0,0,0,0,0,1
2024-01-03 00:00:00,44994.67388689237,39089952715.54279,2360.7821195890947,1803289244630.796,878395004792.8407,282763246110.9591,1803289244630.796,0.4871071057558948,0.1568041549368037,0.3560887393073014,70.0,0.0,0.0,0.0,1.0,0.0,3.1079425939238847,January,1,0,0,0,0,0,0,0,0,0,0,0,1
2024-01-04 00:00:00,42821.558989158,43146162597.56747,2211.1708278638766,1715511272131.7874,838208392904.1771,265547288684.8233,1715511272131.7874,0.4886055874541552,0.154791922966988,0.3566024895788566,68.0,0.0,0.0,0.0,1.0,0.0,3.1079425939238847,January,1,0,0,0,0,0,0,0,0,0,0,0,1
2024-01-05 00:00:00,44195.57856209971,26123887042.79777,2270.977439333732,1763798520386.0608,866352960236.8643,273109328387.3609,1763798520386.0608,0.4911858980623459,0.1548415679176228,0.3539725340200312,72.0,0.0,0.0,0.0,1.0,0.0,3.1079425939238847,January,1,0,0,0,0,0,0,0,0,0,0,0,1
2024-01-06 00:00:00,44113.69973389081,29364675804.010384,2267.087035484658,1749158338913.5452,863690851062.0247,271936377917.22253,1749158338913.5452,0.4937751099185732,0.1554669876748438,0.3507579024065829,70.0,0.0,0.0,0.0,1.0,0.0,3.1079425939238847,January,1,0,0,0,0,0,0,0,0,0,0,0,1
2024-01-07 00:00:00,43956.12071720152,11841102132.239351,2241.5108270042424,1729724771784.4568,861211168830.4689,269489631471.8874,1729724771784.4568,0.4978891340857697,0.155799139763646,0.3463117261505842,71.0,0.0,0.0,0.0,1.0,0.0,3.1079425939238847,January,1,0,0,0,0,0,0,0,0,0,0,0,1
2024-01-08 00:00:00,43883.74387905174,15144653805.362787,2220.151561688879,1713463776179.8215,856926317087.4954,266240104433.8105,1713463776179.8215,0.5001134713206591,0.1553812272748447,0.3445053014044962,71.0,0.0,0.0,0.0,1.0,0.0,3.1079425939238847,January,1,0,0,0,0,0,0,0,0,0,0,0,1
2024-01-09 00:00:00,46936.18556121751,40821502383.50064,2331.6603294356382,1811372935229.5808,919666641903.4098,280315688401.5355,1811372935229.5808,0.507717998881797,0.1547531615106124,0.3375288396075905,76.0,0.0,0.0,0.0,0.0,1.0,3.1079425939238847,January,1,0,0,0,0,0,0,0,0,0,0,0,1
2024-01-10 00:00:00,46105.94607828697,39887918405.77868,2341.160624264102,1784757394063.8606,902166917320.3264,281144258787.4874,1784757394063.8606,0.5054843421974056,0.1575251962662146,0.3369904615363798,73.0,0.0,0.0,0.0,1.0,0.0,3.1079425939238847,January,1,0,0,0,0,0,0,0,0,0,0,0,1
2024-01-11 00:00:00,46632.31314804979,52030057180.57072,2588.769163919145,1855739499050.909,915259343942.036,310821894359.1542,1855739499050.909,0.4932046466705764,0.1674922016361237,0.3393031516932998,76.0,0.0,0.0,0.0,0.0,1.0,3.1079425939238847,January,1,0,0,0,0,0,0,0,0,0,0,0,1
2024-01-12 00:00:00,46314.35554160269,49198128806.306175,2618.329861896492,1861251024122.0337,909846384596.2128,315246203688.67664,1861251024122.0337,0.4888359349730347,0.1693732868930888,0.3417907781338765,71.0,0.0,0.0,0.0,1.0,0.0,3.1079425939238847,January,1,0,0,0,0,0,0,0,0,0,0,0,1
2024-01-13 00:00:00,42893.92960550481,45913301456.05085,2524.5016938912413,1754982348900.704,838383512176.7352,302053601477.7291,1754982348900.704,0.4777162076313113,0.1721120452675385,0.3501717471011502,64.0,0.0,0.0,0.0,1.0,0.0,3.1079425939238847,January,1,0,0,0,0,0,0,0,0,0,0,0,1
2024-01-14 00:00:00,42848.47451640749,19424747840.478382,2575.9247354333543,1771655546824.6614,839198740717.084,309464480794.1958,1771655546824.6614,0.473680531309362,0.1746753094013388,0.3516441592892991,60.0,0.0,0.0,0.0,1.0,0.0,3.1079425939238847,January,1,0,0,0,0,0,0,0,0,0,0,0,1
2024-01-15 00:00:00,41800.93282193406,16968959097.076525,2477.9374784307734,1728799787243.2722,822907066751.3778,298600912656.6915,1728799787243.2722,0.4759990560061195,0.1727215116869245,0.3512794323069558,52.0,0.0,0.0,1.0,0.0,0.0,3.1079425939238847,January,1,0,0,0,0,0,0,0,0,0,0,0,1
2024-01-16 00:00:00,42587.336038354406,22634527323.56315,2515.3199803936955,1756252196711.5986,835225973285.8562,302747945005.6386,1756252196711.5986,0.4755729130757705,0.1723829559174376,0.3520441310067917,64.0,0.0,0.0,0.0,1.0,0.0,3.1079425939238847,January,1,0,0,0,0,0,0,0,0,0,0,0,1
2024-01-17 00:00:00,43148.00164342693,22023116042.27529,2589.4826316304293,1777080311666.906,845770850849.578,311194334965.7176,1777080311666.906,0.4759328237991915,0.1751155155581103,0.3489516606426981,60.0,0.0,0.0,0.0,1.0,0.0,3.1079425939238847,January,1,0,0,0,0,0,0,0,0,0,0,0,1
2024-01-18 00:00:00,42713.859186938986,21299064875.187115,2528.3287854519394,1765644370244.5732,836987995502.6503,303773198603.9342,1765644370244.5732,0.4740410977476242,0.1720466497802477,0.353912252472128,63.0,0.0,0.0,0.0,1.0,0.0,3.1079425939238847,January,1,0,0,0,0,0,0,0,0,0,0,0,1
2024-01-19 00:00:00,41261.39479801012,25160430945.28984,2467.3289785137254,1709892165259.1938,808845819110.2808,296559270703.1602,1709892165259.1938,0.4730390813783698,0.1734374112757024,0.3535235073459277,51.0,0.0,0.0,1.0,0.0,0.0,3.1079425939238847,January,1,0,0,0,0,0,0,0,0,0,0,0,1
2024-01-20 00:00:00,41600.94093254464,24407872954.726807,2489.6180646533794,1719760181077.7173,815241536115.3193,299282759814.2279,1719760181077.7173,0.4740437330072581,0.1740258689014867,0.351930398091255,52.0,0.0,0.0,1.0,0.0,0.0,3.1079425939238847,January,1,0,0,0,0,0,0,0,0,0,0,0,1
2024-01-21 00:00:00,41626.10711003664,9533488489.00503,2470.2636151036777,1720552298603.465,817217622403.9753,296860256191.2496,1720552298603.465,0.4749740086757567,0.1725377696639646,0.3524882216602787,56.0,0.0,0.0,0.0,1.0,0.0,3.1079425939238847,January,1,0,0,0,0,0,0,0,0,0,0,0,1
2024-01-22 00:00:00,41541.89945706261,8032696833.695371,2454.909543339834,1714569530348.3298,814709364023.4832,295225509771.24744,1714569530348.3298,0.475168460422814,0.1721863736323774,0.3526451659448085,55.0,0.0,0.0,0.0,1.0,0.0,3.1079425939238847,January,1,0,0,0,0,0,0,0,0,0,0,0,1
2024-01-23 00:00:00,39504.73005758438,31202848830.101707,2307.5870034987734,1630701016261.484,775020895102.2928,277803770131.5404,1630701016261.484,0.4752685424082778,0.1703584945132544,0.3543729630784677,50.0,0.0,0.0,1.0,0.0,0.0,3.1079425939238847,January,1,0,0,0,0,0,0,0,0,0,0,0,1
2024-01-24 00:00:00,39833.45410501688,29683327703.0343,2241.942776155338,1628101789636.0967,779133357029.7626,269197026588.32983,1628101789636.0967,0.4785532219112109,0.1653441009044644,0.3561026771843246,48.0,0.0,0.0,1.0,0.0,0.0,3.1079425939238847,January,1,0,0,0,0,0,0,0,0,0,0,0,1
2024-01-25 00:00:00,40123.67105847147,22217129215.385586,2236.7393130974074,1637708473290.2825,786928905377.1826,268773564276.82663,1637708473290.2825,0.4805060962994115,0.1641156339240523,0.3553782697765362,52.0,0.0,0.0,1.0,0.0,0.0,3.1079425939238847,January,1,0,0,0,0,0,0,0,0,0,0,0,1
2024-01-26 00:00:00,39938.28644155878,13376924612.77818,2219.6145274459245,1628781540805.2976,783180536824.566,266831912453.9965,1628781540805.2976,0.4808382936592885,0.1638230209326109,0.3553386854081005,49.0,0.0,0.0,1.0,0.0,0.0,3.1079425939238847,January,1,0,0,0,0,0,0,0,0,0,0,0,1
2024-01-27 00:00:00,41862.9356109399,22681602408.52447,2268.8707315074744,1690357356124.3972,820989861818.084,272427889718.4817,1690357356124.3972,0.4856901168522293,0.1611658556881111,0.3531440274596594,55.0,0.0,0.0,0.0,1.0,0.0,3.1079425939238847,January,1,0,0,0,0,0,0,0,0,0,0,0,1
2024-01-28 00:00:00,42119.61049464309,10694258830.371908,2267.907851752534,1700721844596.939,826254540126.2368,272538684736.3818,1700721844596.939,0.4858257937658549,0.1602488294027715,0.3539253768313736,54.0,0.0,0.0,1.0,0.0,0.0,3.1079425939238847,January,1,0,0,0,0,0,0,0,0,0,0,0,1
2024-01-29 00:00:00,42026.57856232145,13669905344.783924,2257.054464645605,1696201211599.8423,824240091063.3245,271358148811.4852,1696201211599.8423,0.485932969170508,0.1599799286521807,0.3540871021773113,55.0,0.0,0.0,0.0,1.0,0.0,3.1079425939238847,January,1,0,0,0,0,0,0,0,0,0,0,0,1
2024-01-30 00:00:00,43267.60927638767,20680322267.00365,2314.59472753004,1743725098344.5234,849198976216.4734,278333996261.6204,1743725098344.5234,0.4870027833072398,0.1596203418336228,0.3533768748591372,61.0,0.0,0.0,0.0,1.0,0.0,3.1079425939238847,January,1,0,0,0,0,0,0,0,0,0,0,0,1
2024-01-31 00:00:00,42892.03453014447,24526664209.3586,2344.001400019654,1727018514400.4976,839294111912.5715,281132447253.58405,1727018514400.4976,0.4859786417541197,0.1627848485174891,0.3512365097283911,60.0,0.0,0.0,0.0,1.0,0.0,3.1079425939238847,January,1,0,0,0,0,0,0,0,0,0,0,0,1
2024-02-01 00:00:00,42583.26354663417,22197944957.07849,2282.485867015841,1685569255000.0718,835421372330.6442,274484617898.52283,1685569255000.0718,0.4956315914356237,0.1628438683752043,0.341524540189172,63.0,0.0,0.0,0.0,1.0,0.0,3.16642120765831,February,0,1,0,0,0,0,0,0,0,0,0,0,1
2024-02-02 00:00:00,43069.0434209368,22443682768.722225,2301.737299308667,1724291152003.6208,844585195327.6586,276594158634.78186,1724291152003.6208,0.489815884252641,0.1604103566345975,0.3497737591127614,63.0,0.0,0.0,0.0,1.0,0.0,3.16642120765831,February,0,1,0,0,0,0,0,0,0,0,0,0,1
2024-02-03 00:00:00,43170.65856159975,18624791426.13084,2307.4329984830933,1730067353959.1013,846561992602.431,277280144884.45764,1730067353959.1013,0.4893231414748976,0.1602713005652221,0.3504055579598804,60.0,0.0,0.0,0.0,1.0,0.0,3.16642120765831,February,0,1,0,0,0,0,0,0,0,0,0,0,1
2024-02-04 00:00:00,42976.84829990829,7779819312.310763,2294.715924804408,1708596709357.666,842668526994.8004,275659236415.4575,1708596709357.666,0.493193345380839,0.1613366307600402,0.3454700238591207,60.0,0.0,0.0,0.0,1.0,0.0,3.16642120765831,February,0,1,0,0,0,0,0,0,0,0,0,0,1
2024-02-05 00:00:00,42599.35997055978,11250814654.362,2290.084492877089,1707216987973.1772,835416357159.2295,275036393714.7881,1707216987973.1772,0.4893439809025348,0.1611021889146696,0.3495538301827955,60.0,0.0,0.0,0.0,1.0,0.0,3.16642120765831,February,0,1,0,0,0,0,0,0,0,0,0,0,1
2024-02-06 00:00:00,42648.45692113544,18682275991.6268,2298.669906674278,1714195536471.734,836630860392.2917,276235426059.15094,1714195536471.734,0.4880603423541159,0.161145808737617,0.350793848908267,64.0,0.0,0.0,0.0,1.0,0.0,3.16642120765831,February,0,1,0,0,0,0,0,0,0,0,0,0,1
2024-02-07 00:00:00,43087.78740814285,17131113853.23615,2372.760878734525,1737446417929.4849,845393687725.6221,285135262492.3447,1737446417929.4849,0.4865725233317283,0.1641116868698261,0.3493157897984454,62.0,0.0,0.0,0.0,1.0,0.0,3.16642120765831,February,0,1,0,0,0,0,0,0,0,0,0,0,1
2024-02-08 00:00:00,44247.415415479314,21200879624.73537,2424.073040465209,1782652682283.601,868672050077.7697,291577099200.45905,1782652682283.601,0.4872918088368114,0.1635636050130332,0.3491445861501553,66.0,0.0,0.0,0.0,1.0,0.0,3.16642120765831,February,0,1,0,0,0,0,0,0,0,0,0,0,1
2024-02-09 00:00:00,45338.27118978949,27709605138.49859,2420.9685614791365,1806165122687.328,890468166608.419,291262614487.10425,1806165122687.328,0.4930159238616697,0.1612602363031709,0.3457238398351593,72.0,0.0,0.0,0.0,1.0,0.0,3.16642120765831,February,0,1,0,0,0,0,0,0,0,0,0,0,1
2024-02-10 00:00:00,47143.24299107112,41993952311.122856,2487.8508971967804,1866523865956.3232,925541926938.6152,299195541764.75714,1866523865956.3232,0.4958639660706449,0.160295588618934,0.343840445310421,74.0,0.0,0.0,0.0,1.0,0.0,3.16642120765831,February,0,1,0,0,0,0,0,0,0,0,0,0,1
2024-02-11 00:00:00,47768.995251247936,16461159742.317774,2499.4921841564314,1883797236704.8591,938210772985.4427,300386801746.0373,1883797236704.8591,0.4980423342304941,0.1594581390678087,0.3424995267016971,71.0,0.0,0.0,0.0,1.0,0.0,3.16642120765831,February,0,1,0,0,0,0,0,0,0,0,0,0,1
2024-02-12 00:00:00,48189.88179303987,13196875460.84672,2505.076808453919,1895840303522.232,945579645769.01,300920593632.2626,1895840303522.232,0.4987654519276979,0.1587267625196015,0.3425077855527005,70.0,0.0,0.0,0.0,1.0,0.0,3.16642120765831,February,0,1,0,0,0,0,0,0,0,0,0,0,1
2024-02-13 00:00:00,50050.13609456397,37684440686.70893,2657.990407976775,1963477517456.759,981463410832.9636,318954602301.2163,1963477517456.759,0.499859765190603,0.1624437252097237,0.3376965095996733,79.0,0.0,0.0,0.0,0.0,1.0,3.16642120765831,February,0,1,0,0,0,0,0,0,0,0,0,0,1
2024-02-14 00:00:00,49732.14536955351,37331081151.024765,2641.5360974921623,1954968364853.705,974585308372.1276,317202178157.9689,1954968364853.705,0.4985171759774527,0.1622543790787662,0.339228444943781,74.0,0.0,0.0,0.0,1.0,0.0,3.16642120765831,February,0,1,0,0,0,0,0,0,0,0,0,0,1
2024-02-15 00:00:00,51790.16929752642,41805076939.80903,2780.372974906562,2032927090608.7583,1017596576729.7906,334517950729.3397,2032927090608.7583,0.5005573399216556,0.1645499006209655,0.3348927594573788,72.0,0.0,0.0,0.0,1.0,0.0,3.16642120765831,February,0,1,0,0,0,0,0,0,0,0,0,0,1
2024-02-16 00:00:00,51958.23029105492,31991869491.056656,2826.821475855177,2050314708732.8936,1020725811639.5323,339786694521.5841,2050314708732.8936,0.4978386036504351,0.1657241656972622,0.3364372306523025,72.0,0.0,0.0,0.0,1.0,0.0,3.16642120765831,February,0,1,0,0,0,0,0,0,0,0,0,0,1
2024-02-17 00:00:00,52166.43430976192,24850432117.896576,2807.3717030539606,2051270463498.7744,1024019280535.48,337473828365.6669,2051270463498.7744,0.4992122193330123,0.1645194207057662,0.3362683599612215,76.0,0.0,0.0,0.0,0.0,1.0,3.16642120765831,February,0,1,0,0,0,0,0,0,0,0,0,0,1
2024-02-18 00:00:00,51684.51749264525,19851884283.15723,2788.561332499608,2036782179655.9248,1015778284418.9252,335189522076.6866,2036782179655.9248,0.4987171895771993,0.1645681729861317,0.3367146374366689,72.0,0.0,0.0,0.0,1.0,0.0,3.16642120765831,February,0,1,0,0,0,0,0,0,0,0,0,0,1
2024-02-19 00:00:00,52138.48578873693,17025880430.565874,2874.945276040071,2067199483427.472,1023586119011.2284,345342293610.9262,2067199483427.472,0.4951559475595917,0.1670580398164281,0.3377860126239802,75.0,0.0,0.0,0.0,1.0,0.0,3.16642120765831,February,0,1,0,0,0,0,0,0,0,0,0,0,1
2024-02-20 00:00:00,51764.313185487765,22555121071.55909,2943.723084777655,2078400749399.8672,1016146442771.5668,353799552082.8669,2078400749399.8672,0.4889078504542381,0.1702268208789982,0.3408653286667636,72.0,0.0,0.0,0.0,1.0,0.0,3.16642120765831,February,0,1,0,0,0,0,0,0,0,0,0,0,1
2024-02-21 00:00:00,52286.79372554667,34499627551.319275,3015.438952062055,2095571587704.524,1026424315285.75,362259530911.22736,2095571587704.524,0.4898063713538361,0.1728690792701785,0.3373245493759853,78.0,0.0,0.0,0.0,0.0,1.0,3.16642120765831,February,0,1,0,0,0,0,0,0,0,0,0,0,1
2024-02-22 00:00:00,51842.75676625642,30624246621.0974,2977.0820166829903,2074274437037.9475,1018869881156.3212,358396919523.1304,2074274437037.9475,0.4911933845220894,0.1727818234287837,0.3360247920491268,74.0,0.0,0.0,0.0,1.0,0.0,3.16642120765831,February,0,1,0,0,0,0,0,0,0,0,0,0,1
2024-02-23 00:00:00,51319.500125702674,23733644208.80861,2974.131586131992,2062791744782.2527,1007314397269.4122,357231363983.11096,2062791744782.2527,0.4883257846156175,0.1731785891070744,0.338495626277308,76.0,0.0,0.0,0.0,0.0,1.0,3.16642120765831,February,0,1,0,0,0,0,0,0,0,0,0,0,1
2024-02-24 00:00:00,50841.081094770896,22637679779.741,2926.285912906352,2040833756788.3853,999139504635.63,351923786349.8605,2040833756788.3853,0.489574175903457,0.1724411825212432,0.3379846415752996,72.0,0.0,0.0,0.0,1.0,0.0,3.16642120765831,February,0,1,0,0,0,0,0,0,0,0,0,0,1
2024-02-25 00:00:00,51553.096712831146,15528276123.53668,2988.317384063568,2080743368313.843,1012485917140.1924,358958857165.6327,2080743368313.843,0.486598170903062,0.1725147188413339,0.3408871102556041,74.0,0.0,0.0,0.0,1.0,0.0,3.16642120765831,February,0,1,0,0,0,0,0,0,0,0,0,0,1
2024-02-26 00:00:00,51751.88405493456,15455098216.48263,3113.4082982877167,2104818007110.23,1016549456019.3264,374096903874.8583,2104818007110.23,0.4829631125281842,0.1777336105122302,0.3393032769595856,72.0,0.0,0.0,0.0,1.0,0.0,3.16642120765831,February,0,1,0,0,0,0,0,0,0,0,0,0,1
2024-02-27 00:00:00,54478.19108312296,35407941475.56789,3173.62994683714,2188564616647.2048,1071049856128.8474,381265474877.3842,2188564616647.2048,0.4893846167401051,0.1742080046334057,0.336407378626489,79.0,0.0,0.0,0.0,0.0,1.0,3.16642120765831,February,0,1,0,0,0,0,0,0,0,0,0,0,1
2024-02-28 00:00:00,57003.52673730811,51983799587.1939,3242.0476538223666,2254469784785.076,1118963733317.3013,389432101336.1533,2254469784785.076,0.4963312175966797,0.17273777806398,0.3309310043393403,82.0,0.0,0.0,0.0,0.0,1.0,3.16642120765831,February,0,1,0,0,0,0,0,0,0,0,0,0,1
2024-02-29 00:00:00,62558.58202419311,87218855804.01622,3380.8039555421246,2399339255860.8184,1225273849241.6978,404949329424.75433,2399339255860.8184,0.5106713634800688,0.1687753528124848,0.3205532837074464,80.0,0.0,0.0,0.0,0.0,1.0,3.16642120765831,February,0,1,0,0,0,0,0,0,0,0,0,0,1
2024-03-01 00:00:00,61298.21686110162,67692687247.36391,3347.690472423345,2370379953175.6025,1206725326872.1362,403025040377.09424,2370379953175.6025,0.509085189172092,0.1700255015391776,0.3208893092887304,80.0,0.0,0.0,0.0,0.0,1.0,3.4690014354717524,March,0,0,1,0,0,0,0,0,0,0,0,0,1
2024-03-02 00:00:00,62426.64052919186,36699193361.155365,3431.75199772032,2439289015944.9897,1227712629022.1812,413003335539.6049,2439289015944.9897,0.5033075707703955,0.1693129976972433,0.3273794315323612,80.0,0.0,0.0,0.0,0.0,1.0,3.4690014354717524,March,0,0,1,0,0,0,0,0,0,0,0,0,1
2024-03-03 00:00:00,62067.86680212177,25198213831.25236,3421.89214692414,2458352158383.3857,1219383305483.4983,411127183431.9037,2458352158383.3857,0.496016529334579,0.1672368956700903,0.3367465749953305,83.0,0.0,0.0,0.0,0.0,1.0,3.4690014354717524,March,0,0,1,0,0,0,0,0,0,0,0,0,1
2024-03-04 00:00:00,63053.10543906421,27108369390.44353,3487.190931866777,2494345850734.556,1236312176673.4497,418233465071.6696,2494345850734.556,0.4956458529234709,0.1676726044018734,0.3366815426746558,82.0,0.0,0.0,0.0,0.0,1.0,3.4690014354717524,March,0,0,1,0,0,0,0,0,0,0,0,0,1
2024-03-05 00:00:00,68186.64593432152,74551714626.1156,3634.311067557102,2642085563619.9507,1333913436699.1726,436264151585.7691,2642085563619.9507,0.5048713997254363,0.1651211291537579,0.3300074711208058,90.0,0.0,0.0,0.0,0.0,1.0,3.4690014354717524,March,0,0,1,0,0,0,0,0,0,0,0,0,1
2024-03-06 00:00:00,64291.536557569496,96403762012.66058,3581.5348849085663,2494718043232.378,1264870242318.5977,430091528234.3316,2494718043232.378,0.5070193185758658,0.1724008568427504,0.3205798245813838,75.0,0.0,0.0,0.0,1.0,0.0,3.4690014354717524,March,0,0,1,0,0,0,0,0,0,0,0,0,1
2024-03-07 00:00:00,66145.91927850846,73151905042.04068,3822.365818156151,2621485154401.595,1297845751759.601,458288266056.3264,2621485154401.595,0.4950803362668134,0.1748200882567804,0.3300995754764061,82.0,0.0,0.0,0.0,0.0,1.0,3.4690014354717524,March,0,0,1,0,0,0,0,0,0,0,0,0,1
2024-03-08 00:00:00,66944.87639053575,48853892626.0196,3861.900999013773,2666699652919.7373,1317508010581.0813,464203366204.0903,2666699652919.7373,0.4940593925298477,0.1740741090568034,0.3318664984133488,81.0,0.0,0.0,0.0,0.0,1.0,3.4690014354717524,March,0,0,1,0,0,0,0,0,0,0,0,0,1
2024-03-09 00:00:00,68315.25192078314,63346588227.32869,3893.613884196704,2711862414352.9204,1340971395884.519,467263068859.23145,2711862414352.9204,0.4944835655331316,0.1723033832344055,0.3332130512324628,84.0,0.0,0.0,0.0,0.0,1.0,3.4690014354717524,March,0,0,1,0,0,0,0,0,0,0,0,0,1
2024-03-10 00:00:00,68508.0039626159,21359706190.81524,3916.041187699099,2732719748734.833,1346027264110.4956,470299637817.7936,2732719748734.833,0.4925595699060124,0.1720994763680133,0.3353409537259744,79.0,0.0,0.0,0.0,0.0,1.0,3.4690014354717524,March,0,0,1,0,0,0,0,0,0,0,0,0,1
2024-03-11 00:00:00,69075.66688195744,36660543917.16198,3887.473104733291,2740237696356.75,1357390358031.5388,466687383451.4314,2740237696356.75,0.4953549685986149,0.1703090881757848,0.3343359432256002,82.0,0.0,0.0,0.0,0.0,1.0,3.4690014354717524,March,0,0,1,0,0,0,0,0,0,0,0,0,1
2024-03-12 00:00:00,72130.55300765681,66653067165.93465,4070.604074987,2857988126601.24,1417772589113.952,488931556413.2426,2857988126601.24,0.4960736456242689,0.1710754330511117,0.3328509213246193,81.0,0.0,0.0,0.0,0.0,1.0,3.4690014354717524,March,0,0,1,0,0,0,0,0,0,0,0,0,1
2024-03-13 00:00:00,71467.17350326062,64599341551.27301,3978.685771378112,2830685723208.364,1403692914139.1924,477282030875.5,2830685723208.364,0.4958844080183563,0.1686100392432607,0.3355055527383829,81.0,0.0,0.0,0.0,0.0,1.0,3.4690014354717524,March,0,0,1,0,0,0,0,0,0,0,0,0,1
2024-03-14 00:00:00,73097.76702694128,51906601043.53671,4007.9121260756656,2899092338874.418,1436631290571.5388,480989408310.4244,2899092338874.418,0.495545199201663,0.1659103443725321,0.3385444564258048,88.0,0.0,0.0,0.0,0.0,1.0,3.4690014354717524,March,0,0,1,0,0,0,0,0,0,0,0,0,1
2024-03-15 00:00:00,71420.03180142345,63073551321.74747,3879.038366642958,2845808438010.805,1403843488135.24,465517630856.3542,2845808438010.805,0.4933021736053724,0.163580100697764,0.3431177256968635,83.0,0.0,0.0,0.0,0.0,1.0,3.4690014354717524,March,0,0,1,0,0,0,0,0,0,0,0,0,1
2024-03-16 00:00:00,69497.7631929463,81204427005.22603,3738.381184462065,2765386674962.223,1367669237527.8738,449221029692.6131,2765386674962.223,0.4945670889032388,0.1624442012973646,0.3429887097993966,81.0,0.0,0.0,0.0,0.0,1.0,3.4690014354717524,March,0,0,1,0,0,0,0,0,0,0,0,0,1
2024-03-17 00:00:00,65292.31329331289,49265436012.59228,3514.222472178163,2600319276842.908,1282404282863.459,422006707853.2583,2600319276842.908,0.4931718555809223,0.1622903431941726,0.344537801224905,79.0,0.0,0.0,0.0,0.0,1.0,3.4690014354717524,March,0,0,1,0,0,0,0,0,0,0,0,0,1
2024-03-18 00:00:00,68425.41565643054,47190980586.56393,3643.280347379834,2722744015562.6875,1344508983079.8567,437397993876.3647,2722744015562.6875,0.4938066066420121,0.1606460215783345,0.3455473717796533,77.0,0.0,0.0,0.0,0.0,1.0,3.4690014354717524,March,0,0,1,0,0,0,0,0,0,0,0,0,1
2024-03-19 00:00:00,67708.94360930806,51101822566.75771,3525.893640670024,2664829646137.9966,1331771923948.0378,423582810891.4091,2664829646137.9966,0.4997587466343703,0.1589530540930773,0.3412881992725523,79.0,0.0,0.0,0.0,0.0,1.0,3.4690014354717524,March,0,0,1,0,0,0,0,0,0,0,0,0,1
2024-03-20 00:00:00,62132.51737873437,80179417876.47993,3171.293836639821,2440180573851.804,1223867418062.399,381561860658.1416,2440180573851.804,0.5015478900114899,0.1563662397557118,0.3420858702327983,74.0,0.0,0.0,0.0,1.0,0.0,3.4690014354717524,March,0,0,1,0,0,0,0,0,0,0,0,0,1
2024-03-21 00:00:00,67819.05570684028,70836803714.91411,3515.6884318548646,2678013485592.761,1332594162507.5205,422699933046.073,2678013485592.761,0.4976054712482373,0.1578408530502642,0.3445536757014984,78.0,0.0,0.0,0.0,0.0,1.0,3.4690014354717524,March,0,0,1,0,0,0,0,0,0,0,0,0,1
2024-03-22 00:00:00,65535.97844847657,48393664548.05336,3493.4304387798707,2615764425274.934,1287348061971.4202,419250201097.8779,2615764425274.934,0.4921498471086942,0.1602782716390112,0.3475718812522945,75.0,0.0,0.0,0.0,1.0,0.0,3.4690014354717524,March,0,0,1,0,0,0,0,0,0,0,0,0,1
2024-03-23 00:00:00,63509.04496523133,42436600223.53738,3322.891277320318,2543381659529.448,1247366367469.2778,398004903397.5174,2543381659529.448,0.4904361729572483,0.1564865036697451,0.3530773233730065,73.0,0.0,0.0,0.0,1.0,0.0,3.4690014354717524,March,0,0,1,0,0,0,0,0,0,0,0,0,1
2024-03-24 00:00:00,64285.80279102199,25489933245.68756,3353.371241538487,2562325446282.575,1264722355270.5166,402787267255.3501,2562325446282.575,0.4935838096231598,0.1571959829847977,0.3492202073920425,74.0,0.0,0.0,0.0,1.0,0.0,3.4690014354717524,March,0,0,1,0,0,0,0,0,0,0,0,0,1
2024-03-25 00:00:00,67310.98326810106,28098318940.431744,3454.257071389558,2671106101965.3247,1323456466317.511,415227254119.21,2671106101965.3247,0.4954713200436886,0.1554514265882952,0.3490772533680161,75.0,0.0,0.0,0.0,1.0,0.0,3.4690014354717524,March,0,0,1,0,0,0,0,0,0,0,0,0,1
2024-03-26 00:00:00,69938.94530200244,44820310272.64752,3588.493402189288,2768518935243.101,1371797489739.3416,429834400084.3752,2768518935243.101,0.4954986842518689,0.1552578870285501,0.349243428719581,81.0,0.0,0.0,0.0,0.0,1.0,3.4690014354717524,March,0,0,1,0,0,0,0,0,0,0,0,0,1
2024-03-27 00:00:00,70082.05122475982,36257324508.56845,3591.5485279028403,2773865878474.4067,1375728580463.2524,430639202176.3594,2773865878474.4067,0.4959607424205696,0.1552487470710753,0.348790510508355,83.0,0.0,0.0,0.0,0.0,1.0,3.4690014354717524,March,0,0,1,0,0,0,0,0,0,0,0,0,1
2024-03-28 00:00:00,69435.75040305211,41441040887.822266,3505.2181161826984,2744104632907.473,1360261687784.1018,419542828392.9917,2744104632907.473,0.495703287502874,0.1528887868785352,0.3514079256185907,80.0,0.0,0.0,0.0,0.0,1.0,3.4690014354717524,March,0,0,1,0,0,0,0,0,0,0,0,0,1
2024-03-29 00:00:00,70710.19534863312,30455289338.47621,3560.26151146781,2792547531527.479,1390869723348.0437,427723174069.2191,2792547531527.479,0.4980648342222702,0.1531659422947266,0.3487692234830031,79.0,0.0,0.0,0.0,0.0,1.0,3.4690014354717524,March,0,0,1,0,0,0,0,0,0,0,0,0,1
2024-03-30 00:00:00,69919.05546148612,25785951735.48569,3516.096057627979,2774848448177.74,1374646886107.8396,422181197071.7956,2774848448177.74,0.4953953024031199,0.1521456774870153,0.3524590201098647,75.0,0.0,0.0,0.0,1.0,0.0,3.4690014354717524,March,0,0,1,0,0,0,0,0,0,0,0,0,1
2024-03-31 00:00:00,69702.3087473573,16408802301.837433,3507.6606559474685,2759291466930.8667,1370247487960.0945,420903294887.9552,2759291466930.8667,0.4965939642049513,0.1525403531784635,0.3508656826165851,75.0,0.0,0.0,0.0,1.0,0.0,3.4690014354717524,March,0,0,1,0,0,0,0,0,0,0,0,0,1
2024-04-01 00:00:00,71246.95144060145,19723005998.21497,3644.767598784896,2837692766057.777,1401370211582.3662,437709753307.89496,2837692766057.777,0.4938414152315718,0.154248465000662,0.3519101197677661,79.0,0.0,0.0,0.0,0.0,1.0,3.3540471111874304,April,0,0,0,1,0,0,0,0,0,0,0,0,1
2024-04-02 00:00:00,69785.92503802372,36040088988.53872,3508.2477201085417,2751302677395.7974,1373784286061.3486,421860021837.67065,2751302677395.7974,0.4993213932251477,0.1533310112709866,0.3473475955038657,79.0,0.0,0.0,0.0,0.0,1.0,3.3540471111874304,April,0,0,0,1,0,0,0,0,0,0,0,0,1
2024-04-03 00:00:00,65440.41922587159,45161133992.09071,3274.901203544406,2591298837589.575,1288360536576.547,393781420276.9656,2591298837589.575,0.4971871703438802,0.1519629517694921,0.3508498778866276,71.0,0.0,0.0,0.0,1.0,0.0,3.3540471111874304,April,0,0,0,1,0,0,0,0,0,0,0,0,1
2024-04-04 00:00:00,66123.938539074,35559952961.797325,3316.6829546775257,2608190958636.7373,1301670235623.7266,398415781571.0026,2608190958636.7373,0.4990701433548755,0.15275560259562,0.3481742540495045,70.0,0.0,0.0,0.0,1.0,0.0,3.3540471111874304,April,0,0,0,1,0,0,0,0,0,0,0,0,1
2024-04-05 00:00:00,68542.17715279506,37516850709.63811,3332.089836615912,2677526176562.248,1348455954443.3696,399925086690.5432,2677526176562.248,0.5036200826894214,0.1493636514896815,0.347016265820897,79.0,0.0,0.0,0.0,0.0,1.0,3.3540471111874304,April,0,0,0,1,0,0,0,0,0,0,0,0,1
2024-04-06 00:00:00,67978.61023408506,35132808695.80448,3320.281588983444,2648952961508.298,1337452583876.3916,399471237820.5192,2648952961508.298,0.5048985781592944,0.1508034471072913,0.3442979747334143,75.0,0.0,0.0,0.0,1.0,0.0,3.3540471111874304,April,0,0,0,1,0,0,0,0,0,0,0,0,1
2024-04-07 00:00:00,69000.6499164776,19119438138.850822,3362.838907503287,2690072827803.024,1358548956714.714,403433979836.3418,2690072827803.024,0.5050231141229874,0.1499713969327088,0.3450054889443038,78.0,0.0,0.0,0.0,0.0,1.0,3.3540471111874304,April,0,0,0,1,0,0,0,0,0,0,0,0,1
2024-04-08 00:00:00,69401.97360911008,17935478429.01022,3453.4361261792887,2723578563210.0483,1367272232852.0764,414896585077.9774,2723578563210.0483,0.5020131423125133,0.1523350898271774,0.3456517678603094,76.0,0.0,0.0,0.0,0.0,1.0,3.3540471111874304,April,0,0,0,1,0,0,0,0,0,0,0,0,1
2024-04-09 00:00:00,71624.18486236996,33111949671.02105,3695.239391141908,2823440834759.471,1410324678268.6392,443574943819.1214,2823440834759.471,0.4995056602235423,0.1571043877945859,0.3433899519818717,80.0,0.0,0.0,0.0,0.0,1.0,3.3540471111874304,April,0,0,0,1,0,0,0,0,0,0,0,0,1
2024-04-10 00:00:00,69158.64381207665,36488482038.859055,3503.6535996841044,2718278031969.92,1361830648708.6648,421250062703.5877,2718278031969.92,0.5009901977251953,0.1549694540989651,0.3440403481758396,78.0,0.0,0.0,0.0,0.0,1.0,3.3540471111874304,April,0,0,0,1,0,0,0,0,0,0,0,0,1
2024-04-11 00:00:00,70527.88997578963,38378062633.13138,3539.7630640649413,2752254035040.9136,1387722485989.3584,425100745638.6984,2752254035040.9136,0.5042130807408297,0.1544554900188852,0.341331429240285,76.0,0.0,0.0,0.0,0.0,1.0,3.3540471111874304,April,0,0,0,1,0,0,0,0,0,0,0,0,1
2024-04-12 00:00:00,70106.66413070948,30118549149.51049,3508.578498448644,2734902187072.148,1379324055321.196,421184318805.19366,2734902187072.148,0.5043412747414681,0.1540034304686022,0.3416552947899297,79.0,0.0,0.0,0.0,0.0,1.0,3.3540471111874304,April,0,0,0,1,0,0,0,0,0,0,0,0,1
2024-04-13 00:00:00,67252.10504226631,43471949726.09197,3245.5005926983195,2567805134995.136,1321648247460.1611,389342347417.11646,2567805134995.136,0.5146995889400559,0.151624569213214,0.3336758418467301,72.0,0.0,0.0,0.0,1.0,0.0,3.3540471111874304,April,0,0,0,1,0,0,0,0,0,0,0,0,1
2024-04-14 00:00:00,64404.82548907413,49214481480.20075,3022.0057852476043,2402455496104.68,1270009515097.3306,363676686678.5162,2402455496104.68,0.528629777807128,0.1513770753581818,0.3199931468346901,72.0,0.0,0.0,0.0,1.0,0.0,3.3540471111874304,April,0,0,0,1,0,0,0,0,0,0,0,0,1
2024-04-15 00:00:00,65752.66004728881,40292911692.95434,3157.683765827796,2501542655372.0366,1293286386553.3967,379419782687.94165,2501542655372.0366,0.5169955362448359,0.1516743205929915,0.3313301431621726,74.0,0.0,0.0,0.0,1.0,0.0,3.3540471111874304,April,0,0,0,1,0,0,0,0,0,0,0,0,1
2024-04-16 00:00:00,63430.5714573684,42796604938.03423,3101.190735674771,2424559328359.5034,1247928896840.997,372249695864.1781,2424559328359.5034,0.5147033864027433,0.1535329292667993,0.3317636843304574,65.0,0.0,0.0,0.0,1.0,0.0,3.3540471111874304,April,0,0,0,1,0,0,0,0,0,0,0,0,1
2024-04-17 00:00:00,63720.501587480736,42157169474.39519,3083.706014766068,2425710196409.2705,1253670904297.4917,370234131392.0656,2425710196409.2705,0.5168263324090715,0.152629168950238,0.3305444986406904,67.0,0.0,0.0,0.0,1.0,0.0,3.3540471111874304,April,0,0,0,1,0,0,0,0,0,0,0,0,1
2024-04-18 00:00:00,61328.89798860725,41123362075.93534,2982.6157347098,2345642878905.4795,1207185042484.4346,358157898515.81726,2345642878905.4795,0.514649972227541,0.1526907193489489,0.33265930842351,57.0,0.0,0.0,0.0,1.0,0.0,3.3540471111874304,April,0,0,0,1,0,0,0,0,0,0,0,0,1
2024-04-19 00:00:00,63461.59269510717,35901618166.42319,3064.911592229428,2424224040602.1606,1249565911947.3347,368394773234.49,2424224040602.1606,0.5154498474641606,0.1519639963404468,0.3325861561953926,66.0,0.0,0.0,0.0,1.0,0.0,3.3540471111874304,April,0,0,0,1,0,0,0,0,0,0,0,0,1
2024-04-20 00:00:00,63988.818471785664,52227787323.81757,3065.682561565907,2437123021308.6675,1263308149913.607,368924952677.7875,2437123021308.6675,0.5183604351803486,0.1513772384291397,0.3302623263905117,66.0,0.0,0.0,0.0,1.0,0.0,3.3540471111874304,April,0,0,0,1,0,0,0,0,0,0,0,0,1
2024-04-21 00:00:00,64894.41869109179,16601830590.687475,3152.191506651948,2511439720163.9453,1277940837359.7852,378601475454.5042,2511439720163.9453,0.5088479038932943,0.1507507715255014,0.3404013245812043,72.0,0.0,0.0,0.0,1.0,0.0,3.3540471111874304,April,0,0,0,1,0,0,0,0,0,0,0,0,1
2024-04-22 00:00:00,64936.4207567739,19592118541.18973,3147.13775429932,2501771907511.48,1279763566407.3762,377835271557.1954,2501771907511.48,0.5115428639057511,0.1510270662256453,0.3374300698686036,73.0,0.0,0.0,0.0,1.0,0.0,3.3540471111874304,April,0,0,0,1,0,0,0,0,0,0,0,0,1
2024-04-23 00:00:00,66841.66685207361,27748586313.20611,3199.769589894069,2570872809846.3325,1317058642854.2856,384466906716.16833,2570872809846.3325,0.5123001954083483,0.1495472297360167,0.338152574855635,71.0,0.0,0.0,0.0,1.0,0.0,3.3540471111874304,April,0,0,0,1,0,0,0,0,0,0,0,0,1
2024-04-24 00:00:00,66406.95244392671,23232230785.20184,3218.9672686428075,2572490324843.035,1306843409278.049,392775107740.5133,2572490324843.035,0.5080071231590689,0.1526828318642866,0.3393100449766444,72.0,0.0,0.0,0.0,1.0,0.0,3.3540471111874304,April,0,0,0,1,0,0,0,0,0,0,0,0,1
2024-04-25 00:00:00,64279.51812857524,30939903322.02589,3138.814357009402,2494255906278.397,1265541377860.928,383068563917.3423,2494255906278.397,0.5073823318110143,0.1535802974157961,0.3390373707731895,72.0,0.0,0.0,0.0,1.0,0.0,3.3540471111874304,April,0,0,0,1,0,0,0,0,0,0,0,0,1
2024-04-26 00:00:00,64486.183359158975,24705345525.57077,3157.6193174815944,2503787308485.9688,1269387456067.624,385360500023.0152,2503787308485.9688,0.5069869360569681,0.1539110365792377,0.3391020273637941,70.0,0.0,0.0,0.0,1.0,0.0,3.3540471111874304,April,0,0,0,1,0,0,0,0,0,0,0,0,1
2024-04-27 00:00:00,63802.330049258766,23302057197.88468,3131.419219740052,2467573322040.237,1255539337969.4695,381832436730.7926,2467573322040.237,0.5088154125978982,0.1547400570918339,0.3364445303102679,67.0,0.0,0.0,0.0,1.0,0.0,3.3540471111874304,April,0,0,0,1,0,0,0,0,0,0,0,0,1
2024-04-28 00:00:00,63517.248743409626,19190483386.06388,3259.2522227654413,2481899672069.247,1249495302303.4912,397162781507.14,2481899672069.247,0.5034431151126036,0.1600237052193215,0.3365331796680748,65.0,0.0,0.0,0.0,1.0,0.0,3.3540471111874304,April,0,0,0,1,0,0,0,0,0,0,0,0,1
2024-04-29 00:00:00,63030.433616681854,16180294651.046637,3259.503404256033,2474448044499.3315,1240724751365.882,398637824441.876,2474448044499.3315,0.5014147515135743,0.1611017153211372,0.3374835331652885,67.0,0.0,0.0,0.0,1.0,0.0,3.3540471111874304,April,0,0,0,1,0,0,0,0,0,0,0,0,1
2024-04-30 00:00:00,63797.67963589958,27242983698.21234,3213.6890004948136,2477307756355.3643,1257159131219.0603,392350038771.6116,2477307756355.3643,0.507469904776225,0.1583775926769955,0.3341525025467795,67.0,0.0,0.0,0.0,1.0,0.0,3.3540471111874304,April,0,0,0,1,0,0,0,0,0,0,0,0,1
2024-05-01 00:00:00,60749.47209216387,39533113322.04938,3018.549635877818,2350945956539.1533,1197773959985.8767,368786372970.944,2350945956539.1533,0.5094859610252928,0.1568672269752374,0.3336468119994699,54.0,0.0,0.0,1.0,0.0,0.0,3.238866396761142,May,0,0,0,0,1,0,0,0,0,0,0,0,1
2024-05-02 00:00:00,58297.57407532549,51109380171.69261,2976.0902075157046,2306433952972.984,1151677489315.1536,364276973974.7534,2306433952972.984,0.4993325249269097,0.1579394777401719,0.3427279973329182,43.0,0.0,1.0,0.0,0.0,0.0,3.238866396761142,May,0,0,0,0,1,0,0,0,0,0,0,0,1
2024-05-03 00:00:00,59135.1733607733,28255509745.49032,2988.5486490452654,2327936613502.946,1164721402399.166,358796765165.93835,2327936613502.946,0.5003235035023398,0.1541265183445186,0.3455499781531416,48.0,0.0,0.0,1.0,0.0,0.0,3.238866396761142,May,0,0,0,0,1,0,0,0,0,0,0,0,1
2024-05-04 00:00:00,62839.34073569376,33591665812.21244,3102.1512923656555,2450114098222.6,1239817041554.716,373187731785.7064,2450114098222.6,0.5060242061600818,0.1523144297877515,0.3416613640521666,67.0,0.0,0.0,0.0,1.0,0.0,3.238866396761142,May,0,0,0,0,1,0,0,0,0,0,0,0,1
2024-05-05 00:00:00,63820.451902924986,20510614461.479218,3115.0233215730136,2478408020391.8823,1257549583083.3145,374188248701.176,2478408020391.8823,0.5074021600706701,0.1509792760604486,0.3416185638688813,69.0,0.0,0.0,0.0,1.0,0.0,3.238866396761142,May,0,0,0,0,1,0,0,0,0,0,0,0,1
2024-05-06 00:00:00,64010.00865210892,18115695040.201984,3136.57511039041,2488560440925.624,1259667234461.2874,376477227799.9195,2488560440925.624,0.5061830983670029,0.151283136068774,0.342533765564223,71.0,0.0,0.0,0.0,1.0,0.0,3.238866396761142,May,0,0,0,0,1,0,0,0,0,0,0,0,1
2024-05-07 00:00:00,63172.48129551341,17917770174.27797,3064.5913995603364,2457239064301.187,1244417948315.7583,368312963227.33984,2457239064301.187,0.5064293362394748,0.1498889418527473,0.3436817219077778,68.0,0.0,0.0,0.0,1.0,0.0,3.238866396761142,May,0,0,0,0,1,0,0,0,0,0,0,0,1
2024-05-08 00:00:00,62363.057191718624,19925137720.849453,3015.159769616685,2420435368466.8945,1229336706399.346,362686607634.315,2420435368466.8945,0.5078990013181012,0.1498435415212268,0.342257457160672,64.0,0.0,0.0,0.0,1.0,0.0,3.238866396761142,May,0,0,0,0,1,0,0,0,0,0,0,0,1
2024-05-09 00:00:00,61215.50400879193,20303831135.373127,2975.72696606529,2381291194703.706,1203918522476.5403,357038251698.12964,2381291194703.706,0.5055738353856966,0.1499347297349555,0.3444914348793478,55.0,0.0,0.0,0.0,1.0,0.0,3.238866396761142,May,0,0,0,0,1,0,0,0,0,0,0,0,1
2024-05-10 00:00:00,63148.59994309703,25837724247.550423,3038.3447046668207,2447814406654.54,1240910691253.6274,364426702625.022,2447814406654.54,0.5069463958869318,0.1488784041936777,0.3441751999193905,66.0,0.0,0.0,0.0,1.0,0.0,3.238866396761142,May,0,0,0,0,1,0,0,0,0,0,0,0,1
2024-05-11 00:00:00,60888.21674957157,23987518755.480534,2910.684500017475,2365356372589.071,1199393711200.297,349622946794.7746,2365356372589.071,0.5070668103544437,0.1478098399236494,0.3451233497219069,53.0,0.0,0.0,1.0,0.0,0.0,3.238866396761142,May,0,0,0,0,1,0,0,0,0,0,0,0,1
2024-05-12 00:00:00,60776.97207917213,12120618802.065384,2908.9827849031903,2366778386280.668,1197102943502.234,349391330491.6799,2366778386280.668,0.5057942688852465,0.1476231710230967,0.3465825600916568,56.0,0.0,0.0,0.0,1.0,0.0,3.238866396761142,May,0,0,0,0,1,0,0,0,0,0,0,0,1
2024-05-13 00:00:00,61507.05400412135,13045696108.912676,2931.3106669139133,2381534202695.079,1211277523448.5786,352120009302.884,2381534202695.079,0.5086122727432713,0.1478542734781658,0.3435334537785628,57.0,0.0,0.0,0.0,1.0,0.0,3.238866396761142,May,0,0,0,0,1,0,0,0,0,0,0,0,1
2024-05-14 00:00:00,62878.783300729294,27740460083.60181,2948.303455265941,2414081944098.4946,1238994152713.125,354155572145.7024,2414081944098.4946,0.5132361624020224,0.146704039194476,0.3400597984035016,66.0,0.0,0.0,0.0,1.0,0.0,3.238866396761142,May,0,0,0,0,1,0,0,0,0,0,0,0,1
2024-05-15 00:00:00,61569.1130057734,21581895152.31416,2881.7959916152945,2358424177747.958,1212998352772.157,346305956691.41315,2358424177747.958,0.5143257791439537,0.1468378589224344,0.3388363619336118,64.0,0.0,0.0,0.0,1.0,0.0,3.238866396761142,May,0,0,0,0,1,0,0,0,0,0,0,0,1
2024-05-16 00:00:00,66220.51831432826,38101793065.15294,3035.758955126304,2513511718724.559,1307048849176.4167,365225903815.16327,2513511718724.559,0.5200090532458936,0.1453050332307546,0.3346859135233517,70.0,0.0,0.0,0.0,1.0,0.0,3.238866396761142,May,0,0,0,0,1,0,0,0,0,0,0,0,1
2024-05-17 00:00:00,65260.879803346186,29114585833.34968,2943.5851283842208,2473069073449.1694,1286278919684.0835,353501038738.847,2473069073449.1694,0.5201144333142789,0.1429402205276142,0.3369453461581069,74.0,0.0,0.0,0.0,1.0,0.0,3.238866396761142,May,0,0,0,0,1,0,0,0,0,0,0,0,1
2024-05-18 00:00:00,67053.12326509564,25397793918.99353,3095.9968442929658,2551492289172.3955,1319238394090.13,371220670629.6318,2551492289172.3955,0.5170458087169212,0.1454915902371946,0.3374626010458842,73.0,0.0,0.0,0.0,1.0,0.0,3.238866396761142,May,0,0,0,0,1,0,0,0,0,0,0,0,1
2024-05-19 00:00:00,66912.61861403697,13025487675.845127,3120.5493782541066,2552371332532.059,1319928522881.6436,375206332441.6955,2552371332532.059,0.5171381240880101,0.1470030350440722,0.3358588408679177,72.0,0.0,0.0,0.0,1.0,0.0,3.238866396761142,May,0,0,0,0,1,0,0,0,0,0,0,0,1
2024-05-20 00:00:00,66252.71259591613,9072734600.009218,3071.324418093757,2517685276383.384,1304727108597.6987,368598090418.054,2517685276383.384,0.5182248634634425,0.1464035611899591,0.3353715753465983,70.0,0.0,0.0,0.0,1.0,0.0,3.238866396761142,May,0,0,0,0,1,0,0,0,0,0,0,0,1
2024-05-21 00:00:00,71430.29700215145,35923476641.4359,3656.390090299324,2751705122558.096,1406288649446.611,439830728213.1206,2751705122558.096,0.5110608102292837,0.1598393391092124,0.3290998506615038,76.0,0.0,0.0,0.0,0.0,1.0,3.238866396761142,May,0,0,0,0,1,0,0,0,0,0,0,0,1
2024-05-22 00:00:00,70189.8358177002,41105056578.01701,3792.486220211773,2743130264362.5933,1382275470797.567,455765526085.7925,2743130264362.5933,0.5039044221688681,0.1661479704434292,0.3299476073877026,76.0,0.0,0.0,0.0,0.0,1.0,3.238866396761142,May,0,0,0,0,1,0,0,0,0,0,0,0,1
2024-05-23 00:00:00,69181.20085677762,31059440495.91766,3741.897740560911,2710136568424.645,1362228629448.754,449694006822.5555,2710136568424.645,0.5026420606695085,0.1659303859672115,0.33142755336328,76.0,0.0,0.0,0.0,0.0,1.0,3.238866396761142,May,0,0,0,0,1,0,0,0,0,0,0,0,1
2024-05-24 00:00:00,67906.46534276106,39235702119.25446,3766.398091341944,2679418216281.5386,1336347300306.381,451934122188.91656,2679418216281.5386,0.498745321721723,0.1686687503439104,0.3325859279343666,74.0,0.0,0.0,0.0,1.0,0.0,3.238866396761142,May,0,0,0,0,1,0,0,0,0,0,0,0,1
2024-05-25 00:00:00,68539.91646552991,28127411967.182774,3727.065981583209,2682365023271.636,1350764328536.3708,447600344544.24176,2682365023271.636,0.5035721524913362,0.1668677978802121,0.3295600496284516,76.0,0.0,0.0,0.0,0.0,1.0,3.238866396761142,May,0,0,0,0,1,0,0,0,0,0,0,0,1
2024-05-26 00:00:00,69268.44558973772,15929396750.116022,3750.077159389676,2710202598636.336,1363997851294.8164,450038598582.0329,2710202598636.336,0.5032826151008507,0.1660534894359831,0.3306638954631661,75.0,0.0,0.0,0.0,1.0,0.0,3.238866396761142,May,0,0,0,0,1,0,0,0,0,0,0,0,1
2024-05-27 00:00:00,68508.83110875699,11243743771.147911,3825.277957577714,2698036836385.431,1349351520129.172,459504483187.0394,2698036836385.431,0.5001234608556727,0.1703106781161072,0.32956586102822,74.0,0.0,0.0,0.0,1.0,0.0,3.238866396761142,May,0,0,0,0,1,0,0,0,0,0,0,0,1
2024-05-28 00:00:00,69367.23871755725,18983806932.464344,3893.3921058941055,2741213318203.85,1366931305389.0393,467614044547.03687,2741213318203.85,0.4986592237501261,0.1705865214654056,0.3307542547844682,72.0,0.0,0.0,0.0,1.0,0.0,3.238866396761142,May,0,0,0,0,1,0,0,0,0,0,0,0,1
2024-05-29 00:00:00,68316.63588049631,31278122196.185,3840.68886040005,2707025795172.9585,1347542673428.3018,462070810453.6889,2707025795172.9585,0.4977945447846033,0.1706931685976661,0.3315122866177306,72.0,0.0,0.0,0.0,1.0,0.0,3.238866396761142,May,0,0,0,0,1,0,0,0,0,0,0,0,1
2024-05-30 00:00:00,67577.26558995963,24320692137.62038,3765.30255677808,2668659684765.78,1331734029835.3335,452762636814.4171,2668659684765.78,0.4990272972749673,0.1696591886178078,0.3313135141072247,73.0,0.0,0.0,0.0,1.0,0.0,3.238866396761142,May,0,0,0,0,1,0,0,0,0,0,0,0,1
2024-05-31 00:00:00,68372.49288434093,25344376897.716885,3748.63915233346,2677635519148.375,1346147846430.124,450215609802.7726,2677635519148.375,0.5027375222667602,0.1681392432178238,0.329123234515416,73.0,0.0,0.0,0.0,1.0,0.0,3.238866396761142,May,0,0,0,0,1,0,0,0,0,0,0,0,1
2024-06-01 00:00:00,67474.95483698409,19685305476.45948,3761.0692456476336,2662212661565.1094,1331606411822.8157,452758719430.444,2662212661565.1094,0.5001878441371272,0.1700685771527613,0.3297435787101114,72.0,0.0,0.0,0.0,1.0,0.0,2.9700853998204435,June,0,0,0,0,0,1,0,0,0,0,0,0,1
2024-06-02 00:00:00,67704.32641811523,10724053324.55672,3813.452441559934,2675505464747.7173,1333649555935.3523,457995091024.9556,2675505464747.7173,0.4984663920546717,0.1711807720296103,0.3303528359157179,73.0,0.0,0.0,0.0,1.0,0.0,2.9700853998204435,June,0,0,0,0,0,1,0,0,0,0,0,0,1
2024-06-03 00:00:00,67740.01690222476,16137350587.750422,3780.7119847349145,2667159114711.328,1335930570689.7126,454304865087.93256,2667159114711.328,0.5008814672214646,0.1703328693748002,0.328785663403735,73.0,0.0,0.0,0.0,1.0,0.0,2.9700853998204435,June,0,0,0,0,0,1,0,0,0,0,0,0,1
2024-06-04 00:00:00,68808.29368590549,29862293749.910686,3766.6376499412618,2693986405879.7305,1355484820107.0864,452084974218.36816,2693986405879.7305,0.5031520638518027,0.1678126412337029,0.3290352949144943,73.0,0.0,0.0,0.0,1.0,0.0,2.9700853998204435,June,0,0,0,0,0,1,0,0,0,0,0,0,1
2024-06-05 00:00:00,70600.01116676089,31561053725.144592,3814.932030146498,2760135697861.1694,1390853496950.4385,458132490211.608,2760135697861.1694,0.5039076513622904,0.1659818720386157,0.3301104765990938,75.0,0.0,0.0,0.0,1.0,0.0,2.9700853998204435,June,0,0,0,0,0,1,0,0,0,0,0,0,1
2024-06-06 00:00:00,71184.59943059199,32560403314.989147,3871.0820906216727,2787597416153.991,1400297735227.1963,464211497547.6711,2787597416153.991,0.502331408083728,0.1665274529448148,0.3311411389714572,78.0,0.0,0.0,0.0,0.0,1.0,2.9700853998204435,June,0,0,0,0,0,1,0,0,0,0,0,0,1
2024-06-07 00:00:00,70759.58819301432,23612879689.560955,3812.701856549199,2768094002203.2334,1394881646977.521,458058824868.5632,2768094002203.2334,0.5039141177529667,0.1654780598144342,0.3306078224325991,77.0,0.0,0.0,0.0,0.0,1.0,2.9700853998204435,June,0,0,0,0,0,1,0,0,0,0,0,0,1
2024-06-08 00:00:00,69325.36238847222,18597495569.911568,3679.3766523741774,2687034389072.405,1366366925856.506,442056588562.9977,2687034389072.405,0.5085036988782982,0.1645146747509996,0.3269816263707022,72.0,0.0,0.0,0.0,1.0,0.0,2.9700853998204435,June,0,0,0,0,0,1,0,0,0,0,0,0,1
2024-06-09 00:00:00,69315.1041233966,10688301508.476225,3683.025380134649,2671623881662.063,1366065699664.3162,442391279529.5943,2671623881662.063,0.5113241085472193,0.1655889073930478,0.3230869840597328,75.0,0.0,0.0,0.0,1.0,0.0,2.9700853998204435,June,0,0,0,0,0,1,0,0,0,0,0,0,1
2024-06-10 00:00:00,69654.16073760358,10461044041.080194,3705.8998844045504,2689135476201.3022,1372556186704.501,445276601430.4424,2689135476201.3022,0.5104079726929142,0.1655835510598537,0.3240084762472321,72.0,0.0,0.0,0.0,1.0,0.0,2.9700853998204435,June,0,0,0,0,0,1,0,0,0,0,0,0,1
2024-06-11 00:00:00,69493.17760915738,19335866773.67523,3666.82766472582,2663685674707.254,1369378888543.5315,440506095151.8904,2663685674707.254,0.5140917719933414,0.1653746533739583,0.3205335746327002,74.0,0.0,0.0,0.0,1.0,0.0,2.9700853998204435,June,0,0,0,0,0,1,0,0,0,0,0,0,1
2024-06-12 00:00:00,67329.15232724321,38513044382.60802,3498.55595422158,2568613303586.4004,1327665028180.276,420251663393.7583,2568613303586.4004,0.5168800715648934,0.1636103273338132,0.3195096011012934,72.0,0.0,0.0,0.0,1.0,0.0,2.9700853998204435,June,0,0,0,0,0,1,0,0,0,0,0,0,1
2024-06-13 00:00:00,68224.51967501991,36027809551.45211,3559.4475336257624,2619038427454.4043,1345244310606.6863,427834174694.1308,2619038427454.4043,0.5136405394075135,0.1633554400001559,0.3230040205923304,70.0,0.0,0.0,0.0,1.0,0.0,2.9700853998204435,June,0,0,0,0,0,1,0,0,0,0,0,0,1
2024-06-14 00:00:00,66700.31696564378,29654777884.381138,3465.316584199481,2550841281874.764,1317161415434.6978,417151499335.3688,2550841281874.764,0.5163635326093821,0.1635348707500842,0.3201015966405337,74.0,0.0,0.0,0.0,1.0,0.0,2.9700853998204435,June,0,0,0,0,0,1,0,0,0,0,0,0,1
2024-06-15 00:00:00,66011.07873713733,27966992832.74964,3478.7748349889234,2527105250665.962,1301949410096.3496,418279823088.9498,2527105250665.962,0.5151939792587784,0.165517373278664,0.3192886474625576,74.0,0.0,0.0,0.0,1.0,0.0,2.9700853998204435,June,0,0,0,0,0,1,0,0,0,0,0,0,1
2024-06-16 00:00:00,66190.4874891135,13472726244.723091,3565.1232591862595,2548634535657.888,1304370314917.9756,428318893969.5867,2548634535657.888,0.5117918229030329,0.1680581848738949,0.3201499922230721,71.0,0.0,0.0,0.0,1.0,0.0,2.9700853998204435,June,0,0,0,0,0,1,0,0,0,0,0,0,1
2024-06-17 00:00:00,66615.53782131766,12650130203.722813,3618.508652976102,2571400828427.032,1313849391756.9756,434773902047.7907,2571400828427.032,0.5109469427061974,0.1690805638861635,0.319972493407639,71.0,0.0,0.0,0.0,1.0,0.0,2.9700853998204435,June,0,0,0,0,0,1,0,0,0,0,0,0,1
2024-06-18 00:00:00,66460.38897909952,29409728999.276093,3510.358693528904,2527749628550.808,1309329377372.7744,421162133590.2396,2527749628550.808,0.5179822252109003,0.1666154467330284,0.3154023280560712,74.0,0.0,0.0,0.0,1.0,0.0,2.9700853998204435,June,0,0,0,0,0,1,0,0,0,0,0,0,1
2024-06-19 00:00:00,65109.31481219048,41386972050.31837,3480.4713384276088,2475553933251.352,1282295865979.065,424951660073.25385,2475553933251.352,0.5179834091899256,0.1716592211405102,0.3103573696695642,64.0,0.0,0.0,0.0,1.0,0.0,2.9700853998204435,June,0,0,0,0,0,1,0,0,0,0,0,0,1
2024-06-20 00:00:00,64907.07460760319,21680698980.889107,3555.9658395535403,2491049459104.8486,1278699763341.0725,434492651441.0919,2491049459104.8486,0.5133176937404405,0.1744215273819676,0.3122607788775919,60.0,0.0,0.0,0.0,1.0,0.0,2.9700853998204435,June,0,0,0,0,0,1,0,0,0,0,0,0,1
2024-06-21 00:00:00,64844.67441797763,26001551474.84426,3511.28482815368,2480955966691.6504,1279317116821.3782,429570574514.96106,2480955966691.6504,0.5156549064138953,0.1731471982099676,0.311197895376137,63.0,0.0,0.0,0.0,1.0,0.0,2.9700853998204435,June,0,0,0,0,0,1,0,0,0,0,0,0,1
2024-06-22 00:00:00,64071.624284709695,24694310198.90943,3516.88098000528,2465502992264.163,1263258746635.2896,430070452526.121,2465502992264.163,0.512373641645915,0.1744351776799797,0.3131911806741052,53.0,0.0,0.0,1.0,0.0,0.0,2.9700853998204435,June,0,0,0,0,0,1,0,0,0,0,0,0,1
2024-06-23 00:00:00,64239.90348813148,6340606686.24879,3494.7985621731755,2465597560716.3022,1266336092890.8738,427271533995.0296,2465597560716.3022,0.5136021032252236,0.1732932984695601,0.3131045983052162,55.0,0.0,0.0,0.0,1.0,0.0,2.9700853998204435,June,0,0,0,0,0,1,0,0,0,0,0,0,1
2024-06-24 00:00:00,63221.35738437477,10748270931.518738,3417.797137297825,2417764737842.633,1248188877658.2324,418002114768.76056,2417764737842.633,0.516257375302772,0.1728878365319129,0.310854788165315,51.0,0.0,0.0,1.0,0.0,0.0,2.9700853998204435,June,0,0,0,0,0,1,0,0,0,0,0,0,1
2024-06-25 00:00:00,60363.23497529626,42036553106.89028,3357.1006400727606,2348776563487.889,1188964670369.4043,402843439308.6059,2348776563487.889,0.5062059494513237,0.1715120312297356,0.3222820193189407,30.0,0.0,1.0,0.0,0.0,0.0,2.9700853998204435,June,0,0,0,0,0,1,0,0,0,0,0,0,1
2024-06-26 00:00:00,61770.41387009536,21105562261.648533,3395.304687339692,2402059222262.0864,1217935012739.8113,407935619100.4282,2402059222262.0864,0.5070378787717181,0.1698274610882673,0.3231346601400145,46.0,0.0,1.0,0.0,0.0,0.0,2.9700853998204435,June,0,0,0,0,0,1,0,0,0,0,0,0,1
2024-06-27 00:00:00,60749.89619402014,22908540918.971207,3365.9446697083863,2371843822638.94,1198205485427.564,404420889593.2137,2371843822638.94,0.5051789135485435,0.1705090721965202,0.3243120142549362,40.0,0.0,1.0,0.0,0.0,0.0,2.9700853998204435,June,0,0,0,0,0,1,0,0,0,0,0,0,1
2024-06-28 00:00:00,61562.64532550036,18855138893.067604,3442.910158110125,2414530955049.749,1213931985719.8025,413911406152.8098,2414530955049.749,0.5027609951245336,0.1714251810634921,0.3258138238119742,47.0,0.0,0.0,1.0,0.0,0.0,2.9700853998204435,June,0,0,0,0,0,1,0,0,0,0,0,0,1
2024-06-29 00:00:00,60317.09697945116,24399416695.150173,3374.605130306792,2359706237106.8823,1189569860170.9426,405590219265.0095,2359706237106.8823,0.5041177759607123,0.171881657507624,0.3240005665316636,30.0,0.0,1.0,0.0,0.0,0.0,2.9700853998204435,June,0,0,0,0,0,1,0,0,0,0,0,0,1
2024-06-30 00:00:00,60864.44316193428,11435110883.886797,3371.278227967461,2369867265843.528,1199792912680.844,405186539487.579,2369867265843.528,0.5062700894574326,0.1709743601793484,0.322755550363219,47.0,0.0,0.0,1.0,0.0,0.0,2.9700853998204435,June,0,0,0,0,0,1,0,0,0,0,0,0,1
2024-07-01 00:00:00,62734.39383945474,17373592048.120487,3435.3183276337395,2428909123856.2007,1236676710888.4822,412683392973.9106,2428909123856.2007,0.5091490244497503,0.1699048304939146,0.320946145056335,53.0,0.0,0.0,1.0,0.0,0.0,2.9384633061405374,July,0,0,0,0,0,0,1,0,0,0,0,0,1
2024-07-02 00:00:00,62819.82226921849,25573074910.68969,3438.009078999906,2432380307505.398,1238799172479.871,413087026853.5596,2432380307505.398,0.5092950179942706,0.1698283058693291,0.3208766761364003,51.0,0.0,0.0,1.0,0.0,0.0,2.9384633061405374,July,0,0,0,0,0,0,1,0,0,0,0,0,1
2024-07-03 00:00:00,62042.5650371006,18100530101.689423,3417.8984255478363,2418882191207.217,1222901857941.0586,410850514007.5913,2418882191207.217,0.5055648689243242,0.1698513947893195,0.3245837362863563,50.0,0.0,0.0,1.0,0.0,0.0,2.9384633061405374,July,0,0,0,0,0,0,1,0,0,0,0,0,1
2024-07-04 00:00:00,60244.68076433092,30348692427.02443,3295.808464429979,2337224159558.9487,1186937170314.9272,395971730267.60034,2337224159558.9487,0.5078405361593177,0.169419663342143,0.3227398004985392,44.0,0.0,1.0,0.0,0.0,0.0,2.9384633061405374,July,0,0,0,0,0,0,1,0,0,0,0,0,1
2024-07-05 00:00:00,57189.17412408636,43112005394.93119,3069.0434008340803,2194595798232.819,1130121668991.0515,369571668593.03217,2194595798232.819,0.5149566357053418,0.1684007911117969,0.3166425731828613,29.0,0.0,1.0,0.0,0.0,0.0,2.9384633061405374,July,0,0,0,0,0,0,1,0,0,0,0,0,1
2024-07-06 00:00:00,56739.86285107204,60081357583.2773,2984.398102498264,2173616955154.9456,1118490666778.4585,358878418412.549,2173616955154.9456,0.514575792264524,0.165106560087063,0.320317647648413,26.0,0.0,1.0,0.0,0.0,0.0,2.9384633061405374,July,0,0,0,0,0,0,1,0,0,0,0,0,1
2024-07-07 00:00:00,58230.4841542266,21293913670.91997,3066.247437954064,2251689382355.3228,1147176330416.144,368279414918.9943,2251689382355.3228,0.5094736154132278,0.1635569354303056,0.3269694491564666,29.0,0.0,1.0,0.0,0.0,0.0,2.9384633061405374,July,0,0,0,0,0,0,1,0,0,0,0,0,1
2024-07-08 00:00:00,55880.3753776708,20211914621.326435,2928.6012310061665,2144300677276.1096,1100452083927.7026,350977454882.58325,2144300677276.1096,0.5131985899130523,0.1636792165399245,0.3231221935470231,28.0,0.0,1.0,0.0,0.0,0.0,2.9384633061405374,July,0,0,0,0,0,0,1,0,0,0,0,0,1
2024-07-09 00:00:00,56665.14073352028,41614266908.30467,3016.0833537946064,2192606862659.1875,1117615464651.686,362836336467.4191,2192606862659.1875,0.5097199519371407,0.1654817115857113,0.3247983364771479,27.0,0.0,1.0,0.0,0.0,0.0,2.9384633061405374,July,0,0,0,0,0,0,1,0,0,0,0,0,1
2024-07-10 00:00:00,57988.30351208401,28413854577.26276,3064.0923605197886,2235783770148.644,1144794688186.9604,368733224976.19775,2235783770148.644,0.5120328286983002,0.16492347332483,0.3230436979768697,28.0,0.0,1.0,0.0,0.0,0.0,2.9384633061405374,July,0,0,0,0,0,0,1,0,0,0,0,0,1
2024-07-11 00:00:00,57704.20228446288,25987656347.278587,3099.7101861313545,2239023949044.5786,1139350681822.5857,372867773189.4008,2239023949044.5786,0.5088604265750537,0.1665313912111161,0.3246081822138302,29.0,0.0,1.0,0.0,0.0,0.0,2.9384633061405374,July,0,0,0,0,0,0,1,0,0,0,0,0,1
2024-07-12 00:00:00,57388.19247916668,29196653598.752663,3102.0902302291074,2225186596051.1025,1130276546536.143,372384838887.21234,2225186596051.1025,0.50794686096976,0.1673499379998334,0.3247032010304065,25.0,1.0,0.0,0.0,0.0,0.0,2.9384633061405374,July,0,0,0,0,0,0,1,0,0,0,0,0,1
2024-07-13 00:00:00,57899.28895749592,25504482306.19897,3132.980838609695,2251337130632.5264,1141567375406.1943,376300269815.6458,2251337130632.5264,0.5070619410454374,0.1671452332463072,0.3257928257082553,25.0,1.0,0.0,0.0,0.0,0.0,2.9384633061405374,July,0,0,0,0,0,0,1,0,0,0,0,0,1
2024-07-14 00:00:00,59152.71913887286,16765547593.243273,3173.5042341380185,2294712816503.1045,1168371787725.7102,381711250543.1549,2294712816503.1045,0.5091581740961307,0.166343800321315,0.3244980255825542,33.0,0.0,1.0,0.0,0.0,0.0,2.9384633061405374,July,0,0,0,0,0,0,1,0,0,0,0,0,1
2024-07-15 00:00:00,60942.32773996293,21295520563.65442,3252.654184707363,2344876847192.5547,1204059167828.704,391583812600.5758,2344876847192.5547,0.5134850340947693,0.1669954706019663,0.3195194953032643,52.0,0.0,0.0,1.0,0.0,0.0,2.9384633061405374,July,0,0,0,0,0,0,1,0,0,0,0,0,1
2024-07-16 00:00:00,64835.48973321571,37810068492.86247,3488.538758027717,2499452525079.902,1277806993830.5176,419316550609.6248,2499452525079.902,0.5112347528143865,0.1677633587364177,0.3210018884491957,65.0,0.0,0.0,0.0,1.0,0.0,2.9384633061405374,July,0,0,0,0,0,0,1,0,0,0,0,0,1
2024-07-17 00:00:00,65162.23625234354,40914441633.09575,3446.7658893041003,2498855494388.134,1284899538175.1812,414703698412.0949,2498855494388.134,0.5141952149937344,0.165957455060297,0.3198473299459685,69.0,0.0,0.0,0.0,1.0,0.0,2.9384633061405374,July,0,0,0,0,0,0,1,0,0,0,0,0,1
2024-07-18 00:00:00,64136.31384360687,33459451713.593426,3389.441287038116,2465728644570.286,1266016458007.3477,407908628077.6722,2465728644570.286,0.5134451679406037,0.1654312728109464,0.3211235592484499,61.0,0.0,0.0,0.0,1.0,0.0,2.9384633061405374,July,0,0,0,0,0,0,1,0,0,0,0,0,1
2024-07-19 00:00:00,63959.56900809379,25976148878.63216,3428.5520187667257,2465784965562.9805,1261456293182.2588,412233122047.3164,2465784965562.9805,0.511584063817279,0.1671812943158231,0.3212346418668979,60.0,0.0,0.0,0.0,1.0,0.0,2.9384633061405374,July,0,0,0,0,0,0,1,0,0,0,0,0,1
2024-07-20 00:00:00,66689.54880734957,36994610752.230415,3505.222536388452,2551523408101.799,1316147398343.7175,421392010127.0308,2551523408101.799,0.5158280712473898,0.1651531037453913,0.3190188250072188,74.0,0.0,0.0,0.0,1.0,0.0,2.9384633061405374,July,0,0,0,0,0,0,1,0,0,0,0,0,1
2024-07-21 00:00:00,67206.06470614894,17353396168.041622,3522.8013028122487,2569605652605.118,1325658979467.9998,423550664963.5061,2569605652605.118,0.5158997755644023,0.1648309983028337,0.319269226132764,74.0,0.0,0.0,0.0,1.0,0.0,2.9384633061405374,July,0,0,0,0,0,0,1,0,0,0,0,0,1
2024-07-22 00:00:00,68088.13996324532,27078771827.95196,3533.118349531153,2606335152304.973,1343346742483.077,424780865928.9678,2606335152304.973,0.5154159630218919,0.1629801392017074,0.3216038977764007,70.0,0.0,0.0,0.0,1.0,0.0,2.9384633061405374,July,0,0,0,0,0,0,1,0,0,0,0,0,1
2024-07-23 00:00:00,67607.71339918874,43157593651.80313,3443.073350817144,2561322635713.9966,1333201881091.7786,413961610216.0809,2561322635713.9966,0.5205130593476108,0.1616202521478457,0.3178666885045434,71.0,0.0,0.0,0.0,1.0,0.0,2.9384633061405374,July,0,0,0,0,0,0,1,0,0,0,0,0,1
2024-07-24 00:00:00,65942.41746522837,36100536095.18872,3482.9837705931927,2520598370713.5366,1300963591115.5374,418879212976.8973,2520598370713.5366,0.5161328382304943,0.1661824501054168,0.3176847116640888,69.0,0.0,0.0,0.0,1.0,0.0,2.9384633061405374,July,0,0,0,0,0,0,1,0,0,0,0,0,1
2024-07-25 00:00:00,65403.53513022529,28680123269.715443,3336.380253038244,2485278461575.236,1290447066028.3152,401152738546.7264,2485278461575.236,0.5192364099153683,0.1614115861658677,0.3193520039187639,68.0,0.0,0.0,0.0,1.0,0.0,2.9384633061405374,July,0,0,0,0,0,0,1,0,0,0,0,0,1
2024-07-26 00:00:00,65749.96361965332,35836896135.542854,3173.7633983274727,2460680794680.3784,1297125144853.139,381782355331.5728,2460680794680.3784,0.5271407602551815,0.1551531414220523,0.3177060983227662,68.0,0.0,0.0,0.0,1.0,0.0,2.9384633061405374,July,0,0,0,0,0,0,1,0,0,0,0,0,1
2024-07-27 00:00:00,67920.2964857025,30821370069.20628,3278.1869575279507,2539366197016.792,1339927966898.6016,394189879099.2592,2539366197016.792,0.5276623625504381,0.155231600531797,0.3171060369177649,72.0,0.0,0.0,0.0,1.0,0.0,2.9384633061405374,July,0,0,0,0,0,0,1,0,0,0,0,0,1
2024-07-28 00:00:00,68055.40838968738,30976752616.761925,3254.611672582785,2535234651422.901,1342889431798.832,391424161950.5181,2535234651422.901,0.5296903902150182,0.1543936620347277,0.3159159477502541,71.0,0.0,0.0,0.0,1.0,0.0,2.9384633061405374,July,0,0,0,0,0,0,1,0,0,0,0,0,1
2024-07-29 00:00:00,68242.2474440493,17175244020.36542,3272.8501306701373,2540636587775.792,1346263382369.5552,393579006059.7797,2540636587775.792,0.5298921494113196,0.1549135393678399,0.3151943112208405,74.0,0.0,0.0,0.0,1.0,0.0,2.9384633061405374,July,0,0,0,0,0,0,1,0,0,0,0,0,1
2024-07-30 00:00:00,66770.32091848266,42529043667.45024,3316.942188773212,2508366252400.4214,1317581413497.2551,399239444647.5382,2508366252400.4214,0.5252747330005634,0.1591631382639914,0.3155621287354452,67.0,0.0,0.0,0.0,1.0,0.0,2.9384633061405374,July,0,0,0,0,0,0,1,0,0,0,0,0,1
2024-07-31 00:00:00,66219.05102486102,28892376510.689587,3276.981779516743,2484932679859.7866,1306758338817.987,393942961780.88654,2484932679859.7866,0.5258727326535548,0.1585326495859497,0.3155946177604954,61.0,0.0,0.0,0.0,1.0,0.0,2.9384633061405374,July,0,0,0,0,0,0,1,0,0,0,0,0,1
2024-08-01 00:00:00,64679.77864703252,31403681581.19408,3233.076804863122,2436234724558.665,1275401473742.0508,388633791826.8701,2436234724558.665,0.5235133794314896,0.159522310354259,0.3169643102142514,52.0,0.0,0.0,1.0,0.0,0.0,2.610914032233836,August,0,0,0,0,0,0,0,1,0,0,0,0,1
2024-08-02 00:00:00,65357.52960767435,38911302447.60912,3204.2465237463616,2440471681465.3027,1289157073527.528,385340171208.7556,2440471681465.3027,0.5282409475669454,0.1578957765153786,0.313863275917676,57.0,0.0,0.0,0.0,1.0,0.0,2.610914032233836,August,0,0,0,0,0,0,0,1,0,0,0,0,1
2024-08-03 00:00:00,61407.29547397454,39004321616.3716,2983.300976694291,2293120321787.64,1211854070245.47,358543505038.73834,2293120321787.64,0.5284738261360612,0.15635616745973,0.3151700064042088,37.0,0.0,1.0,0.0,0.0,0.0,2.610914032233836,August,0,0,0,0,0,0,0,1,0,0,0,0,1
2024-08-04 00:00:00,60738.7449250574,32885545023.71265,2906.7150241765007,2248752196679.2144,1197962170718.7737,349395441871.3061,2248752196679.2144,0.5327230685923655,0.1553730297127743,0.3119039016948601,34.0,0.0,1.0,0.0,0.0,0.0,2.610914032233836,August,0,0,0,0,0,0,0,1,0,0,0,0,1
2024-08-05 00:00:00,58006.206586686734,33664501541.451115,2682.4373928187924,2143089980521.9824,1147854905921.6433,323403607818.7498,2143089980521.9824,0.5356074249584545,0.1509052866459577,0.3134872883955877,26.0,0.0,1.0,0.0,0.0,0.0,2.610914032233836,August,0,0,0,0,0,0,0,1,0,0,0,0,1
2024-08-06 00:00:00,53956.26184159744,120245972389.37172,2415.6311394312143,1992211977593.0327,1064889039013.8289,291245061884.5607,1992211977593.0327,0.5345259696211723,0.146191803462822,0.3192822269160056,17.0,1.0,0.0,0.0,0.0,0.0,2.610914032233836,August,0,0,0,0,0,0,0,1,0,0,0,0,1
2024-08-07 00:00:00,55959.84107399357,52620100833.47091,2455.51137665051,2064872266524.0483,1104019419316.6863,295168597349.07764,2064872266524.0483,0.5346671739531683,0.1429476302889944,0.3223851957578372,29.0,0.0,1.0,0.0,0.0,0.0,2.610914032233836,August,0,0,0,0,0,0,0,1,0,0,0,0,1
2024-08-08 00:00:00,55099.95181146735,41605918903.41173,2341.590346028249,2027177751410.4607,1088566703585.4304,282098261495.40393,2027177751410.4607,0.5369863115496568,0.1391581282396804,0.3238555602106627,20.0,1.0,0.0,0.0,0.0,0.0,2.610914032233836,August,0,0,0,0,0,0,0,1,0,0,0,0,1
2024-08-09 00:00:00,61859.03159904161,49201548320.290726,2685.012750687489,2249398464560.7554,1218342891278.6091,322827381254.3183,2249398464560.7554,0.5416305338843189,0.1435172053064228,0.3148522608092582,48.0,0.0,0.0,1.0,0.0,0.0,2.610914032233836,August,0,0,0,0,0,0,0,1,0,0,0,0,1
2024-08-10 00:00:00,60912.588533350805,33804208928.47938,2602.184071276188,2216638153862.4004,1198300504959.2505,312353537574.9063,2216638153862.4004,0.5405936475789976,0.1409131828894324,0.3184931695315699,40.0,0.0,1.0,0.0,0.0,0.0,2.610914032233836,August,0,0,0,0,0,0,0,1,0,0,0,0,1
2024-08-11 00:00:00,60887.70861641504,13418919090.197285,2608.0357436286963,2223527079397.683,1201818989571.278,313697482213.2365,2223527079397.683,0.5405011707331359,0.141081026230727,0.3184178030361371,39.0,0.0,1.0,0.0,0.0,0.0,2.610914032233836,August,0,0,0,0,0,0,0,1,0,0,0,0,1
2024-08-12 00:00:00,58804.23449992608,21715994493.45689,2558.790870730736,2143832077244.8545,1159146815397.6223,307740266021.366,2143832077244.8545,0.5406891834957986,0.1435468147378681,0.3157640017663332,25.0,1.0,0.0,0.0,0.0,0.0,2.610914032233836,August,0,0,0,0,0,0,0,1,0,0,0,0,1
2024-08-13 00:00:00,59350.07433270696,39403296385.84335,2726.777988551933,2198106130568.116,1171441797233.8909,328070186437.41003,2198106130568.116,0.5329323188462805,0.1492512949557253,0.3178163861979942,31.0,0.0,1.0,0.0,0.0,0.0,2.610914032233836,August,0,0,0,0,0,0,0,1,0,0,0,0,1
2024-08-14 00:00:00,60601.22317789727,31955576195.24629,2703.550558764125,2225519262484.355,1195798013190.8457,325002180894.27686,2225519262484.355,0.5373119133805978,0.1460343149452122,0.3166537716741899,30.0,0.0,1.0,0.0,0.0,0.0,2.610914032233836,August,0,0,0,0,0,0,0,1,0,0,0,0,1
2024-08-15 00:00:00,58739.19382231015,28079911397.67297,2662.780395092489,2177211282146.1443,1159479277227.7532,320231285058.06165,2177211282146.1443,0.5325524843343723,0.1470832379402332,0.3203642777253944,29.0,0.0,1.0,0.0,0.0,0.0,2.610914032233836,August,0,0,0,0,0,0,0,1,0,0,0,0,1
2024-08-16 00:00:00,57624.11692852191,33490251842.381622,2569.8604812159274,2129839403101.3003,1137141836825.8655,309002097789.9878,2129839403101.3003,0.5339096624703493,0.14508234627458,0.3210079912550706,27.0,0.0,1.0,0.0,0.0,0.0,2.610914032233836,August,0,0,0,0,0,0,0,1,0,0,0,0,1
2024-08-17 00:00:00,58881.92579151217,30368238897.20717,2592.249006212312,2159352360963.224,1162716063850.1133,311786461030.4448,2159352360963.224,0.5384559207981507,0.1443888763440933,0.3171552028577559,25.0,1.0,0.0,0.0,0.0,0.0,2.610914032233836,August,0,0,0,0,0,0,0,1,0,0,0,0,1
2024-08-18 00:00:00,59430.79163445865,12467437134.05582,2613.139261446099,2183520948970.7285,1173270497431.1711,314212508914.4149,2183520948970.7285,0.537329627171303,0.143901760623148,0.318768612205549,31.0,0.0,1.0,0.0,0.0,0.0,2.610914032233836,August,0,0,0,0,0,0,0,1,0,0,0,0,1
2024-08-19 00:00:00,58438.29374268541,17656027563.72502,2614.601280626372,2160339626670.142,1156217205294.1643,314682052511.7037,2160339626670.142,0.5352015909999807,0.1456632321264881,0.3191351768735312,28.0,0.0,1.0,0.0,0.0,0.0,2.610914032233836,August,0,0,0,0,0,0,0,1,0,0,0,0,1
2024-08-20 00:00:00,59574.94581294088,24031330179.25896,2640.5904207330605,2196063770401.1675,1176063402361.815,317616756579.9527,2196063770401.1675,0.535532445921175,0.1446300243466663,0.3198375297321587,30.0,0.0,1.0,0.0,0.0,0.0,2.610914032233836,August,0,0,0,0,0,0,0,1,0,0,0,0,1
2024-08-21 00:00:00,59060.12610074137,31470716090.619144,2575.643435503567,2182734349394.3752,1166088863323.0896,309867213669.31934,2182734349394.3752,0.5342330658087798,0.1419628612869429,0.3238040729042772,26.0,0.0,1.0,0.0,0.0,0.0,2.610914032233836,August,0,0,0,0,0,0,0,1,0,0,0,0,1
2024-08-22 00:00:00,61144.68762866613,32960965010.60808,2630.2988017642488,2244981134767.5776,1207099049402.5117,316360729845.1586,2244981134767.5776,0.5376878365294069,0.1409191039273082,0.3213930595432849,39.0,0.0,1.0,0.0,0.0,0.0,2.610914032233836,August,0,0,0,0,0,0,0,1,0,0,0,0,1
2024-08-23 00:00:00,60387.54062321362,28170302505.847404,2623.289171364539,2235371491554.642,1192308382713.838,315630604929.4857,2235371491554.642,0.5333826557323672,0.1411982778352304,0.3254190664324023,34.0,0.0,1.0,0.0,0.0,0.0,2.610914032233836,August,0,0,0,0,0,0,0,1,0,0,0,0,1
2024-08-24 00:00:00,64049.68561555576,45038665759.42134,2763.2554073640704,2359090681364.55,1261916434075.0183,332181161792.2442,2359090681364.55,0.5349164591439521,0.1408089839090472,0.3242745569470006,56.0,0.0,0.0,0.0,1.0,0.0,2.610914032233836,August,0,0,0,0,0,0,0,1,0,0,0,0,1
2024-08-25 00:00:00,64157.1606134782,22029153446.35436,2767.840733546234,2366807542626.262,1264961887998.9824,332950073030.8183,2366807542626.262,0.5344591248831971,0.1406747557772988,0.324866119339504,54.0,0.0,0.0,1.0,0.0,0.0,2.610914032233836,August,0,0,0,0,0,0,0,1,0,0,0,0,1
2024-08-26 00:00:00,64265.81631272862,17875230147.044323,2745.164671605207,2357294058726.541,1269291077270.1145,330332547375.3104,2357294058726.541,0.538452584042829,0.1401320917738039,0.321415324183367,55.0,0.0,0.0,0.0,1.0,0.0,2.610914032233836,August,0,0,0,0,0,0,0,1,0,0,0,0,1
2024-08-27 00:00:00,62922.58634676265,17894692681.091812,2683.0801154902983,2299326901529.0425,1242487823611.2612,322816645099.5817,2299326901529.0425,0.5403702373877382,0.1403961502320135,0.3192336123802483,48.0,0.0,0.0,1.0,0.0,0.0,2.610914032233836,August,0,0,0,0,0,0,0,1,0,0,0,0,1
2024-08-28 00:00:00,59526.560879590994,38131727427.91789,2457.2773517547434,2177931382010.5027,1176762244308.0742,295636169778.93835,2177931382010.5027,0.5403119005621636,0.1357417282384853,0.3239463711993511,30.0,0.0,1.0,0.0,0.0,0.0,2.610914032233836,August,0,0,0,0,0,0,0,1,0,0,0,0,1
2024-08-29 00:00:00,59015.29633887944,42018989572.42786,2527.0269814017706,2174964802589.8352,1166032395735.947,303958449107.31573,2174964802589.8352,0.5361155244202095,0.1397532726715291,0.3241312029082613,29.0,0.0,1.0,0.0,0.0,0.0,2.610914032233836,August,0,0,0,0,0,0,0,1,0,0,0,0,1
2024-08-30 00:00:00,59351.5794909728,32563333956.986053,2526.738355300341,2180330110541.573,1171762256043.917,304106394048.1237,2180330110541.573,0.537424241576365,0.1394772252962128,0.3230985331274221,34.0,0.0,1.0,0.0,0.0,0.0,2.610914032233836,August,0,0,0,0,0,0,0,1,0,0,0,0,1
2024-08-31 00:00:00,59156.24603646356,44038496614.94759,2527.690204915795,2173325941374.045,1168247205700.9673,304009556580.61725,2173325941374.045,0.5375388861195687,0.1398821735815718,0.3225789402988595,29.0,0.0,1.0,0.0,0.0,0.0,2.610914032233836,August,0,0,0,0,0,0,0,1,0,0,0,0,1
2024-09-01 00:00:00,58960.23658664587,11399086336.303324,2513.3643501004462,2163131828676.8225,1164278309271.2642,302383496015.1365,2163131828676.8225,0.5382373343299413,0.139789675324644,0.3219729903454147,26.0,0.0,1.0,0.0,0.0,0.0,2.432541464144644,September,0,0,0,0,0,0,0,0,1,0,0,0,1
2024-09-02 00:00:00,57357.71617282246,25465621877.97047,2430.0202661439344,2099511893753.862,1133133027660.6194,292436067877.0585,2099511893753.862,0.5397126022632873,0.1392876452603428,0.3209997524763698,26.0,0.0,1.0,0.0,0.0,0.0,2.432541464144644,September,0,0,0,0,0,0,0,0,1,0,0,0,1
2024-09-03 00:00:00,59108.73235863689,28012782290.96625,2534.9048168403706,2166817587657.3408,1168410293915.9832,304838837601.64795,2166817587657.3408,0.5392287290686117,0.1406850485883424,0.3200862223430458,26.0,0.0,1.0,0.0,0.0,0.0,2.432541464144644,September,0,0,0,0,0,0,0,0,1,0,0,0,1
2024-09-04 00:00:00,57504.53858622044,26829983370.35861,2437.1471557556497,2099701297362.5293,1137361604370.578,293818299349.5953,2099701297362.5293,0.5416778118864989,0.1399333799139265,0.3183888081995746,27.0,0.0,1.0,0.0,0.0,0.0,2.432541464144644,September,0,0,0,0,0,0,0,0,1,0,0,0,1
2024-09-05 00:00:00,57987.84601410068,37550380696.7459,2448.30785784089,2117737178059.0469,1144983177152.221,294329412026.3932,2117737178059.0469,0.5406634916810704,0.1389829744105227,0.3203535339084068,29.0,0.0,1.0,0.0,0.0,0.0,2.432541464144644,September,0,0,0,0,0,0,0,0,1,0,0,0,1
2024-09-06 00:00:00,56132.4047320886,30005773445.69372,2367.7700509506026,2063169801226.424,1109212553022.4158,284989115168.67084,2063169801226.424,0.5376254307149413,0.1381316821326402,0.3242428871524185,22.0,1.0,0.0,0.0,0.0,0.0,2.432541464144644,September,0,0,0,0,0,0,0,0,1,0,0,0,1
2024-09-07 00:00:00,53923.35611071905,50260816556.81667,2223.780428382685,1986075121834.078,1065462041080.5197,267574522057.00296,1986075121834.078,0.5364661333135269,0.1347252775664932,0.3288085891199799,23.0,1.0,0.0,0.0,0.0,0.0,2.432541464144644,September,0,0,0,0,0,0,0,0,1,0,0,0,1
2024-09-08 00:00:00,54150.9383589072,17048448412.007126,2272.6972849951912,2004566522904.2048,1068954727890.204,273350308345.93225,2004566522904.2048,0.5332597924171198,0.1363637999650437,0.3303764076178364,29.0,0.0,1.0,0.0,0.0,0.0,2.432541464144644,September,0,0,0,0,0,0,0,0,1,0,0,0,1
2024-09-09 00:00:00,54792.40755768575,18644823662.23431,2296.4029520764498,2031366829689.132,1085390277573.522,276344419515.7602,2031366829689.132,0.5343152510468154,0.1360386590333614,0.3296460899198231,26.0,0.0,1.0,0.0,0.0,0.0,2.432541464144644,September,0,0,0,0,0,0,0,0,1,0,0,0,1
2024-09-10 00:00:00,57049.11875114327,35655419448.07046,2359.565766831627,2100495027499.9287,1126840069631.8132,284026097136.9972,2100495027499.9287,0.5364640500829996,0.1352186477085134,0.328317302208487,33.0,0.0,1.0,0.0,0.0,0.0,2.432541464144644,September,0,0,0,0,0,0,0,0,1,0,0,0,1
2024-09-11 00:00:00,57624.16178336144,29676093302.30697,2389.4740111256497,2122853143325.6409,1137928777838.5286,287422889605.8082,2122853143325.6409,0.536037446309574,0.1353946176208564,0.3285679360695696,37.0,0.0,1.0,0.0,0.0,0.0,2.432541464144644,September,0,0,0,0,0,0,0,0,1,0,0,0,1
2024-09-12 00:00:00,57381.76444500048,37765652735.2964,2342.9639236941434,2104859818645.9587,1134292554478.847,282041230807.9828,2104859818645.9587,0.5388922076571014,0.1339952562681432,0.3271125360747553,31.0,0.0,1.0,0.0,0.0,0.0,2.432541464144644,September,0,0,0,0,0,0,0,0,1,0,0,0,1
2024-09-13 00:00:00,58106.95122981528,34177859933.02337,2362.300238174588,2136380626443.6785,1148469900814.253,284255194234.77527,2136380626443.6785,0.5375773804530567,0.1330545646765015,0.3293680548704417,32.0,0.0,1.0,0.0,0.0,0.0,2.432541464144644,September,0,0,0,0,0,0,0,0,1,0,0,0,1
2024-09-14 00:00:00,60620.62747295754,31919740723.76027,2445.08621032297,2208246500658.981,1197832322916.0117,294131761890.3451,2208246500658.981,0.5424359656218437,0.1331969785993415,0.3243670557788147,50.0,0.0,0.0,1.0,0.0,0.0,2.432541464144644,September,0,0,0,0,0,0,0,0,1,0,0,0,1
2024-09-15 00:00:00,60003.29940083042,15800120841.166773,2418.0828083179904,2190813773926.8413,1185255944124.8464,290912717943.81995,2190813773926.8413,0.5410117273456699,0.1327875154912799,0.3262007571630501,51.0,0.0,0.0,1.0,0.0,0.0,2.432541464144644,September,0,0,0,0,0,0,0,0,1,0,0,0,1
2024-09-16 00:00:00,59214.80226801806,17289597542.866756,2322.6433317480564,2148552379630.5688,1169677517083.0613,279257769574.61383,2148552379630.5688,0.544402607156443,0.1299748482848859,0.3256225445586711,39.0,0.0,1.0,0.0,0.0,0.0,2.432541464144644,September,0,0,0,0,0,0,0,0,1,0,0,0,1
2024-09-17 00:00:00,58211.123231286256,32196570894.402115,2295.1348386540835,2117082212091.608,1150499194409.9338,276339513490.21936,2117082212091.608,0.5434362387246541,0.130528475423354,0.3260352858519919,33.0,0.0,1.0,0.0,0.0,0.0,2.432541464144644,September,0,0,0,0,0,0,0,0,1,0,0,0,1
2024-09-18 00:00:00,60317.0319794625,34191170117.78261,2341.0924132597524,2174353106955.6404,1191818552363.611,281704536557.3961,2174353106955.6404,0.5481255774653375,0.1295578605223954,0.322316562012267,45.0,0.0,1.0,0.0,0.0,0.0,2.432541464144644,September,0,0,0,0,0,0,0,0,1,0,0,0,1
2024-09-19 00:00:00,61440.41208494509,40445339415.1129,2361.960992100706,2218264284040.026,1211837853548.9265,283874122378.3681,2218264284040.026,0.5463000338903984,0.1279712811592317,0.3257286849503699,49.0,0.0,0.0,1.0,0.0,0.0,2.432541464144644,September,0,0,0,0,0,0,0,0,1,0,0,0,1
2024-09-20 00:00:00,62966.52931910512,41959080716.28771,2465.2347833172967,2270535028368.2256,1243871590271.493,296680606397.51587,2270535028368.2256,0.5478319315625935,0.1306655051301862,0.3215025633072203,54.0,0.0,0.0,1.0,0.0,0.0,2.432541464144644,September,0,0,0,0,0,0,0,0,1,0,0,0,1
2024-09-21 00:00:00,63128.224540748255,35587830476.533394,2557.6218555442515,2297985913999.4136,1246475981189.1353,307586864690.1545,2297985913999.4136,0.5424210712500709,0.133850631031428,0.3237282977185011,54.0,0.0,0.0,1.0,0.0,0.0,2.432541464144644,September,0,0,0,0,0,0,0,0,1,0,0,0,1
2024-09-22 00:00:00,63403.40234925936,12938083115.659332,2614.599604753501,2320569375133.292,1254104417392.48,315153052833.9301,2320569375133.292,0.5404296164687794,0.1358085029523532,0.3237618805788674,52.0,0.0,0.0,1.0,0.0,0.0,2.432541464144644,September,0,0,0,0,0,0,0,0,1,0,0,0,1
2024-09-23 00:00:00,63582.59956924825,20349365412.816723,2582.847683741262,2313756684521.726,1255899286380.1958,310840922229.8413,2313756684521.726,0.5427966107161355,0.1343446890112798,0.3228587002725846,50.0,0.0,0.0,1.0,0.0,0.0,2.432541464144644,September,0,0,0,0,0,0,0,0,1,0,0,0,1
2024-09-24 00:00:00,63327.02654450202,23998847798.757656,2647.993162203325,2326850111036.408,1251095079247.0432,318666137823.1156,2326850111036.408,0.5376775552980462,0.1369517255587974,0.3253707191431563,54.0,0.0,0.0,1.0,0.0,0.0,2.432541464144644,September,0,0,0,0,0,0,0,0,1,0,0,0,1
2024-09-25 00:00:00,64334.14274876097,31490984593.70592,2653.844345308008,2359305830319.501,1271183646356.5713,319524635350.52515,2359305830319.501,0.538795619465928,0.1354316304585466,0.3257727500755253,59.0,0.0,0.0,0.0,1.0,0.0,2.432541464144644,September,0,0,0,0,0,0,0,0,1,0,0,0,1
2024-09-26 00:00:00,63151.89959401337,26087643765.748165,2578.566359563475,2318016468723.0933,1245721254991.302,309875035203.6359,2318016468723.0933,0.5374082849711255,0.1336811189155762,0.3289105961132983,50.0,0.0,0.0,1.0,0.0,0.0,2.432541464144644,September,0,0,0,0,0,0,0,0,1,0,0,0,1
2024-09-27 00:00:00,65130.76884023231,37995568903.94455,2630.94983700893,2388831282789.241,1287151352432.846,316828988137.27673,2388831282789.241,0.5388205360949332,0.1326292863041134,0.3285501776009534,61.0,0.0,0.0,0.0,1.0,0.0,2.432541464144644,September,0,0,0,0,0,0,0,0,1,0,0,0,1
2024-09-28 00:00:00,65791.00212541742,32664917503.931107,2698.192821234604,2422827081266.1416,1299708226182.0725,324681649929.6723,2422827081266.1416,0.5364428341715827,0.134009419178193,0.3295477466502243,64.0,0.0,0.0,0.0,1.0,0.0,2.432541464144644,September,0,0,0,0,0,0,0,0,1,0,0,0,1
2024-09-29 00:00:00,65934.10709441357,15342911002.84781,2680.218702062471,2417511856913.7485,1303217687717.8518,322761939149.4107,2417511856913.7485,0.5390739590338843,0.1335099715132136,0.327416069452902,63.0,0.0,0.0,0.0,1.0,0.0,2.432541464144644,September,0,0,0,0,0,0,0,0,1,0,0,0,1
2024-09-30 00:00:00,65663.68986662335,12948707838.93838,2659.611211611689,2411084769844.1504,1297825615076.3352,320146112155.9396,2411084769844.1504,0.5382745689029528,0.1327809441459967,0.3289444869510505,61.0,0.0,0.0,0.0,1.0,0.0,2.432541464144644,September,0,0,0,0,0,0,0,0,1,0,0,0,1
2024-10-01 00:00:00,63243.27532464382,35124446789.27111,2597.3411516834435,2333118454680.0933,1249577803402.171,312577514239.3695,2333118454680.0933,0.5355826665789704,0.1339741296085323,0.3304432038124973,50.0,0.0,0.0,1.0,0.0,0.0,2.5714034967967203,October,0,0,0,0,0,0,0,0,0,1,0,0,1
2024-10-02 00:00:00,60872.66854372554,54251488433.95029,2451.631522589772,2233437390739.1577,1202927109017.5488,295243912099.71765,2233437390739.1577,0.5385989837930667,0.1321926073790707,0.3292084088278625,42.0,0.0,1.0,0.0,0.0,0.0,2.5714034967967203,October,0,0,0,0,0,0,0,0,0,1,0,0,1
2024-10-03 00:00:00,60655.55979196848,41870731291.86736,2365.231040243019,2206534566841.396,1198652098493.4895,284621591999.18945,2206534566841.396,0.5432283348315421,0.1289903164338906,0.3277813487345673,37.0,0.0,1.0,0.0,0.0,0.0,2.5714034967967203,October,0,0,0,0,0,0,0,0,0,1,0,0,1
2024-10-04 00:00:00,60727.86395169296,37711138441.76231,2348.00483692474,2201800998879.5347,1200491237695.5154,282601960212.3656,2201800998879.5347,0.545231489270115,0.1283503642500742,0.3264181464798107,41.0,0.0,1.0,0.0,0.0,0.0,2.5714034967967203,October,0,0,0,0,0,0,0,0,0,1,0,0,1
2024-10-05 00:00:00,62103.01047283253,30349059838.68457,2416.918405555264,2256956845585.924,1226663492771.043,290928251441.44226,2256956845585.924,0.543503299662157,0.1289028862073412,0.3275938141305017,49.0,0.0,0.0,1.0,0.0,0.0,2.5714034967967203,October,0,0,0,0,0,0,0,0,0,1,0,0,1
2024-10-06 00:00:00,62091.932585194016,11095453162.990671,2415.4038137445546,2256190432054.051,1226761949791.163,290706276902.6144,2256190432054.051,0.5437315628868752,0.1288482890329224,0.3274201480802024,50.0,0.0,0.0,1.0,0.0,0.0,2.5714034967967203,October,0,0,0,0,0,0,0,0,0,1,0,0,1
2024-10-07 00:00:00,62811.79972811266,14592422860.685436,2438.030912544012,2285612691940.844,1241834324867.657,293516242471.9333,2285612691940.844,0.5433266665198401,0.1284190639590349,0.328254269521125,50.0,0.0,0.0,1.0,0.0,0.0,2.5714034967967203,October,0,0,0,0,0,0,0,0,0,1,0,0,1
2024-10-08 00:00:00,62287.39010510681,33878876147.30253,2422.7506412955013,2265205143374.8364,1231091696620.0957,291612805733.03143,2265205143374.8364,0.5434791194169472,0.128735715873649,0.3277851647094038,49.0,0.0,0.0,1.0,0.0,0.0,2.5714034967967203,October,0,0,0,0,0,0,0,0,0,1,0,0,1
2024-10-09 00:00:00,62185.230423727575,28626429276.55382,2441.465169620029,2265692885615.493,1229717180592.4397,294190554781.40424,2265692885615.493,0.5427554583411147,0.1298457335719113,0.3273988080869739,49.0,0.0,0.0,1.0,0.0,0.0,2.5714034967967203,October,0,0,0,0,0,0,0,0,0,1,0,0,1
2024-10-10 00:00:00,60597.15045618275,28530748117.898792,2367.615096789395,2212791310100.406,1197736450280.4102,285084590935.4484,2212791310100.406,0.5412785402822567,0.1288348294003887,0.3298866303173545,39.0,0.0,1.0,0.0,0.0,0.0,2.5714034967967203,October,0,0,0,0,0,0,0,0,0,1,0,0,1
2024-10-11 00:00:00,60195.18073772453,29481971885.649742,2381.7817088014776,2209763722149.846,1189691671375.1472,286552629874.8065,2209763722149.846,0.5383795830523066,0.1296756874965907,0.3319447294511027,32.0,0.0,1.0,0.0,0.0,0.0,2.5714034967967203,October,0,0,0,0,0,0,0,0,0,1,0,0,1
2024-10-12 00:00:00,62392.34048293159,32008659336.482643,2435.713784369216,2278790173237.0625,1233357176570.333,293162664953.97815,2278790173237.0625,0.5412333224249106,0.1286483803541838,0.3301182972209055,49.0,0.0,0.0,1.0,0.0,0.0,2.5714034967967203,October,0,0,0,0,0,0,0,0,0,1,0,0,1
2024-10-13 00:00:00,63207.77062127557,17665963646.417107,2477.6130275578225,2308247269873.5176,1249002272717.2275,298282533565.2097,2308247269873.5176,0.5411041914871052,0.1292246881251827,0.329671120387712,50.0,0.0,0.0,1.0,0.0,0.0,2.5714034967967203,October,0,0,0,0,0,0,0,0,0,1,0,0,1
2024-10-14 00:00:00,62829.533686088886,16784552979.060465,2466.8607267086663,2297048460565.243,1241241970951.0295,296977636559.92773,2297048460565.243,0.5403638592133109,0.1292866222277476,0.3303495185589415,48.0,0.0,0.0,1.0,0.0,0.0,2.5714034967967203,October,0,0,0,0,0,0,0,0,0,1,0,0,1
2024-10-15 00:00:00,66049.99492708022,46553796134.14602,2628.504376157751,2406724858961.133,1306085613997.8015,316451494816.54065,2406724858961.133,0.5426817316216095,0.1314863614917484,0.3258319068866421,65.0,0.0,0.0,0.0,1.0,0.0,2.5714034967967203,October,0,0,0,0,0,0,0,0,0,1,0,0,1
2024-10-16 00:00:00,66962.21994496793,51797932876.82809,2602.0760435960988,2416733585732.765,1323774576161.621,313216116600.22363,2416733585732.765,0.54775362248307,0.1296030801447462,0.3226432973721836,73.0,0.0,0.0,0.0,1.0,0.0,2.5714034967967203,October,0,0,0,0,0,0,0,0,0,1,0,0,1
2024-10-17 00:00:00,67647.54414766871,40640495380.19594,2611.700159182395,2426756367511.4204,1337304399194.887,314435102932.4304,2426756367511.4204,0.5510666077148322,0.129570115542697,0.3193632767424708,71.0,0.0,0.0,0.0,1.0,0.0,2.5714034967967203,October,0,0,0,0,0,0,0,0,0,1,0,0,1
2024-10-18 00:00:00,67328.10527002988,34512072357.92087,2603.120292334612,2411727558856.152,1330387728623.8188,313194633306.5954,2411727558856.152,0.5516326766422999,0.129863189627911,0.3185041337297891,73.0,0.0,0.0,0.0,1.0,0.0,2.5714034967967203,October,0,0,0,0,0,0,0,0,0,1,0,0,1
2024-10-19 00:00:00,68465.61920668735,39984956633.22804,2643.156520987104,2452946860172.242,1353541799303.4875,318245706033.605,2452946860172.242,0.551802332647534,0.1297401550766812,0.3184575122757848,72.0,0.0,0.0,0.0,1.0,0.0,2.5714034967967203,October,0,0,0,0,0,0,0,0,0,1,0,0,1
2024-10-20 00:00:00,68388.87128965274,14110889435.452633,2649.979289580214,2455046343284.846,1351942347611.1997,318975355966.1185,2455046343284.846,0.5506789520731833,0.1299264092666089,0.3193946386602078,73.0,0.0,0.0,0.0,1.0,0.0,2.5714034967967203,October,0,0,0,0,0,0,0,0,0,1,0,0,1
2024-10-21 00:00:00,68962.82918045693,17253863432.786995,2742.9591411600395,2497268065552.143,1362381684459.9053,330127637903.2564,2497268065552.143,0.5455488352463612,0.1321955149537643,0.3222556497998745,72.0,0.0,0.0,0.0,1.0,0.0,2.5714034967967203,October,0,0,0,0,0,0,0,0,0,1,0,0,1
2024-10-22 00:00:00,67394.85775735618,40485496091.95008,2665.731938974013,2440464522394.098,1332326858574.4448,320871813296.62164,2440464522394.098,0.5459316643814313,0.1314798106476246,0.3225885249709441,70.0,0.0,0.0,0.0,1.0,0.0,2.5714034967967203,October,0,0,0,0,0,0,0,0,0,1,0,0,1
2024-10-23 00:00:00,67351.04793512498,31398389967.38113,2619.5653130506435,2433650125253.477,1331426858508.4004,315286963217.6233,2433650125253.477,0.547090497805113,0.1295531185629177,0.3233563836319693,71.0,0.0,0.0,0.0,1.0,0.0,2.5714034967967203,October,0,0,0,0,0,0,0,0,0,1,0,0,1
2024-10-24 00:00:00,66683.96806542306,32676918488.059,2524.10385630912,2396894674356.389,1318285437546.2786,303758669310.65466,2396894674356.389,0.5499972325234787,0.1267300864574783,0.3232726810190429,69.0,0.0,0.0,0.0,1.0,0.0,2.5714034967967203,October,0,0,0,0,0,0,0,0,0,1,0,0,1
2024-10-25 00:00:00,68214.05205157402,35892606570.03549,2536.234041319884,2438941310165.6475,1347888109010.5889,305016120148.3843,2438941310165.6475,0.5526529496189654,0.125060869188225,0.3222861811928095,72.0,0.0,0.0,0.0,1.0,0.0,2.5714034967967203,October,0,0,0,0,0,0,0,0,0,1,0,0,1
2024-10-26 00:00:00,66585.66535501445,48426924850.053406,2422.09328922875,2358830621371.2246,1313975091942.221,290598017399.4684,2358830621371.2246,0.5570451222896144,0.1231957965809937,0.3197590811293918,72.0,0.0,0.0,0.0,1.0,0.0,2.5714034967967203,October,0,0,0,0,0,0,0,0,0,1,0,0,1
2024-10-27 00:00:00,67018.1650170265,21169467789.89267,2479.373603244332,2384073927949.037,1325192118637.2595,298518432454.89374,2384073927949.037,0.5558519402866383,0.1252135803992043,0.3189344793141573,74.0,0.0,0.0,0.0,1.0,0.0,2.5714034967967203,October,0,0,0,0,0,0,0,0,0,1,0,0,1
2024-10-28 00:00:00,67938.55412885673,16533385730.434193,2505.502947138879,2415672510494.5933,1343350549900.1233,301656245036.7335,2415672510494.5933,0.5560979578415954,0.124874644110998,0.3190273980474065,72.0,0.0,0.0,0.0,1.0,0.0,2.5714034967967203,October,0,0,0,0,0,0,0,0,0,1,0,0,1
2024-10-29 00:00:00,69845.304531169,41990540384.96554,2564.8138556783,2471930927576.5063,1380874923096.4146,308760527470.31,2471930927576.5063,0.5586219694456557,0.1249066161298529,0.3164714144244914,72.0,0.0,0.0,0.0,1.0,0.0,2.5714034967967203,October,0,0,0,0,0,0,0,0,0,1,0,0,1
2024-10-30 00:00:00,72781.11308158132,65487782004.97014,2638.637351278122,2552185544878.1724,1439310420089.3665,317633905084.8851,2552185544878.1724,0.5639521088025249,0.1244556477182176,0.3115922434792575,77.0,0.0,0.0,0.0,0.0,1.0,2.5714034967967203,October,0,0,0,0,0,0,0,0,0,1,0,0,1
2024-10-31 00:00:00,72342.62171127986,43498144313.67304,2657.6141818494384,2541578796031.82,1431085552900.1963,320125387602.99,2541578796031.82,0.5630695200693985,0.1259553267059055,0.3109751532246959,77.0,0.0,0.0,0.0,0.0,1.0,2.5714034967967203,October,0,0,0,0,0,0,0,0,0,1,0,0,1
2024-11-01 00:00:00,70264.99735573279,45907074188.57015,2514.750787241073,2455620872007.724,1390195908292.932,302903644448.69275,2455620872007.724,0.5661280713729652,0.123351144267249,0.3105207843597857,75.0,0.0,0.0,0.0,1.0,0.0,2.7141684004842848,November,0,0,0,0,0,0,0,0,0,0,1,0,1
2024-11-02 00:00:00,69507.92256395647,54863092261.31101,2513.8372870612066,2437848060473.493,1374687306836.925,302633410028.4328,2437848060473.493,0.5638937590597526,0.1241395700311419,0.3119666709091054,72.0,0.0,0.0,0.0,1.0,0.0,2.7141684004842848,November,0,0,0,0,0,0,0,0,0,0,1,0,1
2024-11-03 00:00:00,69299.16036699413,14709379754.965973,2491.352150058657,2424383116594.37,1370516856365.7996,299972542553.578,2424383116594.37,0.5653053954158123,0.123731492972514,0.3109631116116736,74.0,0.0,0.0,0.0,1.0,0.0,2.7141684004842848,November,0,0,0,0,0,0,0,0,0,0,1,0,1
2024-11-04 00:00:00,68803.50626277467,37659435506.75704,2456.979687344711,2393862685467.096,1362302032218.0198,296080479788.8104,2393862685467.096,0.5690811091581905,0.1236831509118237,0.3072357399299857,70.0,0.0,0.0,0.0,1.0,0.0,2.7141684004842848,November,0,0,0,0,0,0,0,0,0,0,1,0,1
2024-11-05 00:00:00,67793.29782704762,46183110993.79166,2395.9472139132804,2358423171036.417,1340192510479.9568,288417039274.4664,2358423171036.417,0.5682578626850094,0.1222923192141639,0.3094498181008265,70.0,0.0,0.0,0.0,1.0,0.0,2.7141684004842848,November,0,0,0,0,0,0,0,0,0,0,1,0,1
2024-11-06 00:00:00,69335.42553133758,40025021601.49395,2422.368479855642,2413865913329.6685,1370963795352.6948,291680535424.015,2413865913329.6685,0.5679535834124264,0.1208354340700196,0.3112109825175539,70.0,0.0,0.0,0.0,1.0,0.0,2.7141684004842848,November,0,0,0,0,0,0,0,0,0,0,1,0,1
2024-11-07 00:00:00,75620.88606963192,128492534668.23853,2720.62174500688,2633721969774.309,1496392703840.9058,327447580506.6538,2633721969774.309,0.5681665418803246,0.1243288335916162,0.3075046245280592,77.0,0.0,0.0,0.0,0.0,1.0,2.7141684004842848,November,0,0,0,0,0,0,0,0,0,0,1,0,1
2024-11-08 00:00:00,75987.24178320667,66590396087.4524,2894.9718733838376,2675628891756.0186,1502620808927.6982,348640981227.00085,2675628891756.0186,0.5615953742903136,0.1303024430260907,0.3081021826835957,75.0,0.0,0.0,0.0,1.0,0.0,2.7141684004842848,November,0,0,0,0,0,0,0,0,0,0,1,0,1
2024-11-09 00:00:00,76550.0213845611,50687468387.720375,2960.9593369382137,2708587069169.151,1514048743889.1255,356482981903.24994,2708587069169.151,0.5589810130613798,0.13161215526758,0.3094068316710401,75.0,0.0,0.0,0.0,1.0,0.0,2.7141684004842848,November,0,0,0,0,0,0,0,0,0,0,1,0,1
2024-11-10 00:00:00,76630.22631415377,31430906055.796104,3130.035524073996,2760270288838.6714,1519470275068.1016,376942816358.4266,2760270288838.6714,0.550478799562556,0.1365601107553194,0.3129610896821245,78.0,0.0,0.0,0.0,0.0,1.0,2.7141684004842848,November,0,0,0,0,0,0,0,0,0,0,1,0,1
2024-11-11 00:00:00,80466.71654833542,93473126207.67863,3191.904455551816,2880908214735.924,1590846468754.067,384143201744.36383,2880908214735.924,0.552203107553668,0.1333410067628885,0.3144558856834435,76.0,0.0,0.0,0.0,0.0,1.0,2.7141684004842848,November,0,0,0,0,0,0,0,0,0,0,1,0,1
2024-11-12 00:00:00,88637.42000322911,133959805308.72511,3372.7914863430115,3123282602204.5176,1756619702929.0437,407462829811.2162,3123282602204.5176,0.5624273966400487,0.1304598019800114,0.3071128013799398,80.0,0.0,0.0,0.0,0.0,1.0,2.7141684004842848,November,0,0,0,0,0,0,0,0,0,0,1,0,1
2024-11-13 00:00:00,88264.59974582895,152356811694.44943,3260.934386131155,3077446724918.7817,1741113172482.1245,392233485413.7434,3077446724918.7817,0.5657654959170982,0.1274541918915249,0.3067803121913768,84.0,0.0,0.0,0.0,0.0,1.0,2.7141684004842848,November,0,0,0,0,0,0,0,0,0,0,1,0,1
2024-11-14 00:00:00,90488.10007497849,136046309843.60645,3191.8991843987947,3121937027980.4453,1790737763695.3328,384320615296.6757,3121937027980.4453,0.5735982973537893,0.1231032566807695,0.3032984459654411,88.0,0.0,0.0,0.0,0.0,1.0,2.7141684004842848,November,0,0,0,0,0,0,0,0,0,0,1,0,1
2024-11-15 00:00:00,87407.51273710128,99649391847.0836,3059.812296932496,3023974954341.3027,1726797438787.217,367484509623.6447,3023974954341.3027,0.571035628555117,0.1215236617935852,0.3074407096512977,80.0,0.0,0.0,0.0,0.0,1.0,2.7141684004842848,November,0,0,0,0,0,0,0,0,0,0,1,0,1
2024-11-16 00:00:00,90947.97509443705,84382485697.84985,3093.913043390382,3145952407550.669,1799276211921.9302,372487751993.4989,3145952407550.669,0.5719337036388243,0.1184022209298153,0.3096640754313602,86.0,0.0,0.0,0.0,0.0,1.0,2.7141684004842848,November,0,0,0,0,0,0,0,0,0,0,1,0,1
2024-11-17 00:00:00,90606.45489380708,49255174407.36877,3133.8802234191417,3173893495823.092,1790415769635.493,376904025324.1912,3173893495823.092,0.5641070729032706,0.1187513146928857,0.3171416124038437,90.0,0.0,0.0,0.0,0.0,1.0,2.7141684004842848,November,0,0,0,0,0,0,0,0,0,0,1,0,1
2024-11-18 00:00:00,89841.47194135105,48556083101.64749,3075.534532601624,3148316766937.544,1776887033229.9082,370225690651.5099,3148316766937.544,0.5643927103810257,0.1175948032102369,0.3180124864087373,83.0,0.0,0.0,0.0,0.0,1.0,2.7141684004842848,November,0,0,0,0,0,0,0,0,0,0,1,0,1
2024-11-19 00:00:00,90534.62459650292,77391724184.19348,3209.4239073326826,3206790933950.2017,1790917617392.441,386129534586.85486,3206790933950.2017,0.5584765749559937,0.1204099495539022,0.321113475490104,90.0,0.0,0.0,0.0,0.0,1.0,2.7141684004842848,November,0,0,0,0,0,0,0,0,0,0,1,0,1
2024-11-20 00:00:00,92251.65240738312,80493234958.49161,3112.9098010150224,3227075421471.7,1825195454018.501,374925759373.2606,3227075421471.7,0.5655880993280674,0.1161812819367812,0.3182306187351513,83.0,0.0,0.0,0.0,0.0,1.0,2.7141684004842848,November,0,0,0,0,0,0,0,0,0,0,1,0,1
2024-11-21 00:00:00,94217.02229634204,80747272080.24826,3075.193856649331,3245237194221.81,1862618759426.145,370266265216.9245,3245237194221.81,0.5739545826550255,0.1140952858164539,0.3119501315285205,82.0,0.0,0.0,0.0,0.0,1.0,2.7141684004842848,November,0,0,0,0,0,0,0,0,0,0,1,0,1
2024-11-22 00:00:00,98509.11859102432,118163852022.3175,3365.9369715466096,3410842610168.169,1948284556982.0488,405284044226.1196,3410842610168.169,0.5712033006665148,0.1188222649200859,0.3099744344133992,94.0,0.0,0.0,0.0,0.0,1.0,2.7141684004842848,November,0,0,0,0,0,0,0,0,0,0,1,0,1
2024-11-23 00:00:00,98927.494945534,85746174563.98602,3327.7571951719624,3459324048840.335,1958091000957.8345,400787854559.3274,3459324048840.335,0.5660328356963965,0.1158572741092824,0.318109890194321,93.0,0.0,0.0,0.0,0.0,1.0,2.7141684004842848,November,0,0,0,0,0,0,0,0,0,0,1,0,1
2024-11-24 00:00:00,97679.46381643032,47414200206.70341,3394.036961782547,3479595444407.884,1931255637661.502,408448492183.1955,3479595444407.884,0.5550230388895512,0.117383902441768,0.3275930586686808,80.0,0.0,0.0,0.0,0.0,1.0,2.7141684004842848,November,0,0,0,0,0,0,0,0,0,0,1,0,1
2024-11-25 00:00:00,98015.9355289458,50665680246.86775,3368.7027619429946,3487910710656.58,1939446484727.4285,405718851021.4928,3487910710656.58,0.55604820352822,0.1163214556444647,0.3276303408273152,82.0,0.0,0.0,0.0,0.0,1.0,2.7141684004842848,November,0,0,0,0,0,0,0,0,0,0,1,0,1
2024-11-26 00:00:00,93004.70093103289,89476321216.0935,3417.291223691937,3357202098078.9536,1838788677873.8647,411314588853.1776,3357202098078.9536,0.5477146219246231,0.1225170772675671,0.3297683008078098,79.0,0.0,0.0,0.0,0.0,1.0,2.7141684004842848,November,0,0,0,0,0,0,0,0,0,0,1,0,1
2024-11-27 00:00:00,91931.83077291829,97389239315.52954,3325.636532587645,3315962602083.4927,1819990514406.088,400706261382.18384,3315962602083.4927,0.5488573704849831,0.1208416105568896,0.3303010189581273,75.0,0.0,0.0,0.0,1.0,0.0,2.7141684004842848,November,0,0,0,0,0,0,0,0,0,0,1,0,1
2024-11-28 00:00:00,95981.18057210564,81469353259.75,3666.188490437756,3490771059347.8843,1899088665519.225,441632729137.7082,3490771059347.8843,0.5440312851321726,0.1265143779495554,0.329454336918272,77.0,0.0,0.0,0.0,0.0,1.0,2.7141684004842848,November,0,0,0,0,0,0,0,0,0,0,1,0,1
2024-11-29 00:00:00,95661.59595817851,49067932024.40325,3579.2407862475,3476930477122.048,1892297852304.72,431207272220.64014,3476930477122.048,0.544243799165932,0.1240195267227668,0.3317366741113012,78.0,0.0,0.0,0.0,0.0,1.0,2.7141684004842848,November,0,0,0,0,0,0,0,0,0,0,1,0,1
2024-11-30 00:00:00,97453.2473451042,74670031635.5065,3598.1933212253616,3562646783857.3867,1926826079390.244,433361301691.3607,3562646783857.3867,0.5408411768802998,0.1216402657863677,0.3375185573333325,84.0,0.0,0.0,0.0,0.0,1.0,2.7141684004842848,November,0,0,0,0,0,0,0,0,0,0,1,0,1
2024-12-01 00:00:00,96513.14234698223,43580019720.72064,3709.9094391073327,3575729366748.167,1910022814269.8853,446851521665.9131,3575729366748.167,0.5341631366265548,0.1249679368414528,0.3408689265319923,81.0,0.0,0.0,0.0,0.0,1.0,2.872366268806581,December,0,0,0,0,0,0,0,0,0,0,0,1,1
2024-12-02 00:00:00,97311.70719084324,49147687432.565895,3708.8072387383017,3628870942725.061,1925808416477.5068,446664514864.58777,3628870942725.061,0.5306907980120511,0.1230863598938489,0.3462228420940999,80.0,0.0,0.0,0.0,0.0,1.0,2.872366268806581,December,0,0,0,0,0,0,0,0,0,0,0,1,1
2024-12-03 00:00:00,95833.1362300365,101019861361.49252,3643.855375704235,3628535116883.402,1896576914275.523,438825980701.3002,3628535116883.402,0.522683907743056,0.1209375041347853,0.3563785881221587,76.0,0.0,0.0,0.0,0.0,1.0,2.872366268806581,December,0,0,0,0,0,0,0,0,0,0,0,1,1
2024-12-04 00:00:00,96031.63097759832,87935752287.975,3625.71045794972,3676915781941.928,1900922167493.3645,436691206026.3684,3676915781941.928,0.516988226064131,0.1187656263902063,0.3642461475456627,78.0,0.0,0.0,0.0,0.0,1.0,2.872366268806581,December,0,0,0,0,0,0,0,0,0,0,0,1,1
2024-12-05 00:00:00,98881.4694561823,98230784298.0459,3839.443460715871,3757892233788.413,1957276192604.2605,462490222624.5672,3757892233788.413,0.5208441516778377,0.1230717098447287,0.3560841384774335,84.0,0.0,0.0,0.0,0.0,1.0,2.872366268806581,December,0,0,0,0,0,0,0,0,0,0,0,1,1
2024-12-06 00:00:00,97201.5003640774,190460293531.538,3796.868867160128,3711756189643.954,1920742551503.609,457067221118.4413,3711756189643.954,0.5174754087735095,0.1231404213438612,0.3593841698826293,72.0,0.0,0.0,0.0,1.0,0.0,2.872366268806581,December,0,0,0,0,0,0,0,0,0,0,0,1,1
2024-12-07 00:00:00,99973.85150659826,115812632020.44765,4013.726145388712,3843052482676.4185,1978389972043.795,483422504163.839,3843052482676.4185,0.5147965012088475,0.1257912834505889,0.3594122153405635,75.0,0.0,0.0,0.0,1.0,0.0,2.872366268806581,December,0,0,0,0,0,0,0,0,0,0,0,1,1
2024-12-08 00:00:00,99781.82999198174,61061136199.7846,4000.992076502189,3860704889483.065,1974739091620.7544,481889176555.6843,3860704889483.065,0.5114970317985545,0.1248189619124728,0.3636840062889726,79.0,0.0,0.0,0.0,0.0,1.0,2.872366268806581,December,0,0,0,0,0,0,0,0,0,0,0,1,1
2024-12-09 00:00:00,101235.3717025316,62677764785.05408,4015.7820212328807,3895565983701.116,2003238967638.8289,483642898147.5037,3895565983701.116,0.5142356658879085,0.1241521514899363,0.3616121826221552,78.0,0.0,0.0,0.0,0.0,1.0,2.872366268806581,December,0,0,0,0,0,0,0,0,0,0,0,1,1
2024-12-10 00:00:00,97353.94700820888,146846843211.51685,3713.313897997175,3635470559025.408,1926047690157.628,446571271919.9886,3635470559025.408,0.5297932300334623,0.122837268152628,0.3473695018139096,78.0,0.0,0.0,0.0,0.0,1.0,2.872366268806581,December,0,0,0,0,0,0,0,0,0,0,0,1,1
2024-12-11 00:00:00,96649.71446771533,125835977742.51114,3626.5886417775,3601447218292.508,1913115778728.284,436749626813.98615,3601447218292.508,0.5312075015319304,0.1212705893885221,0.3475219090795474,74.0,0.0,0.0,0.0,1.0,0.0,2.872366268806581,December,0,0,0,0,0,0,0,0,0,0,0,1,1
2024-12-12 00:00:00,101123.61811033696,118484957960.76833,3828.1075883404096,3784372616494.371,2001746436338.842,461075934206.2153,3784372616494.371,0.5289506714043256,0.121836822356391,0.3492125062392834,83.0,0.0,0.0,0.0,0.0,1.0,2.872366268806581,December,0,0,0,0,0,0,0,0,0,0,0,1,1
2024-12-13 00:00:00,100000.80836535196,100092043319.8122,3878.850012073054,3774603645812.963,1979166149963.309,466883095805.38696,3774603645812.963,0.5243374763754943,0.1236906281069495,0.3519718955175561,76.0,0.0,0.0,0.0,0.0,1.0,2.872366268806581,December,0,0,0,0,0,0,0,0,0,0,0,1,1
2024-12-14 00:00:00,101352.22971292294,78802903278.85962,3907.429659505336,3820922539590.965,2005406021235.836,470469907671.5361,3820922539590.965,0.5248486459635262,0.1231299255079639,0.3520214285285098,83.0,0.0,0.0,0.0,0.0,1.0,2.872366268806581,December,0,0,0,0,0,0,0,0,0,0,0,1,1
2024-12-15 00:00:00,101367.01064553364,57321924844.41535,3866.995802034805,3785812598666.916,2007646386698.8667,465713274663.6432,3785812598666.916,0.5303079152427702,0.1230154062109765,0.3466766785462533,80.0,0.0,0.0,0.0,0.0,1.0,2.872366268806581,December,0,0,0,0,0,0,0,0,0,0,0,1,1
2024-12-16 00:00:00,104721.50151808978,70645074624.52869,3961.315466180232,3873876620897.994,2075487816560.1924,477323245356.1555,3873876620897.994,0.5357650797043398,0.1232159131711087,0.3410190071245513,83.0,0.0,0.0,0.0,0.0,1.0,2.872366268806581,December,0,0,0,0,0,0,0,0,0,0,0,1,1
2024-12-17 00:00:00,106074.10723541168,115184737759.33566,3992.857195846062,3908008997404.4814,2097460193710.789,480940541314.6133,3908008997404.4814,0.5367081281296499,0.1230653618336169,0.3402265100367331,87.0,0.0,0.0,0.0,0.0,1.0,2.872366268806581,December,0,0,0,0,0,0,0,0,0,0,0,1,1
2024-12-18 00:00:00,106034.913402645,93417826250.1972,3879.406224010089,3882449728738.5874,2100629850064.912,467508439297.9876,3882449728738.5874,0.5410578363747183,0.1204158384427766,0.3385263251825051,81.0,0.0,0.0,0.0,0.0,1.0,2.872366268806581,December,0,0,0,0,0,0,0,0,0,0,0,1,1
2024-12-19 00:00:00,100355.5761481501,113692025885.44743,3628.2624780444953,3634483491419.318,1985284833093.572,436893612673.4018,3634483491419.318,0.5462357547587291,0.1202078957587419,0.333556349482529,75.0,0.0,0.0,0.0,1.0,0.0,2.872366268806581,December,0,0,0,0,0,0,0,0,0,0,0,1,1
2024-12-20 00:00:00,97851.35377075804,100611554887.24124,3434.6754695380805,3502435240690.711,1937022229972.2085,413858693686.69867,3502435240690.711,0.55305011994746,0.1181631251531954,0.3287867548993445,74.0,0.0,0.0,0.0,1.0,0.0,2.872366268806581,December,0,0,0,0,0,0,0,0,0,0,0,1,1
2024-12-21 00:00:00,97691.43431692652,112340864006.62828,3468.658920056454,3541763733715.972,1932373308116.0107,417562064054.3703,3541763733715.972,0.5455963337477031,0.1178966456964281,0.3365070205558688,73.0,0.0,0.0,0.0,1.0,0.0,2.872366268806581,December,0,0,0,0,0,0,0,0,0,0,0,1,1
2024-12-22 00:00:00,97202.82496847631,53058382639.48845,3337.5972231166807,3477679194571.7,1922768195068.165,401314595520.45166,3477679194571.7,0.5528883164581162,0.1153972442733828,0.3317144392685009,73.0,0.0,0.0,0.0,1.0,0.0,2.872366268806581,December,0,0,0,0,0,0,0,0,0,0,0,1,1
2024-12-23 00:00:00,95094.27394862172,44619017105.36954,3275.8894274015142,3417196630158.1875,1884599149192.4587,394984656581.5222,3417196630158.1875,0.5515044503322063,0.1155873364428659,0.3329082132249277,70.0,0.0,0.0,0.0,1.0,0.0,2.872366268806581,December,0,0,0,0,0,0,0,0,0,0,0,1,1
2024-12-24 00:00:00,94644.9108546432,64937790292.61125,3414.6414419808,3477679948101.748,1874912975786.6604,411423031050.5532,3477679948101.748,0.5391275228791713,0.1183038799401663,0.3425685971806623,73.0,0.0,0.0,0.0,1.0,0.0,2.872366268806581,December,0,0,0,0,0,0,0,0,0,0,0,1,1
2024-12-25 00:00:00,98695.714007826,49169088282.15742,3497.555287927574,3598100514577.648,1951173788529.116,420708095541.6798,3598100514577.648,0.5422788442468369,0.1169250536045859,0.3407961021485771,73.0,0.0,0.0,0.0,1.0,0.0,2.872366268806581,December,0,0,0,0,0,0,0,0,0,0,0,1,1
2024-12-26 00:00:00,99344.95417367227,33963749856.44743,3494.5109273631047,3602293192652.8423,1966481159354.1177,421029544401.6013,3602293192652.8423,0.5458970311924941,0.1168782000477706,0.3372247687597352,79.0,0.0,0.0,0.0,0.0,1.0,2.872366268806581,December,0,0,0,0,0,0,0,0,0,0,0,1,1
2024-12-27 00:00:00,95678.31244565404,45049342388.18843,3327.7897761683494,3460306774747.8403,1894744251986.1084,401038436756.2263,3460306774747.8403,0.5475653967484378,0.1158967868637747,0.3365378163877874,74.0,0.0,0.0,0.0,1.0,0.0,2.872366268806581,December,0,0,0,0,0,0,0,0,0,0,0,1,1
2024-12-28 00:00:00,94331.94727053076,41498540807.66696,3328.6111553091764,3425028664759.3525,1867708753554.924,400705550098.4306,3425028664759.3525,0.5453118605318744,0.1169933420474262,0.3376947974206993,72.0,0.0,0.0,0.0,1.0,0.0,2.872366268806581,December,0,0,0,0,0,0,0,0,0,0,0,1,1
2024-12-29 00:00:00,95184.61945288602,22429850903.940086,3397.834120508516,3485220362416.1924,1885556552231.432,409451576910.996,3485220362416.1924,0.5410150166011986,0.1174822634822253,0.3415027199165761,73.0,0.0,0.0,0.0,1.0,0.0,2.872366268806581,December,0,0,0,0,0,0,0,0,0,0,0,1,1
2024-12-30 00:00:00,93663.44751964069,24065314499.50228,3357.330742971463,3412275568013.6094,1854872605738.8088,404459649875.75726,3412275568013.6094,0.5435881624351304,0.1185307698086077,0.3378810677562618,65.0,0.0,0.0,0.0,1.0,0.0,2.872366268806581,December,0,0,0,0,0,0,0,0,0,0,0,1,1
2024-12-31 00:00:00,92627.28213113276,57595164139.4709,3359.513941757392,3393595055715.5464,1833188187477.531,404631151447.3196,3393595055715.5464,0.5401906112486953,0.1192337756285427,0.3405756131227619,64.0,0.0,0.0,0.0,1.0,0.0,2.872366268806581,December,0,0,0,0,0,0,0,0,0,0,0,1,1
2025-01-01 00:00:00,93507.85874741492,45327464907.74362,3336.6175137659498,3399972825597.592,1851839954625.13,401972899891.29846,3399972825597.592,0.5446631633885614,0.1182282684334826,0.337108568177956,66.0,0.0,0.0,0.0,1.0,0.0,2.999412512831112,January,1,0,0,0,0,0,0,0,0,0,0,0,0
2025-01-02 00:00:00,94384.1761153871,23275007789.49633,3348.967247123586,3463957364872.248,1869193319140.2424,403374380145.697,3463957364872.248,0.5396121032249422,0.1164490025877017,0.343938894187356,70.0,0.0,0.0,0.0,1.0,0.0,2.999412512831112,January,1,0,0,0,0,0,0,0,0,0,0,0,0
2025-01-03 00:00:00,96852.14681235077,45157338602.61752,3448.140436960939,3559312190121.551,1917905016063.62,415300548992.1061,3559312190121.551,0.5388414709410819,0.1166800007441672,0.3444785283147508,74.0,0.0,0.0,0.0,1.0,0.0,2.999412512831112,January,1,0,0,0,0,0,0,0,0,0,0,0,0
2025-01-04 00:00:00,98084.34279280754,35721645948.10051,3604.291379593176,3654977875081.9297,1942834829349.9563,434290507752.4077,3654977875081.9297,0.5315585745663114,0.1188216516201682,0.3496197738135204,73.0,0.0,0.0,0.0,1.0,0.0,2.999412512831112,January,1,0,0,0,0,0,0,0,0,0,0,0,0
2025-01-05 00:00:00,98256.73876849932,20979035420.9808,3660.37804173532,3669808689208.274,1946611205641.351,441117087325.0027,3669808689208.274,0.5304394235497093,0.1202016575474863,0.3493589189028043,72.0,0.0,0.0,0.0,1.0,0.0,2.999412512831112,January,1,0,0,0,0,0,0,0,0,0,0,0,0
2025-01-06 00:00:00,98364.58946599838,20060293834.7155,3635.854996180709,3662437227227.171,1948339898718.8584,438092711283.2293,3662437227227.171,0.5319790559779629,0.1196178075152728,0.3484031365067642,76.0,0.0,0.0,0.0,0.0,1.0,2.999412512831112,January,1,0,0,0,0,0,0,0,0,0,0,0,0
2025-01-07 00:00:00,102229.39453189744,46111387334.46171,3687.144714058831,3762217808974.941,2024825178619.8228,444015369643.7008,3762217808974.941,0.5381998814075865,0.1180195810525594,0.343780537539854,78.0,0.0,0.0,0.0,0.0,1.0,2.999412512831112,January,1,0,0,0,0,0,0,0,0,0,0,0,0
2025-01-08 00:00:00,96952.09886774956,60610257147.15405,3380.0211263090155,3533549276785.076,1919133187081.3127,406968109533.227,3533549276785.076,0.543117708783559,0.1151726147437508,0.3417096764726901,70.0,0.0,0.0,0.0,1.0,0.0,2.999412512831112,January,1,0,0,0,0,0,0,0,0,0,0,0,0
2025-01-09 00:00:00,95016.71440989176,65790469838.34392,3325.130029353736,3473935809479.0537,1885313354913.724,400602495132.5278,3473935809479.0537,0.5427024154474641,0.1153166083378499,0.3419809762146859,69.0,0.0,0.0,0.0,1.0,0.0,2.999412512831112,January,1,0,0,0,0,0,0,0,0,0,0,0,0
2025-01-10 00:00:00,92376.275783461,65850881574.76184,3219.09284475812,3372194868457.131,1832933628117.944,388324291231.471,3372194868457.131,0.5435432113555644,0.1151547601426544,0.3413020285017812,50.0,0.0,0.0,1.0,0.0,0.0,2.999412512831112,January,1,0,0,0,0,0,0,0,0,0,0,0,0
2025-01-11 00:00:00,94736.6267420969,63433655716.757095,3269.1759954060667,3446568860489.1167,1876836759923.398,394101246876.45374,3446568860489.1167,0.5445522303178496,0.1143459663302723,0.341101803351878,69.0,0.0,0.0,0.0,1.0,0.0,2.999412512831112,January,1,0,0,0,0,0,0,0,0,0,0,0,0
2025-01-12 00:00:00,94559.55167224212,17836423168.41627,3283.591322828503,3464211653229.092,1874286243377.8523,395839071861.3172,3464211653229.092,0.5410426472155002,0.1142652676814201,0.3446920851030796,62.0,0.0,0.0,0.0,1.0,0.0,2.999412512831112,January,1,0,0,0,0,0,0,0,0,0,0,0,0
2025-01-13 00:00:00,94454.77089638809,19608932595.53299,3264.070968533687,3443826305683.3643,1870314882306.924,393199349088.33,3443826305683.3643,0.5430921063644626,0.1141751395648006,0.3427327540707367,61.0,0.0,0.0,0.0,1.0,0.0,2.999412512831112,January,1,0,0,0,0,0,0,0,0,0,0,0,0
2025-01-14 00:00:00,94456.3493746993,76328330233.31137,3134.5520394596483,3411192002487.5054,1870609367804.8225,377643507549.0125,3411192002487.5054,0.5483741068930564,0.1107071977401529,0.3409186953667906,63.0,0.0,0.0,0.0,1.0,0.0,2.999412512831112,January,1,0,0,0,0,0,0,0,0,0,0,0,0
2025-01-15 00:00:00,96574.07768799194,51241728228.81719,3224.8006483414138,3503964295196.3345,1912603332624.1123,388487746270.3852,3503964295196.3345,0.54583984638375,0.1108709203466976,0.3432892332695523,70.0,0.0,0.0,0.0,1.0,0.0,2.999412512831112,January,1,0,0,0,0,0,0,0,0,0,0,0,0
2025-01-16 00:00:00,100313.15239828422,57637319739.5434,3447.034047674796,3689373902245.4775,1986831430651.8647,415058425772.0614,3689373902245.4775,0.5385280763878695,0.1125010467275878,0.3489708768845427,75.0,0.0,0.0,0.0,1.0,0.0,2.999412512831112,January,1,0,0,0,0,0,0,0,0,0,0,0,0
2025-01-17 00:00:00,100044.57926776377,50150102497.2729,3309.44661399002,3658910347440.6177,1980935754458.284,398587196539.9218,3658910347440.6177,0.541400462529489,0.1089360379706299,0.349663499499881,75.0,0.0,0.0,0.0,1.0,0.0,2.999412512831112,January,1,0,0,0,0,0,0,0,0,0,0,0,0
2025-01-18 00:00:00,104160.69358484232,69135117732.00064,3477.284285084809,3810895650848.995,2063854663834.077,419024911827.7939,3810895650848.995,0.5415668265212902,0.109954443841684,0.3484787296370257,77.0,0.0,0.0,0.0,0.0,1.0,2.999412512831112,January,1,0,0,0,0,0,0,0,0,0,0,0,0
2025-01-19 00:00:00,104334.61575724394,49416447749.13053,3309.0995676199964,3787147152067.12,2067151195362.0425,398761138447.4049,3787147152067.12,0.5458333442981584,0.1052932781420312,0.3488733775598103,77.0,0.0,0.0,0.0,0.0,1.0,2.999412512831112,January,1,0,0,0,0,0,0,0,0,0,0,0,0
2025-01-20 00:00:00,101275.33714814208,72970313683.92325,3208.1365439891497,3621158958696.6255,2014842808849.5005,388676714260.872,3621158958696.6255,0.5564082747625939,0.1073348943512741,0.336256830886132,76.0,0.0,0.0,0.0,0.0,1.0,2.999412512831112,January,1,0,0,0,0,0,0,0,0,0,0,0,0
2025-01-21 00:00:00,101764.90860170544,120158523166.88388,3263.069869880814,3664660670362.762,2017837068202.1384,393073139255.5516,3664660670362.762,0.5506204393004261,0.1072604463585005,0.3421191143410733,76.0,0.0,0.0,0.0,0.0,1.0,2.999412512831112,January,1,0,0,0,0,0,0,0,0,0,0,0,0
2025-01-22 00:00:00,106182.2368201815,95344290057.8965,3326.0285404709143,3792118023787.5454,2098829000928.49,400135429379.4123,3792118023787.5454,0.5534714341069458,0.1055176623906234,0.3410109035024308,84.0,0.0,0.0,0.0,0.0,1.0,2.999412512831112,January,1,0,0,0,0,0,0,0,0,0,0,0,0
2025-01-23 00:00:00,103673.53509537788,55030669602.56557,3237.2996671291435,3720972791868.8574,2054288661793.9773,390083338462.87006,3720972791868.8574,0.5520837632253182,0.1048336981434768,0.343082538631205,75.0,0.0,0.0,0.0,1.0,0.0,2.999412512831112,January,1,0,0,0,0,0,0,0,0,0,0,0,0
2025-01-24 00:00:00,104067.60991206949,102455227371.2076,3332.580893146162,3732339522120.517,2062360759045.0,401547418905.6495,3732339522120.517,0.5525651529883531,0.1075859836774741,0.3398488633341728,75.0,0.0,0.0,0.0,1.0,0.0,2.999412512831112,January,1,0,0,0,0,0,0,0,0,0,0,0,0
2025-01-25 00:00:00,104835.19253555956,51418786362.7815,3311.8499838687,3738823349741.885,2076156720642.786,398942774193.46027,3738823349741.885,0.5552968210670121,0.1067027609691701,0.3380004179638178,75.0,0.0,0.0,0.0,1.0,0.0,2.999412512831112,January,1,0,0,0,0,0,0,0,0,0,0,0,0
2025-01-26 00:00:00,104796.04077738234,22740744964.719296,3320.1314101789453,3742062737516.2246,2077647817531.3408,400427749273.5654,3742062737516.2246,0.5552145870516242,0.1070072249882553,0.3377781879601204,73.0,0.0,0.0,0.0,1.0,0.0,2.999412512831112,January,1,0,0,0,0,0,0,0,0,0,0,0,0
2025-01-27 00:00:00,102552.24874280208,20639818380.26942,3232.2767744705584,3659298934054.049,2036324005947.406,390058879989.8578,3659298934054.049,0.5564792717525846,0.1065938823308215,0.3369268459165939,71.0,0.0,0.0,0.0,1.0,0.0,2.999412512831112,January,1,0,0,0,0,0,0,0,0,0,0,0,0
2025-01-28 00:00:00,101958.46953745594,93191643783.2474,3173.5346079397173,3628593667686.85,2019295541213.5288,382221069555.6103,3628593667686.85,0.556495360501686,0.1053358696398949,0.338168769858419,72.0,0.0,0.0,0.0,1.0,0.0,2.999412512831112,January,1,0,0,0,0,0,0,0,0,0,0,0,0
2025-01-29 00:00:00,101313.11264498268,45780526813.56264,3076.4937692857234,3568794672439.99,2007072201507.528,370532757630.7433,3568794672439.99,0.5623949780599984,0.1038257427618859,0.3337792791781157,72.0,0.0,0.0,0.0,1.0,0.0,2.999412512831112,January,1,0,0,0,0,0,0,0,0,0,0,0,0
2025-01-30 00:00:00,103718.97939813643,47425401641.53094,3114.4358854363104,3636021087799.842,2056581551171.7,375574817164.7567,3636021087799.842,0.565613207820018,0.103292804990858,0.3310939871891239,70.0,0.0,0.0,0.0,1.0,0.0,2.999412512831112,January,1,0,0,0,0,0,0,0,0,0,0,0,0
2025-01-31 00:00:00,104781.5135100103,42122570869.034325,3248.249484352305,3708652702995.7954,2076760153260.6191,391509879851.78656,3708652702995.7954,0.5599769834428127,0.1055666063138051,0.3344564102433822,76.0,0.0,0.0,0.0,0.0,1.0,2.999412512831112,January,1,0,0,0,0,0,0,0,0,0,0,0,0
2025-02-01 00:00:00,102382.39409722164,37187819228.35328,3296.390634843652,3658068731160.269,2028504133577.489,396910231325.1062,3658068731160.269,0.5545287097254967,0.1085026719001023,0.3369686183744009,68.0,0.0,0.0,0.0,1.0,0.0,2.814270373156869,February,0,1,0,0,0,0,0,0,0,0,0,0,0
2025-02-02 00:00:00,100674.78762544956,22827776122.48367,3125.0386801320924,3539446207716.108,1996423711261.7268,376840076476.98303,3539446207716.108,0.5640497394506119,0.1064686548012679,0.3294816057481202,60.0,0.0,0.0,0.0,1.0,0.0,2.814270373156869,February,0,1,0,0,0,0,0,0,0,0,0,0,0
2025-02-03 00:00:00,97568.31653024876,59784234332.21204,2862.6976188716285,3361537954692.516,1933691439792.2544,344091054313.7205,3361537954692.516,0.5752401031477068,0.1023611986392683,0.3223986982130248,44.0,0.0,1.0,0.0,0.0,0.0,2.814270373156869,February,0,1,0,0,0,0,0,0,0,0,0,0,0
2025-02-04 00:00:00,101466.8606657039,122163969235.23686,2877.8138239498767,3472947948965.6885,2011121374511.8835,346820394641.11206,3472947948965.6885,0.5790819223509626,0.0998634012768322,0.3210546763722052,72.0,0.0,0.0,0.0,1.0,0.0,2.814270373156869,February,0,1,0,0,0,0,0,0,0,0,0,0,0
2025-02-05 00:00:00,98118.43921664466,73196693057.98114,2740.3809762760143,3336043966090.866,1943535291172.16,329090090858.6241,3336043966090.866,0.5825868336650161,0.09864680867628,0.3187663576587039,54.0,0.0,0.0,1.0,0.0,0.0,2.814270373156869,February,0,1,0,0,0,0,0,0,0,0,0,0,0
2025-02-06 00:00:00,96582.88682919052,48848958931.79228,2790.5521609256075,3295596672353.209,1912584628590.309,335828291113.4543,3295596672353.209,0.5803454787519964,0.1019021210728609,0.3177524001751427,49.0,0.0,0.0,1.0,0.0,0.0,2.814270373156869,February,0,1,0,0,0,0,0,0,0,0,0,0,0
2025-02-07 00:00:00,96635.41875332213,44462180396.17252,2686.662316793651,3260703684324.2847,1915093756057.564,323756512126.7498,3260703684324.2847,0.5873252958446694,0.0992903813011889,0.3133843228541416,44.0,0.0,1.0,0.0,0.0,0.0,2.814270373156869,February,0,1,0,0,0,0,0,0,0,0,0,0,0
2025-02-08 00:00:00,96558.4563096667,57077722340.22422,2623.4507017824767,3255993465434.418,1911296376425.356,315636240722.9841,3255993465434.418,0.5870086647026943,0.0969400719239071,0.3160512633733985,44.0,0.0,1.0,0.0,0.0,0.0,2.814270373156869,February,0,1,0,0,0,0,0,0,0,0,0,0,0
2025-02-09 00:00:00,96558.23762501092,20760850644.84597,2635.6011418023404,3277116482966.319,1914211835440.1184,317758860998.56256,3277116482966.319,0.5841146768476927,0.0969629436885134,0.3189223794637938,46.0,0.0,1.0,0.0,0.0,0.0,2.814270373156869,February,0,1,0,0,0,0,0,0,0,0,0,0,0
2025-02-10 00:00:00,96548.57865379583,25457107581.051964,2632.5358220552475,3274116259620.95,1913068773356.083,317369673472.60657,3274116259620.95,0.5843008071978367,0.096932927332687,0.3187662654694763,43.0,0.0,1.0,0.0,0.0,0.0,2.814270373156869,February,0,1,0,0,0,0,0,0,0,0,0,0,0
2025-02-11 00:00:00,97399.98161383196,37054987393.57789,2660.2967996436387,3310496047516.857,1930742951090.367,320711545303.1932,3310496047516.857,0.5832186244531488,0.0968771871948776,0.3199041883519736,47.0,0.0,0.0,1.0,0.0,0.0,2.814270373156869,February,0,1,0,0,0,0,0,0,0,0,0,0,0
2025-02-12 00:00:00,95739.9773707924,36454577154.5622,2603.0333698049267,3270860103455.056,1898788887978.3247,313943237177.0695,3270860103455.056,0.5805166922219043,0.0959818601980093,0.3235014475800864,46.0,0.0,1.0,0.0,0.0,0.0,2.814270373156869,February,0,1,0,0,0,0,0,0,0,0,0,0,0
2025-02-13 00:00:00,97836.18856127484,47115618235.19051,2736.27031360324,3362098754461.8013,1936842454813.9983,329492522913.44,3362098754461.8013,0.5760813694849497,0.0980020359235951,0.3259165945914551,50.0,0.0,0.0,1.0,0.0,0.0,2.814270373156869,February,0,1,0,0,0,0,0,0,0,0,0,0,0
2025-02-14 00:00:00,96561.6639990985,29084371910.69056,2675.7090007037627,3319242606866.4727,1914315097486.3865,322584072350.2765,3319242606866.4727,0.5767325032301852,0.0971860483120309,0.3260814484577838,48.0,0.0,0.0,1.0,0.0,0.0,2.814270373156869,February,0,1,0,0,0,0,0,0,0,0,0,0,0
2025-02-15 00:00:00,97488.48148536457,32289906944.92862,2724.669833587396,3368346159750.3066,1931656846871.4856,328399065363.05505,3368346159750.3066,0.5734733769211767,0.097495640230575,0.3290309828482481,50.0,0.0,0.0,1.0,0.0,0.0,2.814270373156869,February,0,1,0,0,0,0,0,0,0,0,0,0,0
2025-02-16 00:00:00,97569.95169430463,14215311318.346336,2692.8213863864253,3361456022299.3486,1934308378710.286,324625278431.52954,3361456022299.3486,0.575437657336107,0.0965728173380876,0.3279895253258054,54.0,0.0,0.0,1.0,0.0,0.0,2.814270373156869,February,0,1,0,0,0,0,0,0,0,0,0,0,0
2025-02-17 00:00:00,96149.3484548204,13634794998.739267,2659.9017474093457,3325510126950.151,1905012222220.369,320529173059.00665,3325510126950.151,0.5728481193853615,0.0963849637568135,0.3307669168578249,51.0,0.0,0.0,1.0,0.0,0.0,2.814270373156869,February,0,1,0,0,0,0,0,0,0,0,0,0,0
2025-02-18 00:00:00,95776.15723852724,25324374113.08163,2741.9050800956124,3306796624473.4727,1898997753781.9536,330464530098.92377,3306796624473.4727,0.5742711056759722,0.0999349423708639,0.3257939519531639,47.0,0.0,0.0,1.0,0.0,0.0,2.814270373156869,February,0,1,0,0,0,0,0,0,0,0,0,0,0
2025-02-19 00:00:00,95495.89153299289,38311133144.72936,2669.494500689608,3262992690830.344,1892702154844.508,321688672383.7524,3262992690830.344,0.5800509943412917,0.0985870036692884,0.3213620019894199,44.0,0.0,1.0,0.0,0.0,0.0,2.814270373156869,February,0,1,0,0,0,0,0,0,0,0,0,0,0
2025-02-20 00:00:00,96554.87156259285,27703222487.38957,2714.8018364720533,3310887160098.358,1914337919659.5537,327248168186.7616,3310887160098.358,0.5781948544578861,0.0988400245501087,0.3229651209920051,49.0,0.0,0.0,1.0,0.0,0.0,2.814270373156869,February,0,1,0,0,0,0,0,0,0,0,0,0,0
2025-02-21 00:00:00,98384.31738240314,24175261969.81266,2741.5933625994785,3362718403426.0293,1950376106325.3228,330517520397.0965,3362718403426.0293,0.5799998311896192,0.0982887892308663,0.3217113795795144,55.0,0.0,0.0,0.0,1.0,0.0,2.814270373156869,February,0,1,0,0,0,0,0,0,0,0,0,0,0
2025-02-22 00:00:00,96135.15541305284,42477472950.92155,2658.3470942919384,3279185832212.78,1906058197506.3809,320508273451.5576,3279185832212.78,0.5812595854685617,0.097740198284304,0.3210002162471342,49.0,0.0,0.0,1.0,0.0,0.0,2.814270373156869,February,0,1,0,0,0,0,0,0,0,0,0,0,0
2025-02-23 00:00:00,96564.15414290236,18464415570.762142,2764.355233404291,3320299656573.1875,1915260330870.798,333381856893.822,3320299656573.1875,0.576833577981181,0.1004071594061779,0.3227592626126411,50.0,0.0,0.0,1.0,0.0,0.0,2.814270373156869,February,0,1,0,0,0,0,0,0,0,0,0,0,0
2025-02-24 00:00:00,96327.46309127836,16643044374.983364,2827.1844084879804,3318318452564.864,1909625674815.4763,340712999974.1412,3318318452564.864,0.5754799312101733,0.1026764021731519,0.3218436666166748,49.0,0.0,0.0,1.0,0.0,0.0,2.814270373156869,February,0,1,0,0,0,0,0,0,0,0,0,0,0
2025-02-25 00:00:00,91396.76686930266,45539703844.38777,2503.103420098605,3089280542214.4653,1814176779160.4363,301769340440.05,3089280542214.4653,0.5872489579272699,0.0976827246073725,0.3150683174653576,25.0,1.0,0.0,0.0,0.0,0.0,2.814270373156869,February,0,1,0,0,0,0,0,0,0,0,0,0,0
2025-02-26 00:00:00,88755.7693356979,96742453402.56294,2495.315451693047,3039647433593.1743,1759750360550.3335,301064649480.5458,3039647433593.1743,0.5789323923235823,0.0990459110991884,0.3220216965772293,21.0,1.0,0.0,0.0,0.0,0.0,2.814270373156869,February,0,1,0,0,0,0,0,0,0,0,0,0,0
2025-02-27 00:00:00,83900.11496524839,69277430795.68657,2325.853934699374,2907656409996.885,1664314955447.7466,280668025121.2334,2907656409996.885,0.5723905168869419,0.0965272320884482,0.3310822510246099,10.0,1.0,0.0,0.0,0.0,0.0,2.814270373156869,February,0,1,0,0,0,0,0,0,0,0,0,0,0
2025-02-28 00:00:00,84709.14477847965,81960688217.70384,2305.322937802984,2917564490547.6294,1679555320077.2097,277936135130.7404,2917564490547.6294,0.5756703324017889,0.0952630648032639,0.3290666027949472,16.0,1.0,0.0,0.0,0.0,0.0,2.814270373156869,February,0,1,0,0,0,0,0,0,0,0,0,0,0
2025-03-01 00:00:00,84441.9012237131,80695237175.07367,2235.204208608959,2899432783491.76,1674754437110.342,269516471615.1616,2899432783491.76,0.5776145067565426,0.092954895574639,0.3294305976688184,20.0,1.0,0.0,0.0,0.0,0.0,2.405585264028032,March,0,0,1,0,0,0,0,0,0,0,0,0,0
2025-03-02 00:00:00,86005.25629681018,30634474722.6359,2212.8243514969954,2939199442140.362,1705564098300.8235,266823935338.2421,2939199442140.362,0.5802818528908029,0.0907811601733081,0.3289369869358889,26.0,0.0,1.0,0.0,0.0,0.0,2.405585264028032,March,0,0,1,0,0,0,0,0,0,0,0,0,0
2025-03-03 00:00:00,94261.5328653844,61859112550.80991,2517.3382391622977,3262655742406.368,1868321705444.488,303306117779.7704,3262655742406.368,0.5726383207277975,0.0929629546377048,0.3343987246344976,33.0,0.0,1.0,0.0,0.0,0.0,2.405585264028032,March,0,0,1,0,0,0,0,0,0,0,0,0,0
2025-03-04 00:00:00,86124.71418722175,68715362745.4567,2148.199533470228,2924340705542.9453,1708198960874.3418,259111889993.75623,2924340705542.9453,0.5841313078317222,0.0886052331394294,0.3272634590288484,15.0,1.0,0.0,0.0,0.0,0.0,2.405585264028032,March,0,0,1,0,0,0,0,0,0,0,0,0,0
2025-03-05 00:00:00,87310.80531078295,65863356680.42408,2171.496943535016,2971786261158.8,1731441668069.6523,261805780842.5489,2971786261158.8,0.5826265807536591,0.0880971098979581,0.3292763093483827,20.0,1.0,0.0,0.0,0.0,0.0,2.405585264028032,March,0,0,1,0,0,0,0,0,0,0,0,0,0
2025-03-06 00:00:00,90604.08098523636,51606642859.81411,2241.3841149187283,3070743743334.4844,1797706868227.531,270490243838.00568,3070743743334.4844,0.5854304424228582,0.0880862313650059,0.3264833262121358,25.0,1.0,0.0,0.0,0.0,0.0,2.405585264028032,March,0,0,1,0,0,0,0,0,0,0,0,0,0
2025-03-07 00:00:00,90001.40087607042,47555759124.64708,2202.3207363495417,3048253134177.3154,1782785866811.654,265270135615.0983,3048253134177.3154,0.5848549278348582,0.0870236571368904,0.3281214150282514,34.0,0.0,1.0,0.0,0.0,0.0,2.405585264028032,March,0,0,1,0,0,0,0,0,0,0,0,0,0
2025-03-08 00:00:00,86773.33597555371,63216440874.73251,2140.7498089428914,2949889970352.299,1720436931689.2776,257899503839.8083,2949889970352.299,0.5832207129691043,0.0874268214854833,0.3293524655454123,28.0,0.0,1.0,0.0,0.0,0.0,2.405585264028032,March,0,0,1,0,0,0,0,0,0,0,0,0,0
2025-03-09 00:00:00,86142.9833586432,18809360803.37126,2199.9995000805707,2936577552534.0723,1708605516770.228,265129957012.6981,2936577552534.0723,0.581835652627602,0.0902853584724532,0.3278789888999448,27.0,0.0,1.0,0.0,0.0,0.0,2.405585264028032,March,0,0,1,0,0,0,0,0,0,0,0,0,0
2025-03-10 00:00:00,80751.13893300897,32013406240.51754,2017.265460184326,2744286384538.148,1602073794580.0344,243298514477.01385,2744286384538.148,0.5837852068233239,0.0886563865374276,0.3275584066392484,20.0,1.0,0.0,0.0,0.0,0.0,2.405585264028032,March,0,0,1,0,0,0,0,0,0,0,0,0,0
2025-03-11 00:00:00,78783.94057934263,49983692766.22745,1879.1231054991024,2649801431738.14,1563547150147.7332,226713493940.29108,2649801431738.14,0.5900620066923742,0.0855586728970774,0.3243793204105483,24.0,1.0,0.0,0.0,0.0,0.0,2.405585264028032,March,0,0,1,0,0,0,0,0,0,0,0,0,0
2025-03-12 00:00:00,82799.1080292053,56404462275.083046,1921.309922758704,2775246962824.081,1642997419531.6057,232024934655.6445,2775246962824.081,0.5920184551286555,0.0836051485737099,0.3243763962976346,34.0,0.0,1.0,0.0,0.0,0.0,2.405585264028032,March,0,0,1,0,0,0,0,0,0,0,0,0,0
2025-03-13 00:00:00,83884.24578828987,41782186208.59073,1910.6551381032464,2799956491965.222,1662502658717.542,230443739229.907,2799956491965.222,0.5937601757342562,0.0823026143053259,0.3239372099604178,45.0,0.0,1.0,0.0,0.0,0.0,2.405585264028032,March,0,0,1,0,0,0,0,0,0,0,0,0,0
2025-03-14 00:00:00,81098.90052436228,32583592654.882656,1862.7949366490388,2739489695320.552,1608477373718.186,224658866951.8703,2739489695320.552,0.5871448892345534,0.0820075605086671,0.3308475502567794,27.0,0.0,1.0,0.0,0.0,0.0,2.405585264028032,March,0,0,1,0,0,0,0,0,0,0,0,0,0
2025-03-15 00:00:00,83971.70916064628,28571483950.07465,1910.6662703455045,2829745678418.4585,1665725559905.8198,230476916425.0193,2829745678418.4585,0.5886485038601744,0.0814479259329879,0.3299035702068376,46.0,0.0,1.0,0.0,0.0,0.0,2.405585264028032,March,0,0,1,0,0,0,0,0,0,0,0,0,0
2025-03-16 00:00:00,84391.69087647168,10761796127.312485,1939.7856881721348,2857579098855.004,1674173293916.4658,233970291611.3664,2857579098855.004,0.5858711993614756,0.0818771006916712,0.3322516999468531,30.0,0.0,1.0,0.0,0.0,0.0,2.405585264028032,March,0,0,1,0,0,0,0,0,0,0,0,0,0
2025-03-17 00:00:00,82610.61750343916,21638031633.118767,1887.7643429692785,2789546968366.306,1638672153483.722,227688957214.28125,2789546968366.306,0.5874330749997759,0.0816221988001252,0.3309447262000988,32.0,0.0,1.0,0.0,0.0,0.0,2.405585264028032,March,0,0,1,0,0,0,0,0,0,0,0,0,0
2025-03-18 00:00:00,84075.36559694471,19659366246.596867,1929.183357761872,2844389810207.0337,1667799227887.438,232725366276.3993,2844389810207.0337,0.5863469282243156,0.0818190831092381,0.3318339886664463,34.0,0.0,1.0,0.0,0.0,0.0,2.405585264028032,March,0,0,1,0,0,0,0,0,0,0,0,0,0
2025-03-19 00:00:00,82780.03048688271,24557570268.85276,1932.7964059050653,2809241675795.6387,1642578274105.806,233152161415.72287,2809241675795.6387,0.5847052207213862,0.0829946969050603,0.3323000823735534,32.0,0.0,1.0,0.0,0.0,0.0,2.405585264028032,March,0,0,1,0,0,0,0,0,0,0,0,0,0
2025-03-20 00:00:00,86815.44109470697,33871216993.304657,2060.728601068271,2947350583137.59,1721565138141.278,248434080718.1908,2947350583137.59,0.5841059926805834,0.0842906446689899,0.3316033626504267,49.0,0.0,0.0,1.0,0.0,0.0,2.405585264028032,March,0,0,1,0,0,0,0,0,0,0,0,0,0
2025-03-21 00:00:00,84270.84358966233,27579127651.06656,1980.831780524645,2862745153904.8,1672550706502.8184,238984217654.16632,2862745153904.8,0.5842471531988973,0.0834807867295454,0.3322720600715572,31.0,0.0,1.0,0.0,0.0,0.0,2.405585264028032,March,0,0,1,0,0,0,0,0,0,0,0,0,0
2025-03-22 00:00:00,84009.532917822,18091004975.919056,1964.529383316829,2852624316365.709,1666749159154.2927,236980043535.89395,2852624316365.709,0.5842862481372096,0.0830743965044126,0.3326393553583777,32.0,0.0,1.0,0.0,0.0,0.0,2.405585264028032,March,0,0,1,0,0,0,0,0,0,0,0,0,0
2025-03-23 00:00:00,83793.30854192551,7771134681.982918,1979.5449257665969,2851924242201.555,1662574363663.653,238753335160.5841,2851924242201.555,0.5829658232366726,0.0837165769088864,0.333317599854441,30.0,0.0,1.0,0.0,0.0,0.0,2.405585264028032,March,0,0,1,0,0,0,0,0,0,0,0,0,0
2025-03-24 00:00:00,85787.70914901773,12617587530.619724,2001.0470230951885,2909830869466.153,1702009594329.4497,241404254258.0785,2909830869466.153,0.5849170177515183,0.0829616101716479,0.3321213720768337,45.0,0.0,1.0,0.0,0.0,0.0,2.405585264028032,March,0,0,1,0,0,0,0,0,0,0,0,0,0
2025-03-25 00:00:00,87327.72969669085,27270889835.1835,2077.739325831977,2969384380178.878,1732715331970.134,250648654235.6259,2969384380178.878,0.583526788763452,0.0844109829326059,0.3320622283039421,46.0,0.0,1.0,0.0,0.0,0.0,2.405585264028032,March,0,0,1,0,0,0,0,0,0,0,0,0,0
2025-03-26 00:00:00,87520.58391530563,30351832942.7056,2068.598435049149,2973105231261.093,1735368473904.4883,249404519198.0644,2973105231261.093,0.5836888838167368,0.0838868791375659,0.3324242370456972,47.0,0.0,0.0,1.0,0.0,0.0,2.405585264028032,March,0,0,1,0,0,0,0,0,0,0,0,0,0
2025-03-27 00:00:00,86960.8555491039,25522877558.70056,2009.8835432902424,2939384001504.946,1724854479045.6724,242347645799.6622,2939384001504.946,0.5868081469323362,0.0824484469111833,0.3307434061564804,40.0,0.0,1.0,0.0,0.0,0.0,2.405585264028032,March,0,0,1,0,0,0,0,0,0,0,0,0,0
2025-03-28 00:00:00,87227.27158032371,24620445368.489468,2003.3034241292064,2950543179795.785,1729729987159.4822,241580699763.4796,2950543179795.785,0.5862412043328243,0.0818766867801609,0.3318821088870147,44.0,0.0,1.0,0.0,0.0,0.0,2.405585264028032,March,0,0,1,0,0,0,0,0,0,0,0,0,0
2025-03-29 00:00:00,84359.46915506005,31674486232.09732,1896.9173600459983,2841814641961.42,1673182800974.1038,228784244898.24844,2841814641961.42,0.5887726723159091,0.0805063924719388,0.330720935212152,26.0,0.0,1.0,0.0,0.0,0.0,2.405585264028032,March,0,0,1,0,0,0,0,0,0,0,0,0,0
2025-03-30 00:00:00,82679.17255385047,16837439419.924389,1829.2745211803465,2773383203698.863,1640665503855.1438,220262156018.88525,2773383203698.863,0.5915754814073249,0.0794200223485602,0.3290044962441149,32.0,0.0,1.0,0.0,0.0,0.0,2.405585264028032,March,0,0,1,0,0,0,0,0,0,0,0,0,0
2025-03-31 00:00:00,82356.38111183756,13428975108.070734,1805.3378779435927,2761955521241.7407,1633996304187.2593,217784813538.97607,2761955521241.7407,0.5916084787102708,0.078851672977363,0.3295398483123661,34.0,0.0,1.0,0.0,0.0,0.0,2.405585264028032,March,0,0,1,0,0,0,0,0,0,0,0,0,0
2025-04-01 00:00:00,82514.09365397849,30326148749.91535,1824.207136760985,2766428444433.608,1635076581047.3545,219908040559.4464,2766428444433.608,0.5910424266846043,0.0794916785221494,0.3294658947932463,34.0,0.0,1.0,0.0,0.0,0.0,2.3337465177498906,April,0,0,0,1,0,0,0,0,0,0,0,0,0
2025-04-02 00:00:00,85237.5876052852,29172899851.734768,1907.1671522994227,2842590585103.962,1690602036035.04,230031614721.634,2842590585103.962,0.5947398984905911,0.0809232310579896,0.3243368704514192,44.0,0.0,1.0,0.0,0.0,0.0,2.3337465177498906,April,0,0,0,1,0,0,0,0,0,0,0,0,0
2025-04-03 00:00:00,82526.4221526433,46332905657.77597,1795.761850567479,2740767168560.874,1637358764747.381,216667567217.0052,2740767168560.874,0.597408923869709,0.0790536203521342,0.3235374557781568,25.0,1.0,0.0,0.0,0.0,0.0,2.3337465177498906,April,0,0,0,1,0,0,0,0,0,0,0,0,0
2025-04-04 00:00:00,83163.98757387721,36594464539.14662,1818.2844199542053,2758692011743.04,1652537223074.958,219762279056.2319,2758692011743.04,0.5990292559084281,0.07966176656211,0.3213089775294617,28.0,0.0,1.0,0.0,0.0,0.0,2.3337465177498906,April,0,0,0,1,0,0,0,0,0,0,0,0,0
2025-04-05 00:00:00,83852.00765399594,35647289400.47406,1814.4807753449504,2782640193454.0767,1664234880198.049,218925876283.936,2782640193454.0767,0.5980776401178347,0.0786755962193532,0.323246763662812,30.0,0.0,1.0,0.0,0.0,0.0,2.3337465177498906,April,0,0,0,1,0,0,0,0,0,0,0,0,0
2025-04-06 00:00:00,83595.88550177493,14910400035.531416,1809.935827172196,2771559075551.9287,1656020067997.187,217957146409.9286,2771559075551.9287,0.5975048782488632,0.07864062806113,0.3238544936900067,34.0,0.0,1.0,0.0,0.0,0.0,2.3337465177498906,April,0,0,0,1,0,0,0,0,0,0,0,0,0
2025-04-07 00:00:00,78211.48358199988,36140377231.68329,1574.6321611455576,2569456992524.639,1555325260787.2627,190295586491.21872,2569456992524.639,0.6053128210793932,0.0740606233320303,0.3206265555885764,23.0,1.0,0.0,0.0,0.0,0.0,2.3337465177498906,April,0,0,0,1,0,0,0,0,0,0,0,0,0
2025-04-08 00:00:00,79179.29226757778,82909748172.59216,1555.909812570873,2591026789764.569,1581407565278.352,188565143892.71408,2591026789764.569,0.6103401059091501,0.0727762231705245,0.3168836709203253,24.0,1.0,0.0,0.0,0.0,0.0,2.3337465177498906,April,0,0,0,1,0,0,0,0,0,0,0,0,0
2025-04-09 00:00:00,76329.090356324,47812787635.22632,1471.3608854365525,2507444788613.5,1515042499757.3254,177496121145.5316,2507444788613.5,0.6042176907093828,0.0707876488254318,0.3249946604651854,18.0,1.0,0.0,0.0,0.0,0.0,2.3337465177498906,April,0,0,0,1,0,0,0,0,0,0,0,0,0
2025-04-10 00:00:00,82622.17029546302,87408220482.11568,1662.5331604641576,2718642638293.754,1640567909122.172,200623016236.85327,2718642638293.754,0.6034511068184409,0.0737952879171961,0.3227536052643629,39.0,0.0,1.0,0.0,0.0,0.0,2.3337465177498906,April,0,0,0,1,0,0,0,0,0,0,0,0,0
2025-04-11 00:00:00,79596.35732250768,41213520154.25157,1523.928624242526,2622042736187.136,1580023209138.0547,183947227079.4256,2622042736187.136,0.6025924701119318,0.0701541681761121,0.327253361711956,25.0,1.0,0.0,0.0,0.0,0.0,2.3337465177498906,April,0,0,0,1,0,0,0,0,0,0,0,0,0
2025-04-12 00:00:00,83439.28818043756,39813566443.76779,1568.131690125936,2725382574862.281,1655868880454.1702,189185664203.6754,2725382574862.281,0.6075730048790837,0.0694161861709398,0.3230108089499764,43.0,0.0,1.0,0.0,0.0,0.0,2.3337465177498906,April,0,0,0,1,0,0,0,0,0,0,0,0,0
2025-04-13 00:00:00,85305.09728392666,22428929482.06912,1645.8625733156498,2803725709200.883,1693600655371.0874,198696438258.60336,2803725709200.883,0.6040536168760235,0.0708687150125094,0.325077668111467,45.0,0.0,1.0,0.0,0.0,0.0,2.3337465177498906,April,0,0,0,1,0,0,0,0,0,0,0,0,0
2025-04-14 00:00:00,83600.82010054543,28731125717.93436,1595.4227460001084,2742476449728.155,1658923208081.8682,192382635779.77805,2742476449728.155,0.6048997096205903,0.0701492389474658,0.3249510514319439,31.0,0.0,1.0,0.0,0.0,0.0,2.3337465177498906,April,0,0,0,1,0,0,0,0,0,0,0,0,0
2025-04-15 00:00:00,84523.4524914945,33155578229.34352,1621.543195596693,2764672480281.164,1677843510120.269,195686083638.74744,2764672480281.164,0.6068868996553379,0.0707809279523939,0.3223321723922681,38.0,0.0,1.0,0.0,0.0,0.0,2.3337465177498906,April,0,0,0,1,0,0,0,0,0,0,0,0,0
2025-04-16 00:00:00,83656.49248858042,25084671427.622566,1587.82222440214,2729062570747.384,1660749023283.0562,191837036865.40182,2729062570747.384,0.6085419371048871,0.0702941145145181,0.3211639483805947,29.0,0.0,1.0,0.0,0.0,0.0,2.3337465177498906,April,0,0,0,1,0,0,0,0,0,0,0,0,0
2025-04-17 00:00:00,84105.77942167096,26948109141.803364,1577.7073516760115,2738068322315.763,1670497569762.047,190419833063.11868,2738068322315.763,0.6101007619668154,0.0695453183221038,0.3203539197110807,30.0,0.0,1.0,0.0,0.0,0.0,2.3337465177498906,April,0,0,0,1,0,0,0,0,0,0,0,0,0
2025-04-18 00:00:00,84930.90857600998,19323821375.14309,1583.4764497002343,2762306154814.599,1686226810049.1836,191135638825.23685,2762306154814.599,0.6104416800831984,0.0691942268933855,0.3203640930234159,33.0,0.0,1.0,0.0,0.0,0.0,2.3337465177498906,April,0,0,0,1,0,0,0,0,0,0,0,0,0
2025-04-19 00:00:00,84433.75017215389,9550691272.782003,1589.1516208270757,2756415314059.2944,1676373197914.5117,191865697060.91525,2756415314059.2944,0.6081714861196895,0.0696069623769286,0.3222215515033818,32.0,0.0,1.0,0.0,0.0,0.0,2.3337465177498906,April,0,0,0,1,0,0,0,0,0,0,0,0,0
2025-04-20 00:00:00,85126.66244301842,12635983530.804457,1615.0502549158562,2783459616190.356,1690090596771.3958,194945047366.35385,2783459616190.356,0.607190629582252,0.0700369591254101,0.3227724112923378,37.0,0.0,1.0,0.0,0.0,0.0,2.3337465177498906,April,0,0,0,1,0,0,0,0,0,0,0,0,0
2025-04-21 00:00:00,85073.16544858096,12625843856.313684,1585.4600253443446,2780221649335.0166,1689008667806.3804,191374869502.39383,2780221649335.0166,0.6075086381009814,0.068834392951428,0.3236569689475905,39.0,0.0,1.0,0.0,0.0,0.0,2.3337465177498906,April,0,0,0,1,0,0,0,0,0,0,0,0,0
2025-04-22 00:00:00,87452.04699068287,40070025414.28289,1577.4465595922347,2829235131727.1924,1735703747771.06,190376888818.46906,2829235131727.1924,0.6134886875632168,0.0672891717918997,0.3192221406448834,47.0,0.0,0.0,1.0,0.0,0.0,2.3337465177498906,April,0,0,0,1,0,0,0,0,0,0,0,0,0
2025-04-23 00:00:00,93576.1658857398,53841992235.36636,1759.7064599311093,3017224310851.8745,1858587811717.8289,212582611840.14056,3017224310851.8745,0.6159925879667463,0.0704563499225288,0.3135510621107249,72.0,0.0,0.0,0.0,1.0,0.0,2.3337465177498906,April,0,0,0,1,0,0,0,0,0,0,0,0,0
2025-04-24 00:00:00,93605.45230873208,39901515879.65954,1793.969849485534,3034692905267.4453,1858660302322.256,216572719914.54987,3034692905267.4453,0.6124706388234871,0.0713656131526967,0.3161637480238162,63.0,0.0,0.0,0.0,1.0,0.0,2.3337465177498906,April,0,0,0,1,0,0,0,0,0,0,0,0,0
2025-04-25 00:00:00,93872.81422867288,30031246761.09345,1769.3925107354407,3041970736906.868,1864298110563.3408,213593284213.58224,3041970736906.868,0.6128586603232724,0.0702154302873958,0.3169259093893318,60.0,0.0,0.0,0.0,1.0,0.0,2.3337465177498906,April,0,0,0,1,0,0,0,0,0,0,0,0,0
2025-04-26 00:00:00,94773.11200643536,39336184715.04292,1788.7981804331257,3063422805613.236,1882121595175.8464,215954892518.0041,3063422805613.236,0.6143851876166612,0.0704946415239519,0.3151201708593869,65.0,0.0,0.0,0.0,1.0,0.0,2.3337465177498906,April,0,0,0,1,0,0,0,0,0,0,0,0,0
2025-04-27 00:00:00,94644.06637120109,15445392739.787264,1821.2695303291391,3073597652704.537,1879131951239.1848,219830529458.7114,3073597652704.537,0.61137863948643,0.0715222206345963,0.3170991398789736,61.0,0.0,0.0,0.0,1.0,0.0,2.3337465177498906,April,0,0,0,1,0,0,0,0,0,0,0,0,0
2025-04-28 00:00:00,93809.33781968225,15926259371.05796,1793.6918440730135,3045977272924.88,1862772247122.064,216533502206.27112,3045977272924.88,0.6115515909064381,0.0710883512267136,0.3173600578668483,54.0,0.0,0.0,1.0,0.0,0.0,2.3337465177498906,April,0,0,0,1,0,0,0,0,0,0,0,0,0
2025-04-29 00:00:00,95030.60645474444,31913814736.53902,1799.50191449199,3078678063114.1685,1887067388174.348,217264115049.6792,3078678063114.1685,0.6129472940946371,0.0705705860098637,0.3164821198954991,60.0,0.0,0.0,0.0,1.0,0.0,2.3337465177498906,April,0,0,0,1,0,0,0,0,0,0,0,0,0
2025-04-30 00:00:00,94256.35946318062,25882629766.278942,1796.9720456768928,3055787492662.651,1870818389258.404,216596941729.71945,3055787492662.651,0.6122213647874684,0.0708808915049876,0.316897743707544,56.0,0.0,0.0,0.0,1.0,0.0,2.3337465177498906,April,0,0,0,1,0,0,0,0,0,0,0,0,0
2025-05-01 00:00:00,94235.75331048168,26541700309.366142,1794.0495408617828,3050884140375.7056,1871350362569.0933,216623334477.08453,3050884140375.7056,0.6133796881380894,0.0710034614590143,0.3156168504028962,53.0,0.0,0.0,1.0,0.0,0.0,2.37593408698984,May,0,0,0,0,1,0,0,0,0,0,0,0,0
2025-05-02 00:00:00,96426.94522273028,30207566405.46884,1838.854328592576,3113990035727.0474,1914884389769.3943,221969602979.55032,3113990035727.0474,0.6149295173715325,0.0712814108050687,0.3137890718233988,67.0,0.0,0.0,0.0,1.0,0.0,2.37593408698984,May,0,0,0,0,1,0,0,0,0,0,0,0,0
2025-05-03 00:00:00,96855.5681343944,23276376191.483967,1841.427590836958,3122058229228.38,1923251765866.1472,222269022299.2824,3122058229228.38,0.6160204661978649,0.0711931059512033,0.3127864278509317,65.0,0.0,0.0,0.0,1.0,0.0,2.37593408698984,May,0,0,0,0,1,0,0,0,0,0,0,0,0
2025-05-04 00:00:00,95922.86842404422,13797554863.642817,1834.501911876416,3087351263766.602,1904894886394.57,221494950784.02625,3087351263766.602,0.6169997268372299,0.0717427114250031,0.3112575617377668,64.0,0.0,0.0,0.0,1.0,0.0,2.37593408698984,May,0,0,0,0,1,0,0,0,0,0,0,0,0
2025-05-05 00:00:00,94326.62048529249,14903122945.616686,1808.156093844096,3039062510287.028,1872812442453.032,218216268630.8664,3039062510287.028,0.6162467656106725,0.0718038105146631,0.3119494238746643,52.0,0.0,0.0,1.0,0.0,0.0,2.37593408698984,May,0,0,0,0,1,0,0,0,0,0,0,0,0
2025-05-06 00:00:00,94758.8237105546,24086456278.20385,1820.00445988936,3051964488713.828,1882511286487.958,219769896301.20087,3051964488713.828,0.6168195250794986,0.0720093228849517,0.3111711520355497,59.0,0.0,0.0,0.0,1.0,0.0,2.37593408698984,May,0,0,0,0,1,0,0,0,0,0,0,0,0
2025-05-07 00:00:00,96854.53198815876,23348052607.07188,1816.168694381844,3092871840495.847,1923643840814.599,219305875804.5597,3092871840495.847,0.621960410912533,0.0709068746183161,0.3071327144691509,67.0,0.0,0.0,0.0,1.0,0.0,2.37593408698984,May,0,0,0,0,1,0,0,0,0,0,0,0,0
2025-05-08 00:00:00,97026.493769668,64376174032.08048,1810.316926928448,3096228493078.8545,1927134557858.269,218569578701.4217,3096228493078.8545,0.6224135467282482,0.0705921992482145,0.3069942540235372,65.0,0.0,0.0,0.0,1.0,0.0,2.37593408698984,May,0,0,0,0,1,0,0,0,0,0,0,0,0
2025-05-09 00:00:00,103076.27555512934,50020047720.65604,2197.5611893238784,3341963966926.2666,2047883753852.6929,264994998215.9445,3341963966926.2666,0.6127785260761536,0.0792931943128251,0.3079282796110212,73.0,0.0,0.0,0.0,1.0,0.0,2.37593408698984,May,0,0,0,0,1,0,0,0,0,0,0,0,0
2025-05-10 00:00:00,102962.540456923,40800894903.23446,2341.407963002621,3382312175548.532,2045046445523.524,282636716534.08844,3382312175548.532,0.6046297146394729,0.083563166811547,0.3118071185489801,70.0,0.0,0.0,0.0,1.0,0.0,2.37593408698984,May,0,0,0,0,1,0,0,0,0,0,0,0,0
2025-05-11 00:00:00,104630.8792994166,21558992540.04244,2583.682905142952,3494536279311.385,2077132539531.3464,312095621694.1442,3494536279311.385,0.5943943268892476,0.0893095955368488,0.3162960775739035,70.0,0.0,0.0,0.0,1.0,0.0,2.37593408698984,May,0,0,0,0,1,0,0,0,0,0,0,0,0
2025-05-12 00:00:00,103994.061616746,27389436049.454792,2507.4693107597423,3450658242625.493,2065659960471.3647,302727255563.5134,3450658242625.493,0.5986278023579849,0.0877302921002046,0.3136419055418105,70.0,0.0,0.0,0.0,1.0,0.0,2.37593408698984,May,0,0,0,0,1,0,0,0,0,0,0,0,0
2025-05-13 00:00:00,102876.8304286011,43090605819.36596,2492.426391077375,3436263953248.537,2044347271866.171,300976824863.0343,3436263953248.537,0.5949331307723054,0.087588389296608,0.3174784799310866,70.0,0.0,0.0,0.0,1.0,0.0,2.37593408698984,May,0,0,0,0,1,0,0,0,0,0,0,0,0
2025-05-14 00:00:00,104184.49039270742,33861432519.50822,2676.639163127913,3510566616013.9067,2069356072124.024,322977150438.36176,3510566616013.9067,0.5894649777287765,0.092001430471383,0.3185335917998405,73.0,0.0,0.0,0.0,1.0,0.0,2.37593408698984,May,0,0,0,0,1,0,0,0,0,0,0,0,0
2025-05-15 00:00:00,103594.42575090707,28398245846.798244,2603.718088719961,3462545183087.201,2057798367292.564,314022060127.0501,3462545183087.201,0.5943022425653471,0.0906911082809519,0.3150066491537008,70.0,0.0,0.0,0.0,1.0,0.0,2.37593408698984,May,0,0,0,0,1,0,0,0,0,0,0,0,0
2025-05-16 00:00:00,103708.8513642364,31823340473.339912,2542.296692466797,3426706490749.9,2060142559914.034,306933361055.9317,3426706490749.9,0.6012019312057254,0.0895709515490958,0.3092271172451787,71.0,0.0,0.0,0.0,1.0,0.0,2.37593408698984,May,0,0,0,0,1,0,0,0,0,0,0,0,0
2025-05-17 00:00:00,103556.03493982446,25887953182.14765,2544.3870377235667,3419008685865.9883,2057725640290.077,307619694635.7725,3419008685865.9883,0.6018486144234182,0.0899733586251058,0.3081780269514759,74.0,0.0,0.0,0.0,1.0,0.0,2.37593408698984,May,0,0,0,0,1,0,0,0,0,0,0,0,0
2025-05-18 00:00:00,103212.36483885496,18950056010.479057,2475.054393369692,3387150192193.1743,2050318521477.805,298789831687.0011,3387150192193.1743,0.6053225883527258,0.088212749577997,0.3064646620692771,74.0,0.0,0.0,0.0,1.0,0.0,2.37593408698984,May,0,0,0,0,1,0,0,0,0,0,0,0,0
2025-05-19 00:00:00,106030.6376831359,30744060179.802963,2465.3409856139087,3479811014678.802,2104889720872.8303,296863390804.2497,3479811014678.802,0.604886217094499,0.0853102049369917,0.3098035779685093,74.0,0.0,0.0,0.0,1.0,0.0,2.37593408698984,May,0,0,0,0,1,0,0,0,0,0,0,0,0
2025-05-20 00:00:00,105629.41580436694,43339734153.75087,2526.989643891319,3454163050774.796,2098485415895.0496,305077067863.0779,3454163050774.796,0.6075235549243522,0.0883215596306742,0.3041548854449735,71.0,0.0,0.0,0.0,1.0,0.0,2.37593408698984,May,0,0,0,0,1,0,0,0,0,0,0,0,0
2025-05-21 00:00:00,106786.71995834044,36393687094.25122,2524.2743433146065,3481436913386.379,2121778617273.821,304737250158.37354,3481436913386.379,0.6094548515629933,0.087532032818586,0.3030131156184206,70.0,0.0,0.0,0.0,1.0,0.0,2.37593408698984,May,0,0,0,0,1,0,0,0,0,0,0,0,0
2025-05-22 00:00:00,109665.86371625264,60722883113.84,2558.9502343769486,3565145966438.86,2178838967665.505,308934701949.7151,3565145966438.86,0.6111500028824615,0.086654152412812,0.3021958447047265,72.0,0.0,0.0,0.0,1.0,0.0,2.37593408698984,May,0,0,0,0,1,0,0,0,0,0,0,0,0
2025-05-23 00:00:00,111560.356938144,52218408239.45193,2657.1674447566115,3645865451592.045,2214712145787.249,320733890913.39886,3645865451592.045,0.6074585513900815,0.0879719493689333,0.3045694992409851,78.0,0.0,0.0,0.0,0.0,1.0,2.37593408698984,May,0,0,0,0,1,0,0,0,0,0,0,0,0
2025-05-24 00:00:00,107216.66856870624,49251745837.96465,2519.813809045145,3497213415749.625,2131595896624.441,304038733414.03973,3497213415749.625,0.6095126728683028,0.0869374262505135,0.3035499008811836,66.0,0.0,0.0,0.0,1.0,0.0,2.37593408698984,May,0,0,0,0,1,0,0,0,0,0,0,0,0
2025-05-25 00:00:00,107831.36374380375,27128230116.51716,2529.442984228436,3512928691998.3506,2142540077685.22,305369227833.4215,3512928691998.3506,0.6099013858622969,0.0869272492006407,0.3031713649370623,74.0,0.0,0.0,0.0,1.0,0.0,2.37593408698984,May,0,0,0,0,1,0,0,0,0,0,0,0,0
2025-05-26 00:00:00,108861.81037744328,29652659665.048733,2546.6201163370915,3544064069739.016,2163072841533.6133,307423642894.0653,3544064069739.016,0.6103368333555271,0.0867432520532011,0.3029199145912717,73.0,0.0,0.0,0.0,1.0,0.0,2.37593408698984,May,0,0,0,0,1,0,0,0,0,0,0,0,0
2025-05-27 00:00:00,109377.71513263127,27950577137.918888,2562.172928639224,3550954764368.976,2173059855839.4187,309319360637.7837,3550954764368.976,0.6119649502844577,0.0871087865555368,0.3009262631600054,74.0,0.0,0.0,0.0,1.0,0.0,2.37593408698984,May,0,0,0,0,1,0,0,0,0,0,0,0,0
2025-05-28 00:00:00,109068.45694901443,38978783508.88622,2662.0940568241435,3564198273712.389,2167551887130.008,321357595434.52185,3564198273712.389,0.6081457092655886,0.0901626595256169,0.3016916312087944,71.0,0.0,0.0,0.0,1.0,0.0,2.37593408698984,May,0,0,0,0,1,0,0,0,0,0,0,0,0
2025-05-29 00:00:00,107838.18431100152,29794278037.284943,2676.2674124507,3532754544132.3643,2143342706888.307,323119009777.13904,3532754544132.3643,0.6067058099035597,0.091463758871619,0.3018304312248212,74.0,0.0,0.0,0.0,1.0,0.0,2.37593408698984,May,0,0,0,0,1,0,0,0,0,0,0,0,0
2025-05-30 00:00:00,105745.41660358038,38279231892.56757,2633.139206528669,3466808300896.8945,2101348752694.3137,317891224562.8813,3466808300896.8945,0.606133529838,0.0916956453809805,0.3021708247810195,60.0,0.0,0.0,0.0,1.0,0.0,2.37593408698984,May,0,0,0,0,1,0,0,0,0,0,0,0,0
2025-05-31 00:00:00,104010.91956242644,39680060337.61021,2524.4762348050726,3374422843791.5864,2066830946978.064,304659964725.2192,3374422843791.5864,0.6124990976696094,0.0902850587577505,0.29721584357264,50.0,0.0,0.0,1.0,0.0,0.0,2.37593408698984,May,0,0,0,0,1,0,0,0,0,0,0,0,0
2025-06-01 00:00:00,104687.50742934884,20432694555.09522,2532.3627853090866,3394066140352.021,2080467809295.7693,305718505778.76434,3394066140352.021,0.6129720881278967,0.0900744102019933,0.2969535016701099,56.0,0.0,0.0,0.0,1.0,0.0,2.6726833178446263,June,0,0,0,0,0,1,0,0,0,0,0,0,0
2025-06-02 00:00:00,105710.00593822816,17721500507.53389,2538.3300584367485,3422013828776.095,2101178071590.9749,306561765778.2403,3422013828776.095,0.6140179954627695,0.0895851919709757,0.2963968125662548,64.0,0.0,0.0,0.0,1.0,0.0,2.6726833178446263,June,0,0,0,0,0,1,0,0,0,0,0,0,0
2025-06-03 00:00:00,105884.74263221148,26313843058.73954,2609.737253959435,3441580892502.9785,2104229403094.936,314999579353.95825,3441580892502.9785,0.611413611598878,0.0915275825828015,0.2970588058183204,64.0,0.0,0.0,0.0,1.0,0.0,2.6726833178446263,June,0,0,0,0,0,1,0,0,0,0,0,0,0
2025-06-04 00:00:00,105434.47745144973,25925661121.080395,2595.4689570063,3432676508810.939,2095294001281.48,313315832347.0171,3432676508810.939,0.6103965800165885,0.0912745001000831,0.2983289198833284,62.0,0.0,0.0,0.0,1.0,0.0,2.6726833178446263,June,0,0,0,0,0,1,0,0,0,0,0,0,0
2025-06-05 00:00:00,104812.9182188067,25812143562.79796,2610.343189828259,3409253700280.385,2083148839111.2068,315159803382.89014,3409253700280.385,0.6110278149554795,0.0924424613389642,0.2965297237055562,57.0,0.0,0.0,0.0,1.0,0.0,2.6726833178446263,June,0,0,0,0,0,1,0,0,0,0,0,0,0
2025-06-06 00:00:00,101650.7387545425,39711941132.0234,2421.601103763502,3286730484455.844,2020294099992.368,292341916400.9464,3286730484455.844,0.6146820098414157,0.0889461176642072,0.296371872494377,45.0,0.0,1.0,0.0,0.0,0.0,2.6726833178446263,June,0,0,0,0,0,1,0,0,0,0,0,0,0
2025-06-07 00:00:00,104409.74967959142,29897390978.090103,2481.4039836690267,3368073994918.28,2075175500201.4253,299560106673.7574,3368073994918.28,0.6161312083203729,0.0889410705126226,0.2949277211670044,52.0,0.0,0.0,1.0,0.0,0.0,2.6726833178446263,June,0,0,0,0,0,1,0,0,0,0,0,0,0
2025-06-08 00:00:00,105681.4546141758,17749731308.73042,2526.291995889778,3413633564289.677,2100553336902.508,304953508465.0457,3413633564289.677,0.6153423609600581,0.0893339905182534,0.2953236485216884,62.0,0.0,0.0,0.0,1.0,0.0,2.6726833178446263,June,0,0,0,0,0,1,0,0,0,0,0,0,0
2025-06-09 00:00:00,105692.24740699006,16044679696.270103,2508.784123584585,3421156961744.0303,2100654769399.4705,302870081038.261,3421156961744.0303,0.6140188225472716,0.088528554645404,0.2974526228073243,62.0,0.0,0.0,0.0,1.0,0.0,2.6726833178446263,June,0,0,0,0,0,1,0,0,0,0,0,0,0
2025-06-10 00:00:00,110261.57485948496,38222993297.50514,2685.0001850413178,3565535058485.204,2191877481230.9468,324315565109.11993,3565535058485.204,0.6147401288383777,0.0909584563857586,0.2943014147758636,71.0,0.0,0.0,0.0,1.0,0.0,2.6726833178446263,June,0,0,0,0,0,1,0,0,0,0,0,0,0
2025-06-11 00:00:00,110212.73252109604,36303839182.734825,2808.503208314919,3597598411234.7964,2189350055406.3333,339012253954.4242,3597598411234.7964,0.6085587675848698,0.0942329340861771,0.297208298328953,72.0,0.0,0.0,0.0,1.0,0.0,2.6726833178446263,June,0,0,0,0,0,1,0,0,0,0,0,0,0
2025-06-12 00:00:00,108679.9760916168,30338936631.626648,2776.1371915822333,3543656372525.4805,2159529375273.496,334990282503.402,3543656372525.4805,0.6094071061789917,0.094532383303481,0.2960605105175272,71.0,0.0,0.0,0.0,1.0,0.0,2.6726833178446263,June,0,0,0,0,0,1,0,0,0,0,0,0,0
2025-06-13 00:00:00,105979.22902375912,35865159511.38857,2653.158968452672,3442817978976.225,2107911943768.2988,320595535562.5316,3442817978976.225,0.6122635459209258,0.0931200945040567,0.2946163595750175,61.0,0.0,0.0,0.0,1.0,0.0,2.6726833178446263,June,0,0,0,0,0,1,0,0,0,0,0,0,0
2025-06-14 00:00:00,106045.56440819205,49471015505.74361,2577.04861752583,3425440069275.547,2107973087547.792,311111352117.7261,3425440069275.547,0.6153875253738161,0.0908237615681081,0.2937887130580757,63.0,0.0,0.0,0.0,1.0,0.0,2.6726833178446263,June,0,0,0,0,0,1,0,0,0,0,0,0,0
2025-06-15 00:00:00,105482.90611628916,17916412455.866283,2534.070219535952,3396193128592.072,2097486541223.27,306048481935.1591,3396193128592.072,0.6175993124668989,0.0901151584574446,0.2922855290756564,60.0,0.0,0.0,0.0,1.0,0.0,2.6726833178446263,June,0,0,0,0,0,1,0,0,0,0,0,0,0
2025-06-16 00:00:00,105554.49383061715,16568441852.649668,2547.845604092044,3408915710836.889,2098499110552.6216,307537228689.2678,3408915710836.889,0.6155913752521149,0.0902155567272056,0.2941930680206794,61.0,0.0,0.0,0.0,1.0,0.0,2.6726833178446263,June,0,0,0,0,0,1,0,0,0,0,0,0,0
2025-06-17 00:00:00,106951.2720181497,32095957011.724205,2561.329843569428,3442768945008.498,2127895470544.7173,309982828015.90594,3442768945008.498,0.6180767587176738,0.0900388126439141,0.2918844286384121,68.0,0.0,0.0,0.0,1.0,0.0,2.6726833178446263,June,0,0,0,0,0,1,0,0,0,0,0,0,0
2025-06-18 00:00:00,104683.42479835715,38603212010.88944,2514.986700576147,3371068463276.081,2080968120976.949,303697873489.69434,3371068463276.081,0.6173022421961186,0.0900895003462949,0.2926082574575864,52.0,0.0,0.0,1.0,0.0,0.0,2.6726833178446263,June,0,0,0,0,0,1,0,0,0,0,0,0,0
2025-06-19 00:00:00,104722.695052907,30339326410.154945,2521.3334233964915,3377736531891.2905,2081677732261.6853,304290652058.44,3377736531891.2905,0.6162936962688723,0.0900871483567307,0.2936191553743969,57.0,0.0,0.0,0.0,1.0,0.0,2.6726833178446263,June,0,0,0,0,0,1,0,0,0,0,0,0,0
2025-06-20 00:00:00,104690.65002458123,18063282658.15229,2522.1791903642184,3372899453699.82,2081355279873.408,304481216643.1207,3372899453699.82,0.6170819226734778,0.0902728411631504,0.2926452361633717,54.0,0.0,0.0,1.0,0.0,0.0,2.6726833178446263,June,0,0,0,0,0,1,0,0,0,0,0,0,0
2025-06-21 00:00:00,103290.105144757,30632751225.407444,2405.695434213183,3310281045585.5195,2054120245608.2085,290401843920.2328,3310281045585.5195,0.6205274468605966,0.0877272473004982,0.2917453058389052,49.0,0.0,0.0,1.0,0.0,0.0,2.6726833178446263,June,0,0,0,0,0,1,0,0,0,0,0,0,0
2025-06-22 00:00:00,101532.5683847329,21644463198.71953,2270.581996055585,3248868008770.5884,2017415966695.528,273839538572.25955,3248868008770.5884,0.6209596577175024,0.084287677379631,0.2947526649028666,42.0,0.0,1.0,0.0,0.0,0.0,2.6726833178446263,June,0,0,0,0,0,1,0,0,0,0,0,0,0
2025-06-23 00:00:00,100852.58264648831,51287142390.02526,2227.4287266371684,3204402531092.2783,2005179769771.7349,268777741291.43988,3204402531092.2783,0.6257577661718527,0.0838776460458674,0.2903645877822798,47.0,0.0,0.0,1.0,0.0,0.0,2.6726833178446263,June,0,0,0,0,0,1,0,0,0,0,0,0,0
2025-06-24 00:00:00,105511.62437933136,50011797128.6837,2423.899644268608,3372419346402.418,2097741233586.592,292612668627.3885,3372419346402.418,0.6220285848568597,0.0867663948552358,0.2912050202879044,65.0,0.0,0.0,0.0,1.0,0.0,2.6726833178446263,June,0,0,0,0,0,1,0,0,0,0,0,0,0
2025-06-25 00:00:00,105976.06929808448,31704641076.941063,2446.539301545049,3391502334855.836,2107110352429.8032,295402538889.65454,3391502334855.836,0.621291140145823,0.0871007918389687,0.2916080680152083,66.0,0.0,0.0,0.0,1.0,0.0,2.6726833178446263,June,0,0,0,0,0,1,0,0,0,0,0,0,0
2025-06-26 00:00:00,107238.53045016268,30468274982.034847,2417.2267855277296,3407985742043.8687,2132141147369.0017,291827501114.87933,3407985742043.8687,0.6256308883763975,0.0856304935536091,0.2887386180699934,74.0,0.0,0.0,0.0,1.0,0.0,2.6726833178446263,June,0,0,0,0,0,1,0,0,0,0,0,0,0
2025-06-27 00:00:00,106984.01253775664,24320699663.15122,2415.031864876594,3383566164219.0835,2127292099754.93,291547094716.2168,3383566164219.0835,0.6287130194913455,0.0861656254277814,0.285121355080873,65.0,0.0,0.0,0.0,1.0,0.0,2.6726833178446263,June,0,0,0,0,0,1,0,0,0,0,0,0,0
2025-06-28 00:00:00,107078.91560644074,25194306261.888832,2423.0302896731746,3396256657114.3306,2129020567385.96,292419308271.8665,3396256657114.3306,0.6268726961274202,0.0861004740791068,0.2870268297934729,65.0,0.0,0.0,0.0,1.0,0.0,2.6726833178446263,June,0,0,0,0,0,1,0,0,0,0,0,0,0
2025-06-29 00:00:00,107331.58548463575,8960877693.57604,2437.133001780241,3416694195935.9526,2134239999929.6584,294208600645.2538,3416694195935.9526,0.6246505767089919,0.0861091405239618,0.2892402827670462,68.0,0.0,0.0,0.0,1.0,0.0,2.6726833178446263,June,0,0,0,0,0,1,0,0,0,0,0,0,0
2025-06-30 00:00:00,108396.61631317894,14881078675.366829,2502.6672721177083,3461179631531.975,2155183166489.813,302158279316.21674,3461179631531.975,0.6226730178508225,0.0872992191920638,0.2900277629571136,66.0,0.0,0.0,0.0,1.0,0.0,2.6726833178446263,June,0,0,0,0,0,1,0,0,0,0,0,0,0
2025-07-01 00:00:00,107132.79910701896,22489515582.41552,2488.190781689803,3429992698095.514,2130471589191.581,300388851494.49866,3429992698095.514,0.6211300654880445,0.087577111071195,0.2912928234407605,64.0,0.0,0.0,0.0,1.0,0.0,2.7318012794754543,July,0,0,0,0,0,0,1,0,0,0,0,0,0
2025-07-02 00:00:00,105613.39974163056,25033160828.30909,2405.1045592800183,3366880600834.5444,2100087563077.9324,290294455719.4809,3366880600834.5444,0.623748749081683,0.086220597085482,0.290030653832835,63.0,0.0,0.0,0.0,1.0,0.0,2.7318012794754543,July,0,0,0,0,0,0,1,0,0,0,0,0,0
2025-07-03 00:00:00,108824.44423167944,36395184773.06136,2574.067718495133,3480118360203.354,2163835371770.0977,310930535640.4307,3480118360203.354,0.6217706261127447,0.0893448163131618,0.2888845575740934,73.0,0.0,0.0,0.0,1.0,0.0,2.7318012794754543,July,0,0,0,0,0,0,1,0,0,0,0,0,0
2025-07-04 00:00:00,109602.20483914016,29892049537.628605,2590.132231590221,3463797575321.756,2179664531219.9343,312621047413.045,3463797575321.756,0.6292701821691942,0.0902538444048669,0.2804759734259389,73.0,0.0,0.0,0.0,1.0,0.0,2.7318012794754543,July,0,0,0,0,0,0,1,0,0,0,0,0,0
2025-07-05 00:00:00,108040.8919400104,24248906784.57383,2509.236345783362,3402292032681.3896,2148601712907.3435,302827514359.61035,3402292032681.3896,0.6315159581448401,0.0890069140011323,0.2794771278540275,67.0,0.0,0.0,0.0,1.0,0.0,2.7318012794754543,July,0,0,0,0,0,0,1,0,0,0,0,0,0
2025-07-06 00:00:00,108217.46849992426,10042942280.966904,2517.37917835065,3409129363800.2944,2152344091389.654,304028836772.5733,3409129363800.2944,0.6313471451814751,0.0891807861563986,0.2794720686621263,66.0,0.0,0.0,0.0,1.0,0.0,2.7318012794754543,July,0,0,0,0,0,0,1,0,0,0,0,0,0
2025-07-07 00:00:00,109215.19771840284,14638669497.351295,2571.358192115984,3449003301918.13,2171497503296.048,310345645222.7514,3449003301918.13,0.6296014567711171,0.0899812548889575,0.2804172883399253,73.0,0.0,0.0,0.0,1.0,0.0,2.7318012794754543,July,0,0,0,0,0,0,1,0,0,0,0,0,0
2025-07-08 00:00:00,108300.71675785031,25493246475.80407,2543.6317028067488,3419633231943.786,2153777588647.4504,307013209348.5054,3419633231943.786,0.6298270728358788,0.089779572405779,0.2803933547583421,65.0,0.0,0.0,0.0,1.0,0.0,2.7318012794754543,July,0,0,0,0,0,0,1,0,0,0,0,0,0
2025-07-09 00:00:00,108953.19187727802,20488865138.27645,2615.7759888945047,3440319567929.453,2167049398056.7417,315738597830.34283,3440319567929.453,0.6298977043463944,0.0917759503429994,0.2783263453106062,66.0,0.0,0.0,0.0,1.0,0.0,2.7318012794754543,July,0,0,0,0,0,0,1,0,0,0,0,0,0
2025-07-10 00:00:00,111327.53054245668,37078460440.66385,2772.5795626609174,3532002768457.15,2215210888568.426,335050165487.70404,3532002768457.15,0.6271826591846287,0.0948612409027246,0.2779560999126467,71.0,0.0,0.0,0.0,1.0,0.0,2.7318012794754543,July,0,0,0,0,0,0,1,0,0,0,0,0,0
2025-07-11 00:00:00,115879.65030112496,56204086624.04028,2948.4462027029053,3686496437626.315,2303292356999.744,355346738000.49475,3686496437626.315,0.6247916947623047,0.0963914502598292,0.278816854977866,71.0,0.0,0.0,0.0,1.0,0.0,2.7318012794754543,July,0,0,0,0,0,0,1,0,0,0,0,0,0
2025-07-12 00:00:00,117571.02510036016,64185145923.88688,2958.8514450990992,3740436367668.712,2338612196961.744,357144054434.9151,3740436367668.712,0.6252244302766531,0.095481922248957,0.2792936474743899,79.0,0.0,0.0,0.0,0.0,1.0,2.7318012794754543,July,0,0,0,0,0,0,1,0,0,0,0,0,0
2025-07-13 00:00:00,117418.95745007684,24351256098.393543,2942.9616055388096,3731569457073.714,2335485977830.673,355216449018.5163,3731569457073.714,0.625872305124438,0.0951922383074375,0.2789354565681244,74.0,0.0,0.0,0.0,1.0,0.0,2.7318012794754543,July,0,0,0,0,0,0,1,0,0,0,0,0,0
2025-07-14 00:00:00,119117.55666327637,27310851454.97692,2974.2654952333387,3788983350268.793,2369050366835.5605,359110100026.3572,3788983350268.793,0.6252469720320883,0.0947774288849492,0.2799755990829624,74.0,0.0,0.0,0.0,1.0,0.0,2.7318012794754543,July,0,0,0,0,0,0,1,0,0,0,0,0,0
2025-07-15 00:00:00,119833.67446712356,68915956378.80447,3012.179706905928,3818612249276.22,2383825813673.847,363606274489.5085,3818612249276.22,0.6242649575446362,0.0952194804692271,0.2805155619861367,73.0,0.0,0.0,0.0,1.0,0.0,2.7318012794754543,July,0,0,0,0,0,0,1,0,0,0,0,0,0
2025-07-16 00:00:00,117678.19493404306,80299520980.2335,3133.069857747011,3799565728441.717,2341223394839.9204,378233206915.8164,3799565728441.717,0.6161818381807823,0.0995464308156442,0.2842717310035734,70.0,0.0,0.0,0.0,1.0,0.0,2.7318012794754543,July,0,0,0,0,0,0,1,0,0,0,0,0,0
2025-07-17 00:00:00,118748.1627367753,50374263848.76278,3368.126521526108,3873368212842.8433,2363194640209.576,406599729410.5382,3873368212842.8433,0.6101136040653152,0.1049731672972335,0.2849132286374513,74.0,0.0,0.0,0.0,1.0,0.0,2.7318012794754543,July,0,0,0,0,0,0,1,0,0,0,0,0,0
2025-07-18 00:00:00,119445.36520434044,49282617205.72662,3481.8828152374017,3941200930971.26,2376237382764.3013,420347293649.25085,3941200930971.26,0.6029221611339433,0.1066546215256428,0.2904232173404139,73.0,0.0,0.0,0.0,1.0,0.0,2.7318012794754543,July,0,0,0,0,0,0,1,0,0,0,0,0,0
2025-07-19 00:00:00,117988.94664455787,58896449260.69391,3547.317079001209,3921859340048.8223,2347165317624.536,427841866746.5711,3921859340048.8223,0.5984827894402038,0.1090915888740785,0.2924256216857176,74.0,0.0,0.0,0.0,1.0,0.0,2.7318012794754543,July,0,0,0,0,0,0,1,0,0,0,0,0,0
2025-07-20 00:00:00,117901.62655900871,23934511126.349533,3594.3185010809702,3936726451784.46,2345398337785.541,433877664505.94135,3936726451784.46,0.5957737644489894,0.1102128049332132,0.2940134306177973,72.0,0.0,0.0,0.0,1.0,0.0,2.7318012794754543,July,0,0,0,0,0,0,1,0,0,0,0,0,0
2025-07-21 00:00:00,117256.9208222684,36702153882.06748,3758.605581813957,3970086918829.094,2333757287859.664,453825859015.2152,3970086918829.094,0.5878353133255741,0.1143113156699004,0.2978533710045253,71.0,0.0,0.0,0.0,1.0,0.0,2.7318012794754543,July,0,0,0,0,0,0,1,0,0,0,0,0,0
2025-07-22 00:00:00,117482.46977767294,46344384345.39471,3765.453624023574,3992700766853.322,2337365497467.132,454513156113.6638,3992700766853.322,0.585409634719315,0.1138360179372693,0.3007543473434157,72.0,0.0,0.0,0.0,1.0,0.0,2.7318012794754543,July,0,0,0,0,0,0,1,0,0,0,0,0,0
2025-07-23 00:00:00,119955.79570607652,58939000420.94166,3746.940668731632,4050424555915.771,2387516761560.4927,452355960897.7736,4050424555915.771,0.5894485204207668,0.1116811224732216,0.2988703571060115,74.0,0.0,0.0,0.0,1.0,0.0,2.7318012794754543,July,0,0,0,0,0,0,1,0,0,0,0,0,0
2025-07-24 00:00:00,118629.05588130427,45225685167.61703,3630.053531480921,3944609687549.076,2359931875300.5244,438111570682.8548,3944609687549.076,0.5982675251114218,0.1110658862056055,0.2906665886829727,71.0,0.0,0.0,0.0,1.0,0.0,2.7318012794754543,July,0,0,0,0,0,0,1,0,0,0,0,0,0
2025-07-25 00:00:00,118354.43517438594,51940414419.3327,3708.4299352383423,3933717749062.223,2354764508342.9937,447620332487.87305,3933717749062.223,0.598610438917321,0.1137906583649991,0.2875989027176798,70.0,0.0,0.0,0.0,1.0,0.0,2.7318012794754543,July,0,0,0,0,0,0,1,0,0,0,0,0,0
2025-07-26 00:00:00,117540.8083708574,91617702596.10349,3723.05290927856,3937491747149.965,2338855554998.781,449379722345.4359,3937491747149.965,0.5939963065806274,0.1141284226616363,0.2918752707577363,72.0,0.0,0.0,0.0,1.0,0.0,2.7318012794754543,July,0,0,0,0,0,0,1,0,0,0,0,0,0
2025-07-27 00:00:00,117959.54234360624,25145925063.881348,3742.431425865992,3953090871584.0034,2346959472845.027,451746443518.379,3953090871584.0034,0.593702383548952,0.1142767667613378,0.2920208496897101,73.0,0.0,0.0,0.0,1.0,0.0,2.7318012794754543,July,0,0,0,0,0,0,1,0,0,0,0,0,0
2025-07-28 00:00:00,119418.91405141471,30220402191.467663,3864.124837465477,4023709902909.19,2376524838793.0137,466077664312.2753,4023709902909.19,0.5906302631496266,0.1158328198499836,0.2935369170003897,75.0,0.0,0.0,0.0,1.0,0.0,2.7318012794754543,July,0,0,0,0,0,0,1,0,0,0,0,0,0
2025-07-29 00:00:00,118003.30201607826,43433742203.62158,3786.303845995956,3946722066432.974,2349472897426.4688,457680388920.6686,3946722066432.974,0.5952972765447123,0.1159646869520552,0.2887380365032324,73.0,0.0,0.0,0.0,1.0,0.0,2.7318012794754543,July,0,0,0,0,0,0,1,0,0,0,0,0,0
2025-07-30 00:00:00,117853.30892863822,42860287143.68828,3788.598371605823,3941781981931.154,2345126504020.1143,457213828532.1186,3941781981931.154,0.5949406930088995,0.1159916582469436,0.2890676487441568,74.0,0.0,0.0,0.0,1.0,0.0,2.7318012794754543,July,0,0,0,0,0,0,1,0,0,0,0,0,0
2025-07-31 00:00:00,117833.24087995924,43054424656.58649,3807.4166010824174,3931253489999.272,2343717963709.7124,459449027043.4022,3931253489999.272,0.5961757413181072,0.1168708729193363,0.2869533857625564,72.0,0.0,0.0,0.0,1.0,0.0,2.7318012794754543,July,0,0,0,0,0,0,1,0,0,0,0,0,0
2025-08-01 00:00:00,115700.00243915782,45238249453.35885,3696.66285308512,3853653501691.1465,2302199162425.1206,446264222707.4442,3853653501691.1465,0.5974068922944987,0.1158028926346399,0.2867902150708613,65.0,0.0,0.0,0.0,1.0,0.0,2.9392196249335534,August,0,0,0,0,0,0,0,1,0,0,0,0,0
2025-08-02 00:00:00,113234.6051343189,65794680822.25255,3483.1789551579504,3753938318749.193,2253609880959.403,420327732498.1448,3753938318749.193,0.6003321550872744,0.1119698025933994,0.2876980423193261,55.0,0.0,0.0,0.0,1.0,0.0,2.9392196249335534,August,0,0,0,0,0,0,0,1,0,0,0,0,0
2025-08-03 00:00:00,112554.90232221724,33543439044.09785,3397.4855484143177,3699657464114.524,2240413983638.112,410229849339.571,3699657464114.524,0.6055733552009611,0.1108831975172478,0.283543447281791,53.0,0.0,0.0,1.0,0.0,0.0,2.9392196249335534,August,0,0,0,0,0,0,0,1,0,0,0,0,0
2025-08-04 00:00:00,114199.10966460756,24689273719.085533,3497.573127822404,3776595954458.5073,2272802075267.0376,422223994717.4719,3776595954458.5073,0.6018123470645179,0.1118001501375888,0.2863875027978932,64.0,0.0,0.0,0.0,1.0,0.0,2.9392196249335534,August,0,0,0,0,0,0,0,1,0,0,0,0,0
2025-08-05 00:00:00,115138.68613070175,32488023582.82734,3715.709014855071,3848980265249.577,2292395156144.1514,448517239894.4303,3848980265249.577,0.5955850636182742,0.116528848937953,0.2878860874437727,60.0,0.0,0.0,0.0,1.0,0.0,2.9392196249335534,August,0,0,0,0,0,0,0,1,0,0,0,0,0
2025-08-06 00:00:00,114128.35408881678,37316213251.97167,3612.442432236669,3794616824632.888,2271583255077.356,436373875222.1905,3794616824632.888,0.5986331058069667,0.1149981395722103,0.2863687546208229,54.0,0.0,0.0,1.0,0.0,0.0,2.9392196249335534,August,0,0,0,0,0,0,0,1,0,0,0,0,0
2025-08-07 00:00:00,115022.09576830892,32052509631.058872,3684.0459195726726,3834679569097.801,2289295036528.6577,444737780081.9074,3834679569097.801,0.5969977400399242,0.115977820849981,0.2870244391100947,62.0,0.0,0.0,0.0,1.0,0.0,2.9392196249335534,August,0,0,0,0,0,0,0,1,0,0,0,0,0
2025-08-08 00:00:00,117463.47451085236,38289687095.00489,3911.2609462690816,3960588629322.4,2337732858703.5435,471838906504.6792,3960588629322.4,0.5902488436683454,0.1191335305594219,0.2906176257722326,74.0,0.0,0.0,0.0,1.0,0.0,2.9392196249335534,August,0,0,0,0,0,0,0,1,0,0,0,0,0
2025-08-09 00:00:00,116688.36663186055,33017415812.97353,4012.97697001236,3966768868395.375,2323026541073.3213,484483868122.1773,3966768868395.375,0.5856218544976695,0.122135643440743,0.2922425020615875,67.0,0.0,0.0,0.0,1.0,0.0,2.9392196249335534,August,0,0,0,0,0,0,0,1,0,0,0,0,0
2025-08-10 00:00:00,116510.08393213755,27638785406.21056,4265.563258333516,4007594477633.4976,2318815857401.68,514414914903.2612,4007594477633.4976,0.5786054128837285,0.1283600218969823,0.2930345652192891,69.0,0.0,0.0,0.0,1.0,0.0,2.9392196249335534,August,0,0,0,0,0,0,0,1,0,0,0,0,0
2025-08-11 00:00:00,119266.92516880557,37157754754.85189,4253.591618951185,4061197457452.968,2374097296837.8896,513073639261.6181,4061197457452.968,0.5845806124203661,0.1263355561104381,0.2890838314691958,70.0,0.0,0.0,0.0,1.0,0.0,2.9392196249335534,August,0,0,0,0,0,0,0,1,0,0,0,0,0
2025-08-12 00:00:00,118773.79960860992,61739781527.95854,4228.824213261163,4022821188354.391,2364060561672.9995,510225780028.6237,4022821188354.391,0.5876623521116686,0.1268328260539318,0.2855048218343995,68.0,0.0,0.0,0.0,1.0,0.0,2.9392196249335534,August,0,0,0,0,0,0,0,1,0,0,0,0,0
2025-08-13 00:00:00,120202.53485503166,46941089789.57991,4606.809427709522,4142601513448.27,2392854421745.616,556502855391.5187,4142601513448.27,0.5776211914125967,0.134336564495746,0.2880422440916572,73.0,0.0,0.0,0.0,1.0,0.0,2.9392196249335534,August,0,0,0,0,0,0,0,1,0,0,0,0,0
2025-08-14 00:00:00,123560.99363577303,61818118105.53991,4763.652535322159,4256926941330.963,2458895200752.567,575091067506.1215,4256926941330.963,0.5776221285075128,0.1350953576211281,0.287282513871359,75.0,0.0,0.0,0.0,1.0,0.0,2.9392196249335534,August,0,0,0,0,0,0,0,1,0,0,0,0,0
2025-08-15 00:00:00,118405.59579823952,73822008367.99681,4554.291501538621,4084314852681.384,2360043737045.272,551514703070.4648,4084314852681.384,0.57783100034413,0.1350323672300609,0.287136632425809,60.0,0.0,0.0,0.0,1.0,0.0,2.9392196249335534,August,0,0,0,0,0,0,0,1,0,0,0,0,0
2025-08-16 00:00:00,117339.79190213275,44268714220.021,4430.532465017841,4043169680651.7886,2335290383260.173,534578587192.1344,4043169680651.7886,0.5775890125105279,0.1322176978498603,0.2901932896396118,56.0,0.0,0.0,0.0,1.0,0.0,2.9392196249335534,August,0,0,0,0,0,0,0,1,0,0,0,0,0
2025-08-17 00:00:00,117501.21653394958,23202714236.542347,4426.826913311333,4054775244483.822,2339465736068.208,534150282399.6513,4054775244483.822,0.576965576390665,0.1317336350828119,0.291300788526523,64.0,0.0,0.0,0.0,1.0,0.0,2.9392196249335534,August,0,0,0,0,0,0,0,1,0,0,0,0,0
2025-08-18 00:00:00,117542.83687778088,20906566026.645443,4487.118013759226,4072858116796.905,2340648324181.828,541923097741.9142,4072858116796.905,0.57469429502804,0.133057200177675,0.292248504794285,60.0,0.0,0.0,0.0,1.0,0.0,2.9392196249335534,August,0,0,0,0,0,0,0,1,0,0,0,0,0
2025-08-19 00:00:00,116256.41276740946,47337926940.98573,4317.275757328232,4003226485169.9614,2313556987528.4634,520793172158.0575,4003226485169.9614,0.5779230818188991,0.1300933569677726,0.2919835612133283,56.0,0.0,0.0,0.0,1.0,0.0,2.9392196249335534,August,0,0,0,0,0,0,0,1,0,0,0,0,0
2025-08-20 00:00:00,112778.34483555844,46156885037.403885,4074.495786100515,3865807912616.678,2245419916215.7417,491872355111.4685,3865807912616.678,0.5808410471941602,0.1272366258825651,0.2919223269232746,44.0,0.0,1.0,0.0,0.0,0.0,2.9392196249335534,August,0,0,0,0,0,0,0,1,0,0,0,0,0
2025-08-21 00:00:00,114252.39755195397,42166369117.006935,4330.491598768078,3964472157733.5327,2274471285844.184,523004794309.381,3964472157733.5327,0.5737135223430316,0.1319229328648835,0.2943635447920848,50.0,0.0,0.0,1.0,0.0,0.0,2.9392196249335534,August,0,0,0,0,0,0,0,1,0,0,0,0,0
2025-08-22 00:00:00,112414.39987336512,32048202090.65466,4224.438592580698,3889146480368.9727,2238121481749.57,509951239220.54224,3889146480368.9727,0.5754788339927053,0.1311216334469772,0.2933995325603175,50.0,0.0,0.0,1.0,0.0,0.0,2.9392196249335534,August,0,0,0,0,0,0,0,1,0,0,0,0,0
2025-08-23 00:00:00,116834.24948202296,50878158870.82928,4829.225541798332,4123879966616.748,2326174803320.612,582817007170.4178,4123879966616.748,0.5640743237318367,0.1413273450945188,0.2945983311736444,60.0,0.0,0.0,0.0,1.0,0.0,2.9392196249335534,August,0,0,0,0,0,0,0,1,0,0,0,0,0
2025-08-24 00:00:00,115359.98346714744,27306719885.257973,4773.884088598777,4080057599873.835,2296786080139.701,576242312916.0488,4080057599873.835,0.5629298175130477,0.141233867123314,0.2958363153636382,53.0,0.0,0.0,1.0,0.0,0.0,2.9392196249335534,August,0,0,0,0,0,0,0,1,0,0,0,0,0
2025-08-25 00:00:00,113399.54847314973,40682656776.69001,4778.10916071381,4034858367893.915,2259663171125.389,577227233251.8729,4034858367893.915,0.5600353135331665,0.1430600979318066,0.2969045885350269,47.0,0.0,0.0,1.0,0.0,0.0,2.9392196249335534,August,0,0,0,0,0,0,0,1,0,0,0,0,0
2025-08-26 00:00:00,110185.35443900424,52854872363.93656,4381.626176071471,3857876763047.904,2194453712375.598,529509245849.7141,3857876763047.904,0.5688242126847713,0.1372540592591083,0.2939217280561202,48.0,0.0,0.0,1.0,0.0,0.0,2.9392196249335534,August,0,0,0,0,0,0,0,1,0,0,0,0,0
2025-08-27 00:00:00,111842.70999260596,43023800053.0546,4602.369685333965,3954229956034.7656,2227025695775.593,555061696726.733,3954229956034.7656,0.5632008559281707,0.1403716280788433,0.296427515992986,51.0,0.0,0.0,1.0,0.0,0.0,2.9392196249335534,August,0,0,0,0,0,0,0,1,0,0,0,0,0
2025-08-28 00:00:00,111216.08479629167,36957904262.99581,4500.1451479982325,3926222219441.025,2215255294289.9937,543608856125.4653,3926222219441.025,0.5642205587144221,0.1384559573408096,0.2973234839447682,48.0,0.0,0.0,1.0,0.0,0.0,2.9392196249335534,August,0,0,0,0,0,0,0,1,0,0,0,0,0
2025-08-29 00:00:00,112525.59740669793,34222495087.20689,4507.560431032719,3977465169295.79,2239422945686.892,543249516158.12427,3977465169295.79,0.5630276697264911,0.1365818412067469,0.300390489066762,50.0,0.0,0.0,1.0,0.0,0.0,2.9392196249335534,August,0,0,0,0,0,0,0,1,0,0,0,0,0
2025-08-30 00:00:00,108480.30666639366,51702115726.38959,4364.358521430426,3841805697336.1553,2160278651486.285,526830870964.3115,3841805697336.1553,0.5623081492601738,0.1371310556724946,0.3005607950673315,39.0,0.0,1.0,0.0,0.0,0.0,2.9392196249335534,August,0,0,0,0,0,0,0,1,0,0,0,0,0
2025-08-31 00:00:00,108781.95727925688,27799981330.792213,4373.360357620914,3855768817024.263,2166165747945.181,527539496668.2519,3855768817024.263,0.5617986582548654,0.136818238256148,0.3013831034889865,48.0,0.0,0.0,1.0,0.0,0.0,2.9392196249335534,August,0,0,0,0,0,0,0,1,0,0,0,0,0
2025-09-01 00:00:00,108253.36092385623,26140904019.246822,4388.931464519364,3837516655218.16,2155694976689.5984,529740073153.04834,3837516655218.16,0.5617421813031971,0.1380424166844255,0.3002154020123773,46.0,0.0,1.0,0.0,0.0,0.0,3.022699626172387,September,0,0,0,0,0,0,0,0,1,0,0,0,0
2025-09-02 00:00:00,109162.68557992298,42999610648.39302,4303.202222745541,3841144032607.453,2174100506466.432,519534784996.7176,3841144032607.453,0.5660033802457036,0.135255220993118,0.2987413987611783,49.0,0.0,0.0,1.0,0.0,0.0,3.022699626172387,September,0,0,0,0,0,0,0,0,1,0,0,0,0
2025-09-03 00:00:00,111190.18209845416,50235464642.84596,4325.856306225941,3920828518925.316,2212595221503.454,521450862214.85895,3920828518925.316,0.5643182839605334,0.1329950697149557,0.3026866463245108,55.0,0.0,0.0,0.0,1.0,0.0,3.022699626172387,September,0,0,0,0,0,0,0,0,1,0,0,0,0
2025-09-04 00:00:00,111711.51977725116,36406080683.42747,4449.8670977283255,3953112579140.743,2225365905592.233,537549763927.1384,3953112579140.743,0.5629401796788552,0.135981395208325,0.3010784251128197,51.0,0.0,0.0,1.0,0.0,0.0,3.022699626172387,September,0,0,0,0,0,0,0,0,1,0,0,0,0
2025-09-05 00:00:00,110724.736377486,38708366685.43147,4298.094660544595,3891389119928.351,2204051936301.3257,519319443328.1493,3891389119928.351,0.5663920693548907,0.1334534859720507,0.3001544446730585,48.0,0.0,0.0,1.0,0.0,0.0,3.022699626172387,September,0,0,0,0,0,0,0,0,1,0,0,0,0
2025-09-06 00:00:00,110662.18112628513,56020470627.40665,4306.613513100346,3902544091833.176,2204045604630.5625,519830732357.0378,3902544091833.176,0.5647714805434106,0.1332030388701779,0.3020254805864114,48.0,0.0,0.0,1.0,0.0,0.0,3.022699626172387,September,0,0,0,0,0,0,0,0,1,0,0,0,0
2025-09-07 00:00:00,110209.1888247784,19340758702.07633,4273.110024157841,3886987596390.521,2195288669199.568,515852185188.91895,3886987596390.521,0.5647789232047269,0.1327125884497141,0.3025084883455589,44.0,0.0,1.0,0.0,0.0,0.0,3.022699626172387,September,0,0,0,0,0,0,0,0,1,0,0,0,0
2025-09-08 00:00:00,111131.9923868407,22147049159.335133,4304.032421076036,3931699576356.412,2213764479139.3647,519663340480.02106,3931699576356.412,0.5630553495114462,0.1321726979357878,0.3047719525527659,51.0,0.0,0.0,1.0,0.0,0.0,3.022699626172387,September,0,0,0,0,0,0,0,0,1,0,0,0,0
2025-09-09 00:00:00,112025.12878118773,37159847899.8603,4309.685702772004,3972196793344.72,2231763512226.867,519912892077.1541,3972196793344.72,0.5618461592754193,0.130887999544295,0.3072658411802856,48.0,0.0,0.0,1.0,0.0,0.0,3.022699626172387,September,0,0,0,0,0,0,0,0,1,0,0,0,0
2025-09-10 00:00:00,111547.43956434788,45338021458.38368,4309.342746120013,3963755604753.596,2222026777598.0474,520461727067.3641,3963755604753.596,0.5605862215453563,0.1313052011691114,0.3081085772855322,49.0,0.0,0.0,1.0,0.0,0.0,3.022699626172387,September,0,0,0,0,0,0,0,0,1,0,0,0,0
2025-09-11 00:00:00,113975.32489468766,52205187155.05567,4347.476803670656,4038335401105.632,2270241314652.7144,524803924739.0028,4038335401105.632,0.5621725511038925,0.1299555070624693,0.3078719418336382,54.0,0.0,0.0,1.0,0.0,0.0,3.022699626172387,September,0,0,0,0,0,0,0,0,1,0,0,0,0
2025-09-12 00:00:00,115503.16663193036,43752917632.95067,4459.31901599882,4099576806409.802,2299764311655.674,538261336997.6129,4099576806409.802,0.5609760275889766,0.1312968051131586,0.3077271672978648,57.0,0.0,0.0,0.0,1.0,0.0,3.022699626172387,September,0,0,0,0,0,0,0,0,1,0,0,0,0
2025-09-13 00:00:00,116160.14344594492,51192951485.8644,4708.841744149995,4169643099842.145,2314347371939.946,567724477218.3574,4169643099842.145,0.5550468748818245,0.1361566118788081,0.3087965132393674,52.0,0.0,0.0,1.0,0.0,0.0,3.022699626172387,September,0,0,0,0,0,0,0,0,1,0,0,0,0
2025-09-14 00:00:00,115970.58488443034,30063858747.76022,4667.699652630318,4172288645905.647,2310166037871.29,563397805739.7904,4172288645905.647,0.5536927652736355,0.1350332763512573,0.3112739583751072,55.0,0.0,0.0,0.0,1.0,0.0,3.022699626172387,September,0,0,0,0,0,0,0,0,1,0,0,0,0
2025-09-15 00:00:00,115373.55555886828,26889399414.610912,4609.786110950785,4131564652492.944,2297459118244.424,556354045428.2224,4131564652492.944,0.5560748315673,0.1346594068405837,0.3092657615921163,53.0,0.0,0.0,1.0,0.0,0.0,3.022699626172387,September,0,0,0,0,0,0,0,0,1,0,0,0,0
2025-09-16 00:00:00,115397.25272727507,46947581231.08198,4524.244939102515,4105069282044.624,2297977599504.5527,545926863107.31946,4105069282044.624,0.5597902109851828,0.1329884651387438,0.3072213238760734,52.0,0.0,0.0,1.0,0.0,0.0,3.022699626172387,September,0,0,0,0,0,0,0,0,1,0,0,0,0
2025-09-17 00:00:00,116762.8496864193,39964451595.09973,4504.266635522813,4146265517599.565,2325326932460.9644,543407922913.0084,4146265517599.565,0.560824414787403,0.1310596054706136,0.3081159797419834,53.0,0.0,0.0,1.0,0.0,0.0,3.022699626172387,September,0,0,0,0,0,0,0,0,1,0,0,0,0
2025-09-18 00:00:00,116455.9464822532,54740952295.37868,4591.768794331328,4176522033880.8057,2321583680138.891,554600592896.1794,4176522033880.8057,0.5558653016327286,0.1327900555527171,0.3113446428145542,52.0,0.0,0.0,1.0,0.0,0.0,3.022699626172387,September,0,0,0,0,0,0,0,0,1,0,0,0,0
2025-09-19 00:00:00,117145.49508952006,43642467075.25838,4590.636737213516,4199099260338.819,2333705338232.097,554210013387.6136,4199099260338.819,0.5557633181654759,0.1319830704223208,0.3122536114122033,53.0,0.0,0.0,1.0,0.0,0.0,3.022699626172387,September,0,0,0,0,0,0,0,0,1,0,0,0,0
2025-09-20 00:00:00,115655.81046441344,34296721252.33001,4470.479474009387,4124829510921.492,2303469041668.8,539242810184.0695,4124829510921.492,0.5584398180748571,0.1307309329406931,0.3108292489844498,48.0,0.0,0.0,1.0,0.0,0.0,3.022699626172387,September,0,0,0,0,0,0,0,0,1,0,0,0,0
2025-09-21 00:00:00,115715.51536781774,18774953731.2904,4481.799472368209,4139330643146.548,2305371926506.302,540941822331.2741,4139330643146.548,0.5569431691385381,0.1306834048705209,0.3123734259909409,49.0,0.0,0.0,1.0,0.0,0.0,3.022699626172387,September,0,0,0,0,0,0,0,0,1,0,0,0,0
2025-09-22 00:00:00,115304.47999407038,18659113982.495464,4452.87113037789,4118717698064.713,2297332085237.645,537406899904.3973,4118717698064.713,0.5577784771015276,0.1304791780599364,0.3117423448385359,45.0,0.0,1.0,0.0,0.0,0.0,3.022699626172387,September,0,0,0,0,0,0,0,0,1,0,0,0,0
2025-09-23 00:00:00,112696.74101711863,69152342029.46799,4199.951774017639,3987818384242.244,2245929069310.853,507148578276.2705,3987818384242.244,0.563197431002771,0.1271744421160839,0.3096281268811451,43.0,0.0,1.0,0.0,0.0,0.0,3.022699626172387,September,0,0,0,0,0,0,0,0,1,0,0,0,0
2025-09-24 00:00:00,112022.16587861197,46154878824.043465,4166.1905498775295,3963624758925.315,2232693472656.6514,503209949445.43353,3963624758925.315,0.5632958739671454,0.1269570103255365,0.309747115707318,44.0,0.0,1.0,0.0,0.0,0.0,3.022699626172387,September,0,0,0,0,0,0,0,0,1,0,0,0,0
2025-09-25 00:00:00,113320.56908541008,46677543220.334526,4148.65682762035,3996058179382.187,2257741194218.8286,500734284408.361,3996058179382.187,0.5649920729051768,0.1253070555859067,0.3097008715089164,44.0,0.0,1.0,0.0,0.0,0.0,3.022699626172387,September,0,0,0,0,0,0,0,0,1,0,0,0,0
2025-09-26 00:00:00,108963.53013595636,74481796351.47305,3863.063287590725,3816973466449.633,2171950311711.4429,466825639887.3833,3816973466449.633,0.5690242100979779,0.1223025635338257,0.3086732263681964,28.0,0.0,1.0,0.0,0.0,0.0,3.022699626172387,September,0,0,0,0,0,0,0,0,1,0,0,0,0
2025-09-27 00:00:00,109710.20874667744,55257214020.568245,4037.097921026092,3879708416753.552,2185866776171.5464,486889364203.27,3879708416753.552,0.5634100662648839,0.1254963806302453,0.3110935531048708,33.0,0.0,1.0,0.0,0.0,0.0,3.022699626172387,September,0,0,0,0,0,0,0,0,1,0,0,0,0
2025-09-28 00:00:00,109654.81021075726,23294896964.31016,4018.167453105732,3876003231323.2695,2185203231301.056,485207355886.1105,3876003231323.2695,0.5637774534452662,0.1251823919972482,0.3110401545574855,37.0,0.0,1.0,0.0,0.0,0.0,3.022699626172387,September,0,0,0,0,0,0,0,0,1,0,0,0,0
2025-09-29 00:00:00,112142.57362752674,31274654338.51212,4141.839664086501,3962712005220.048,2235798877396.134,499628731251.1227,3962712005220.048,0.5642092774975659,0.1260825239363763,0.3097081985660577,50.0,0.0,0.0,1.0,0.0,0.0,3.022699626172387,September,0,0,0,0,0,0,0,0,1,0,0,0,0
2025-09-30 00:00:00,114309.15041119448,57833295882.65785,4215.61278947927,4023175394622.113,2278362523594.313,508909498092.11896,4023175394622.113,0.5663095192518481,0.1264944846233629,0.3071959961247889,50.0,0.0,0.0,1.0,0.0,0.0,3.022699626172387,September,0,0,0,0,0,0,0,0,1,0,0,0,0
2025-10-01 00:00:00,114024.22783550054,57718901820.70616,4144.230463371581,3993635823099.3022,2272137555069.4507,500218841768.296,3993635823099.3022,0.5689395968273679,0.1252539950876382,0.3058064080849938,49.0,0.0,0.0,1.0,0.0,0.0,3.022699626172387,October,0,0,0,0,0,0,0,0,0,1,0,0,0
2025-10-02 00:00:00,118503.24451752484,69920179085.4708,4343.951983440489,4150301068845.112,2359569556068.08,524308225825.147,4150301068845.112,0.5685297324043694,0.1263301666862072,0.3051401009094233,64.0,0.0,0.0,0.0,1.0,0.0,3.022699626172387,October,0,0,0,0,0,0,0,0,0,1,0,0,0
2025-10-03 00:00:00,120611.71911591051,71252850672.75252,4484.006245909478,4245435532609.981,2399524207991.5527,540553843152.3364,4245435532609.981,0.5652009527786632,0.1273258865904903,0.3074731606308464,63.0,0.0,0.0,0.0,1.0,0.0,3.022699626172387,October,0,0,0,0,0,0,0,0,0,1,0,0,0
2025-10-04 00:00:00,122250.15186842805,83155430408.51796,4515.759068159723,4298138827401.871,2436956902844.716,545075315730.448,4298138827401.871,0.5669795696938439,0.1268165914640625,0.3062038388420935,71.0,0.0,0.0,0.0,1.0,0.0,3.022699626172387,October,0,0,0,0,0,0,0,0,0,1,0,0,0
2025-10-05 00:00:00,122380.93708463266,35161626561.80918,4487.706651673285,4276438956951.402,2438832157552.7866,541611848322.7991,4276438956951.402,0.570295094143326,0.1266501997982229,0.3030547060584511,74.0,0.0,0.0,0.0,1.0,0.0,3.022699626172387,October,0,0,0,0,0,0,0,0,0,1,0,0,0
2025-10-06 00:00:00,123506.18520027678,72011486031.26575,4515.321391965295,4304411877897.484,2461221856764.1885,545075062109.9613,4304411877897.484,0.5717905085714955,0.1266317159166019,0.3015777755119025,71.0,0.0,0.0,0.0,1.0,0.0,3.022699626172387,October,0,0,0,0,0,0,0,0,0,1,0,0,0
2025-10-07 00:00:00,124773.50823074432,69605991064.72382,4689.131734746596,4379182728595.05,2486073086655.2866,566339901682.9528,4379182728595.05,0.5677025236745215,0.1293254784699629,0.3029719978555156,70.0,0.0,0.0,0.0,1.0,0.0,3.022699626172387,October,0,0,0,0,0,0,0,0,0,1,0,0,0
2025-10-08 00:00:00,121518.75593575073,76087884719.80028,4454.32846286666,4256736193811.375,2421938444026.2783,537522914209.85065,4256736193811.375,0.5689660654910671,0.126275834286213,0.3047581002227198,60.0,0.0,0.0,0.0,1.0,0.0,3.022699626172387,October,0,0,0,0,0,0,0,0,0,1,0,0,0
2025-10-09 00:00:00,123352.50487523204,62576032795.36722,4527.578004547945,4322028086771.989,2459003621170.118,546454608029.6481,4322028086771.989,0.5689467009009385,0.1264347655912113,0.3046185335078502,70.0,0.0,0.0,0.0,1.0,0.0,3.022699626172387,October,0,0,0,0,0,0,0,0,0,1,0,0,0
2025-10-10 00:00:00,121698.03066778315,72097306668.91356,4368.649439385323,4240722783414.804,2423288659157.484,527213250874.5829,4240722783414.804,0.5714329332336485,0.1243215550274779,0.3042455117388736,64.0,0.0,0.0,0.0,1.0,0.0,3.022699626172387,October,0,0,0,0,0,0,0,0,0,1,0,0,0
2025-10-11 00:00:00,113201.74064138904,151002213089.8765,3835.632842050135,3851023903784.806,2265659827789.992,463578765352.8637,3851023903784.806,0.5883266072597706,0.1203780544953917,0.2912953382448376,27.0,0.0,1.0,0.0,0.0,0.0,3.022699626172387,October,0,0,0,0,0,0,0,0,0,1,0,0,0
2025-10-12 00:00:00,110853.11663883904,108643865752.17674,3749.218185954949,3787494913711.468,2211404015103.109,453043143808.8669,3787494913711.468,0.583869830979151,0.1196155121340922,0.2965146568867567,24.0,1.0,0.0,0.0,0.0,0.0,3.022699626172387,October,0,0,0,0,0,0,0,0,0,1,0,0,0
2025-10-13 00:00:00,115189.5714637257,93857100744.12454,4159.729307791921,4003271283455.68,2294724465036.9785,501175375996.802,4003271283455.68,0.5732123312552878,0.1251914598113821,0.30159620893333,38.0,0.0,1.0,0.0,0.0,0.0,3.022699626172387,October,0,0,0,0,0,0,0,0,0,1,0,0,0
2025-10-14 00:00:00,115222.28302116522,68935270367.04033,4246.217461554773,4040912064717.933,2296863527017.9863,512317800004.7445,4040912064717.933,0.5684022543010506,0.1267827143475604,0.3048150313513889,38.0,0.0,1.0,0.0,0.0,0.0,3.022699626172387,October,0,0,0,0,0,0,0,0,0,1,0,0,0
2025-10-15 00:00:00,113156.56943826911,91211854988.91518,4128.888447033946,3949304357749.339,2257545230986.014,498801738230.5064,3949304357749.339,0.5716311093006167,0.1263011642168717,0.3020677264825115,34.0,0.0,1.0,0.0,0.0,0.0,3.022699626172387,October,0,0,0,0,0,0,0,0,0,1,0,0,0
2025-10-16 00:00:00,110708.66960879424,68877328886.40259,3983.1544356894233,3853454972274.552,2207742082237.0483,480502921991.1765,3853454972274.552,0.5729253612982793,0.1246940538940704,0.3023805848076503,28.0,0.0,1.0,0.0,0.0,0.0,3.022699626172387,October,0,0,0,0,0,0,0,0,0,1,0,0,0
2025-10-17 00:00:00,108076.72862033188,84773160808.27399,3890.1993012479857,3764683902779.253,2154964541836.455,469582926617.416,3764683902779.253,0.5724157983743514,0.1247336931184978,0.3028505085071508,22.0,1.0,0.0,0.0,0.0,0.0,3.022699626172387,October,0,0,0,0,0,0,0,0,0,1,0,0,0
2025-10-18 00:00:00,106443.61194984637,94325236794.78165,3831.244175835675,3697337097454.2383,2123017949517.1423,462727285553.6246,3697337097454.2383,0.5742018900518764,0.1251515004872643,0.3006466094608593,23.0,1.0,0.0,0.0,0.0,0.0,3.022699626172387,October,0,0,0,0,0,0,0,0,0,1,0,0,0
2025-10-19 00:00:00,107156.00337647724,34412835719.61292,3889.499030204316,3736382431527.776,2135575517405.9185,469204461222.8663,3736382431527.776,0.5715623484860192,0.1255772046414993,0.3028604468724815,29.0,0.0,1.0,0.0,0.0,0.0,3.022699626172387,October,0,0,0,0,0,0,0,0,0,1,0,0,0
2025-10-20 00:00:00,108621.134857428,45373692612.3944,3985.07656440468,3788745841500.854,2165367850075.004,480734836101.83966,3788745841500.854,0.5715262888199506,0.1268849524916677,0.3015887586883816,29.0,0.0,1.0,0.0,0.0,0.0,3.022699626172387,October,0,0,0,0,0,0,0,0,0,1,0,0,0
2025-10-21 00:00:00,110608.5714932665,60452111148.14008,3978.790155134436,3836770641046.1353,2205571381112.93,480395580826.9953,3836770641046.1353,0.5748509847102975,0.1252083133893066,0.2999407019003959,34.0,0.0,1.0,0.0,0.0,0.0,3.022699626172387,October,0,0,0,0,0,0,0,0,0,1,0,0,0
2025-10-22 00:00:00,108486.1026271664,105841401713.00195,3877.487197955012,3756548054720.7007,2162410619417.912,467810730089.432,3756548054720.7007,0.575637683298234,0.1245320765966385,0.2998302401051275,25.0,1.0,0.0,0.0,0.0,0.0,3.022699626172387,October,0,0,0,0,0,0,0,0,0,1,0,0,0
2025-10-23 00:00:00,107618.4266715404,83996418125.93103,3801.790795238292,3720987445627.385,2145773248654.6448,458856134706.02246,3720987445627.385,0.5766676937263496,0.1233156900986684,0.3000166161749819,27.0,0.0,1.0,0.0,0.0,0.0,3.022699626172387,October,0,0,0,0,0,0,0,0,0,1,0,0,0
2025-10-24 00:00:00,110048.51827291628,56192643013.57058,3855.842116240121,3790393581961.284,2193901841033.9053,465361564940.0126,3790393581961.284,0.5788058135901293,0.1227739428313452,0.2984202435785255,30.0,0.0,1.0,0.0,0.0,0.0,3.022699626172387,October,0,0,0,0,0,0,0,0,0,1,0,0,0
2025-10-25 00:00:00,110997.80437129698,49120903424.344864,3933.232269901015,3827366886607.14,2213306367536.756,474759372126.45776,3827366886607.14,0.5782843487729481,0.1240433400277754,0.2976723111992764,37.0,0.0,1.0,0.0,0.0,0.0,3.022699626172387,October,0,0,0,0,0,0,0,0,0,1,0,0,0
2025-10-26 00:00:00,111620.3093731354,23214874411.21217,3952.213557935584,3854668625893.04,2224861052775.001,477319399731.4925,3854668625893.04,0.5771860745252909,0.1238289062061484,0.2989850192685606,40.0,0.0,1.0,0.0,0.0,0.0,3.022699626172387,October,0,0,0,0,0,0,0,0,0,1,0,0,0
2025-10-27 00:00:00,114476.01227508576,42483268634.18711,4161.590896249249,3962811608865.944,2283691326423.212,502918445052.51886,3962811608865.944,0.5762805684009658,0.1269095013064326,0.2968099302926016,51.0,0.0,0.0,1.0,0.0,0.0,3.022699626172387,October,0,0,0,0,0,0,0,0,0,1,0,0,0
2025-10-28 00:00:00,114182.79442806762,63764801510.65889,4123.206220671679,3940147836170.5786,2276235094681.6714,497221249584.5864,3940147836170.5786,0.577702966824194,0.1261935516784656,0.2961034814973404,50.0,0.0,0.0,1.0,0.0,0.0,3.022699626172387,October,0,0,0,0,0,0,0,0,0,1,0,0,0
2025-10-29 00:00:00,112950.34863259472,66299512352.17796,3982.312789317544,3883994519826.822,2254003248725.492,481161348044.656,3883994519826.822,0.5803312124204524,0.1238831171332625,0.295785670446285,51.0,0.0,0.0,1.0,0.0,0.0,3.022699626172387,October,0,0,0,0,0,0,0,0,0,1,0,0,0
2025-10-30 00:00:00,110046.66925837284,64235327509.05742,3897.359267616961,3813307330798.706,2194746293754.542,470349941761.8352,3813307330798.706,0.5755492813360121,0.1233443572625234,0.3011063614014644,34.0,0.0,1.0,0.0,0.0,0.0,3.022699626172387,October,0,0,0,0,0,0,0,0,0,1,0,0,0
2025-10-31 00:00:00,108240.76528725718,72648897659.94229,3802.295364533181,3720112469370.491,2157803742876.0747,458793317252.3975,3720112469370.491,0.5800372329176416,0.1233278082396346,0.2966349588427237,29.0,0.0,1.0,0.0,0.0,0.0,3.022699626172387,October,0,0,0,0,0,0,0,0,0,1,0,0,0
2025-11-01 00:00:00,109573.90555629117,58800487940.5146,3847.298177365196,3775788103708.065,2185193896779.3408,464417354244.41925,3775788103708.065,0.578738487637413,0.1229987863429973,0.2982627260195897,33.0,0.0,1.0,0.0,0.0,0.0,3.022699626172387,November,0,0,0,0,0,0,0,0,0,0,1,0,0
2025-11-02 00:00:00,110014.13556776088,24938475577.84992,3872.21189619576,3796969825113.842,2194075979770.0625,467387016348.6048,3796969825113.842,0.5778492010281591,0.1230947407738726,0.2990560581979683,37.0,0.0,1.0,0.0,0.0,0.0,3.022699626172387,November,0,0,0,0,0,0,0,0,0,0,1,0,0
2025-11-03 00:00:00,110650.2092823146,35098774843.7742,3910.094769162728,3813998351560.92,2201849942058.28,471549372393.2109,3813998351560.92,0.5773075232602419,0.1236364908758348,0.2990559858639232,42.0,0.0,1.0,0.0,0.0,0.0,3.022699626172387,November,0,0,0,0,0,0,0,0,0,0,1,0,0
2025-11-04 00:00:00,106521.0867382576,75068433317.86293,3600.71550248779,3619567151699.679,2123664079961.7024,434149656995.1001,3619567151699.679,0.5867176905295073,0.1199451864820995,0.2933371229883931,21.0,1.0,0.0,0.0,0.0,0.0,3.022699626172387,November,0,0,0,0,0,0,0,0,0,0,1,0,0
2025-11-05 00:00:00,101635.2740227234,108965721650.60307,3296.7437604313104,3453041313490.853,2026091188341.184,397489340792.3503,3453041313490.853,0.5867555596353137,0.1151128251027232,0.2981316152619631,23.0,1.0,0.0,0.0,0.0,0.0,3.022699626172387,November,0,0,0,0,0,0,0,0,0,0,1,0,0
2025-11-06 00:00:00,103877.9596595516,77083907216.62631,3427.690591370681,3550795616556.166,2073000557933.8025,413918683595.6081,3550795616556.166,0.5838129765250633,0.1165706867682399,0.2996163367066968,27.0,0.0,1.0,0.0,0.0,0.0,3.022699626172387,November,0,0,0,0,0,0,0,0,0,0,1,0,0
2025-11-07 00:00:00,101322.6402945857,64118217249.57436,3308.918164921951,3461542753137.872,2019147576692.263,399007356776.52936,3461542753137.872,0.5833085767500388,0.1152686490481248,0.3014227742018363,24.0,1.0,0.0,0.0,0.0,0.0,3.022699626172387,November,0,0,0,0,0,0,0,0,0,0,1,0,0
2025-11-08 00:00:00,103396.084215925,93627003785.31018,3434.35122852996,3570125265597.4546,2063021740892.1367,414691375367.5941,3570125265597.4546,0.5778569622673713,0.1161559733950109,0.3059870643376178,20.0,1.0,0.0,0.0,0.0,0.0,3.022699626172387,November,0,0,0,0,0,0,0,0,0,0,1,0,0
2025-11-09 00:00:00,102290.13714655169,51095924202.31797,3401.4594003397083,3533578860367.694,2039995976869.1487,410599145957.8684,3533578860367.694,0.5773172348718638,0.1161992309165961,0.30648353421154,22.0,1.0,0.0,0.0,0.0,0.0,3.022699626172387,November,0,0,0,0,0,0,0,0,0,0,1,0,0
2025-11-10 00:00:00,104709.67861656273,59952468437.71812,3576.2547046627064,3620202923958.1865,2086419359800.0503,431294295578.2351,3620202923958.1865,0.5763266324084513,0.1191353923074221,0.3045379752841266,29.0,0.0,1.0,0.0,0.0,0.0,3.022699626172387,November,0,0,0,0,0,0,0,0,0,0,1,0,0
2025-11-11 00:00:00,105909.07272321742,67546556819.52642,3564.610595799933,3665318245057.6895,2112747067951.9028,430271977432.5128,3665318245057.6895,0.5764157234643208,0.117390073293824,0.3061942032418551,26.0,0.0,1.0,0.0,0.0,0.0,3.022699626172387,November,0,0,0,0,0,0,0,0,0,0,1,0,0
2025-11-12 00:00:00,102960.77564500563,71008299178.73956,3416.781328259322,3548053350411.014,2053215927640.825,411969837331.5966,3548053350411.014,0.5786880085675645,0.1161115114810416,0.3052004799513939,24.0,1.0,0.0,0.0,0.0,0.0,3.022699626172387,November,0,0,0,0,0,0,0,0,0,0,1,0,0
2025-11-13 00:00:00,101521.70859453591,63332414142.58827,3409.6144555411624,3517902820675.7505,2025837265459.757,411695018306.3992,3517902820675.7505,0.5758650448083202,0.1170285364015021,0.3071064187901776,15.0,1.0,0.0,0.0,0.0,0.0,3.022699626172387,November,0,0,0,0,0,0,0,0,0,0,1,0,0
2025-11-14 00:00:00,99730.4533956204,100463341916.4732,3235.7276362968546,3435743387134.6284,1996168972711.9963,392354946592.3496,3435743387134.6284,0.58100060097235,0.1141979776666525,0.3048014213609974,16.0,1.0,0.0,0.0,0.0,0.0,3.022699626172387,November,0,0,0,0,0,0,0,0,0,0,1,0,0
